{"type":"FeatureCollection","metadata":{"source":"OpenStreetMap contributors via Overpass API","license":"ODbL","country":"BG","fetched_at":"2026-07-20T07:35:08.858Z","feature_count":1061},"features":[{"type":"Feature","id":"node/13987820263","geometry":{"type":"Point","coordinates":[28.20457,43.41034]},"properties":{"osm_type":"node","osm_id":13987820263,"iso_country":"BG","golf":"clubhouse","name":"Lighthouse Clubhouse"}},{"type":"Feature","id":"way/136489442","geometry":{"type":"Polygon","coordinates":[[[28.21023,43.41463],[28.23265,43.41419],[28.23273,43.41174],[28.2337,43.41016],[28.23112,43.4101],[28.23072,43.40994],[28.22896,43.40999],[28.2277,43.40983],[28.22634,43.40978],[28.22585,43.40962],[28.22536,43.40966],[28.22332,43.40936],[28.22308,43.40923],[28.22222,43.40916],[28.2221,43.40907],[28.22189,43.40914],[28.21888,43.40911],[28.21786,43.40891],[28.21443,43.40875],[28.21334,43.40881],[28.20995,43.40788],[28.21023,43.41463]]]},"properties":{"osm_type":"way","osm_id":136489442,"iso_country":"BG","leisure":"golf_course","name":"BlackSeaRama Golf Resort"}},{"type":"Feature","id":"way/136489446","geometry":{"type":"Polygon","coordinates":[[[28.19622,43.41594],[28.21027,43.41525],[28.20995,43.40788],[28.20893,43.40721],[28.20757,43.4067],[28.20624,43.40653],[28.20483,43.40655],[28.20418,43.40641],[28.20409,43.40635],[28.20413,43.40622],[28.20347,43.40628],[28.20119,43.40601],[28.20021,43.40577],[28.19949,43.40572],[28.19885,43.40541],[28.19763,43.40513],[28.19619,43.41133],[28.19657,43.41217],[28.19619,43.41531],[28.19622,43.41594]]]},"properties":{"osm_type":"way","osm_id":136489446,"iso_country":"BG","leisure":"golf_course","name":"Light House Golf & Spa Resort"}},{"type":"Feature","id":"way/153711317","geometry":{"type":"Polygon","coordinates":[[[28.27381,43.41364],[28.27323,43.41261],[28.27525,43.41323],[28.27606,43.41331],[28.27689,43.41318],[28.27914,43.41343],[28.28088,43.41302],[28.28227,43.41222],[28.28301,43.41204],[28.28361,43.41231],[28.28429,43.41239],[28.28478,43.41256],[28.2852,43.41254],[28.2859,43.41232],[28.28672,43.41347],[28.28712,43.41381],[28.28824,43.41436],[28.2904,43.41514],[28.29129,43.41512],[28.29345,43.41545],[28.29515,43.41539],[28.29563,43.41558],[28.29614,43.41605],[28.29713,43.41646],[28.29934,43.41688],[28.30111,43.41694],[28.30365,43.41663],[28.30398,43.41668],[28.30471,43.41691],[28.30568,43.4174],[28.30705,43.41771],[28.30845,43.41823],[28.31057,43.41798],[28.31111,43.41763],[28.31204,43.41726],[28.31384,43.41734],[28.31581,43.41702],[28.31629,43.41703],[28.31702,43.41729],[28.31826,43.41751],[28.31928,43.41741],[28.31966,43.41727],[28.31968,43.41715],[28.3203,43.41728],[28.32072,43.41714],[28.32133,43.41725],[28.32251,43.4172],[28.32278,43.4173],[28.3241,43.41731],[28.32458,43.41722],[28.32507,43.41734],[28.32618,43.4174],[28.32627,43.41745],[28.32619,43.41773],[28.32627,43.41787],[28.32618,43.41805],[28.32576,43.41826],[28.32343,43.4186],[28.32269,43.41881],[28.32246,43.41899],[28.32159,43.41915],[28.32154,43.41929],[28.32121,43.4195],[28.32028,43.41953],[28.31868,43.41994],[28.31703,43.41992],[28.31643,43.42004],[28.31462,43.41996],[28.31412,43.41981],[28.31279,43.41972],[28.31244,43.41955],[28.3108,43.41954],[28.3102,43.41939],[28.30897,43.41991],[28.30876,43.42013],[28.30809,43.42018],[28.30647,43.42053],[28.30411,43.42078],[28.30357,43.42068],[28.30232,43.42074],[28.30117,43.42042],[28.29852,43.42022],[28.29724,43.4203],[28.29556,43.41972],[28.29487,43.41968],[28.29321,43.41898],[28.29245,43.41882],[28.29077,43.41881],[28.29021,43.41866],[28.28811,43.4189],[28.28755,43.41887],[28.28727,43.41867],[28.2866,43.41871],[28.28595,43.41854],[28.2853,43.41857],[28.28262,43.41826],[28.28088,43.41771],[28.27998,43.41764],[28.27938,43.41735],[28.27884,43.41693],[28.27728,43.41658],[28.27636,43.41625],[28.27491,43.41604],[28.27498,43.41583],[28.27426,43.4154],[28.27351,43.41463],[28.27381,43.41364]]]},"properties":{"osm_type":"way","osm_id":153711317,"iso_country":"BG","leisure":"golf_course","name":"Thracian Cliffs Golf And Beach Resort"}},{"type":"Feature","id":"way/153714084","geometry":{"type":"Polygon","coordinates":[[[28.19775,43.41515],[28.19809,43.41528],[28.19819,43.41549],[28.19863,43.41556],[28.19933,43.41549],[28.19932,43.41542],[28.19854,43.41513],[28.19804,43.41508],[28.19762,43.41453],[28.19745,43.41446],[28.19727,43.41446],[28.19719,43.4146],[28.1976,43.41488],[28.19775,43.41515]]]},"properties":{"osm_type":"way","osm_id":153714084,"iso_country":"BG","golf":"water_hazard"}},{"type":"Feature","id":"way/153714087","geometry":{"type":"Polygon","coordinates":[[[28.19991,43.41492],[28.20008,43.41491],[28.20022,43.41475],[28.19996,43.41451],[28.19913,43.41429],[28.19883,43.41445],[28.19886,43.41452],[28.19928,43.41456],[28.19991,43.41492]]]},"properties":{"osm_type":"way","osm_id":153714087,"iso_country":"BG","golf":"water_hazard"}},{"type":"Feature","id":"way/153718552","geometry":{"type":"Polygon","coordinates":[[[28.20655,43.41361],[28.20632,43.41341],[28.20644,43.41326],[28.20639,43.41296],[28.20625,43.41285],[28.20601,43.41283],[28.20592,43.41266],[28.20616,43.41216],[28.20633,43.41205],[28.20661,43.41214],[28.20669,43.41266],[28.20671,43.41353],[28.20655,43.41361]]]},"properties":{"osm_type":"way","osm_id":153718552,"iso_country":"BG","golf":"water_hazard"}},{"type":"Feature","id":"way/153718555","geometry":{"type":"Polygon","coordinates":[[[28.20109,43.41143],[28.20101,43.4117],[28.20106,43.41188],[28.20121,43.41198],[28.20133,43.41191],[28.20172,43.4113],[28.20164,43.41104],[28.2014,43.41097],[28.20109,43.41143]]]},"properties":{"osm_type":"way","osm_id":153718555,"iso_country":"BG","golf":"water_hazard"}},{"type":"Feature","id":"way/153718563","geometry":{"type":"Polygon","coordinates":[[[28.1997,43.41352],[28.19924,43.41344],[28.19904,43.41322],[28.19915,43.41281],[28.19904,43.41244],[28.19918,43.4124],[28.19947,43.41254],[28.19972,43.41313],[28.20015,43.41333],[28.20022,43.41379],[28.20011,43.41394],[28.19981,43.41383],[28.1998,43.41359],[28.1997,43.41352]]]},"properties":{"osm_type":"way","osm_id":153718563,"iso_country":"BG","golf":"water_hazard"}},{"type":"Feature","id":"way/153841057","geometry":{"type":"Polygon","coordinates":[[[28.22422,43.41094],[28.22395,43.41071],[28.22393,43.41061],[28.22402,43.41054],[28.22435,43.41066],[28.22485,43.41066],[28.22539,43.41087],[28.22422,43.41094]]]},"properties":{"osm_type":"way","osm_id":153841057,"iso_country":"BG","golf":"water_hazard"}},{"type":"Feature","id":"way/153841060","geometry":{"type":"Polygon","coordinates":[[[28.22588,43.41249],[28.22571,43.41234],[28.22535,43.41236],[28.22527,43.41252],[28.22539,43.41275],[28.22533,43.41279],[28.2251,43.41265],[28.22485,43.41271],[28.22479,43.41235],[28.22513,43.41239],[28.22536,43.41217],[28.22581,43.41213],[28.22616,43.41198],[28.22625,43.41207],[28.22614,43.41214],[28.22618,43.4122],[28.22712,43.41232],[28.22757,43.41224],[28.22789,43.41234],[28.22769,43.4125],[28.22752,43.41242],[28.22679,43.41253],[28.22622,43.41242],[28.22588,43.41249]]]},"properties":{"osm_type":"way","osm_id":153841060,"iso_country":"BG","golf":"water_hazard"}},{"type":"Feature","id":"way/153841063","geometry":{"type":"Polygon","coordinates":[[[28.23153,43.41317],[28.23124,43.41247],[28.23106,43.41243],[28.2307,43.41254],[28.23049,43.41286],[28.22993,43.413],[28.22966,43.41337],[28.22973,43.41351],[28.22991,43.41356],[28.23044,43.41331],[28.23101,43.41327],[28.23133,43.41335],[28.23162,43.41359],[28.23188,43.41362],[28.23197,43.4134],[28.23153,43.41317]]]},"properties":{"osm_type":"way","osm_id":153841063,"iso_country":"BG","golf":"water_hazard"}},{"type":"Feature","id":"way/153847158","geometry":{"type":"Polygon","coordinates":[[[28.21069,43.41274],[28.21076,43.41259],[28.2113,43.41259],[28.21157,43.4125],[28.21146,43.41226],[28.21155,43.41221],[28.2125,43.41218],[28.21265,43.41203],[28.21288,43.41206],[28.21197,43.41244],[28.21196,43.41263],[28.21165,43.41279],[28.21114,43.41273],[28.21079,43.41284],[28.21069,43.41274]]]},"properties":{"osm_type":"way","osm_id":153847158,"iso_country":"BG","golf":"water_hazard"}},{"type":"Feature","id":"way/157540097","geometry":{"type":"Polygon","coordinates":[[[23.52942,42.68332],[23.52607,42.68046],[23.52544,42.68012],[23.52454,42.67982],[23.52451,42.6797],[23.52546,42.67877],[23.52656,42.67905],[23.5287,42.67877],[23.52916,42.67791],[23.52934,42.67709],[23.52951,42.67556],[23.52967,42.6752],[23.52973,42.67413],[23.53368,42.67013],[23.53954,42.67108],[23.53085,42.6806],[23.53195,42.68227],[23.52942,42.68332]]]},"properties":{"osm_type":"way","osm_id":157540097,"iso_country":"BG","leisure":"golf_course","name":"Голф клуб \"Св. София\""}},{"type":"Feature","id":"way/217891109","geometry":{"type":"Polygon","coordinates":[[[28.19933,43.41389],[28.19959,43.41379],[28.19922,43.41369],[28.19919,43.41381],[28.19933,43.41389]]]},"properties":{"osm_type":"way","osm_id":217891109,"iso_country":"BG","leisure":"pitch","golf":"green"}},{"type":"Feature","id":"way/217891110","geometry":{"type":"Polygon","coordinates":[[[28.19932,43.41354],[28.19975,43.41368],[28.19951,43.41369],[28.19955,43.41362],[28.19946,43.41361],[28.1994,43.41368],[28.19922,43.41358],[28.19932,43.41354]]]},"properties":{"osm_type":"way","osm_id":217891110,"iso_country":"BG","golf":"bunker"}},{"type":"Feature","id":"way/217891419","geometry":{"type":"Polygon","coordinates":[[[28.19794,43.41396],[28.19782,43.41396],[28.19784,43.41382],[28.19817,43.41384],[28.19814,43.41394],[28.19794,43.41396]]]},"properties":{"osm_type":"way","osm_id":217891419,"iso_country":"BG","leisure":"pitch","golf":"green"}},{"type":"Feature","id":"way/217891420","geometry":{"type":"Polygon","coordinates":[[[28.20101,43.41487],[28.2008,43.41478],[28.20084,43.41464],[28.20115,43.41477],[28.20101,43.41487]]]},"properties":{"osm_type":"way","osm_id":217891420,"iso_country":"BG","leisure":"pitch","golf":"green"}},{"type":"Feature","id":"way/217893250","geometry":{"type":"Polygon","coordinates":[[[28.19812,43.41408],[28.19814,43.41408],[28.19815,43.41408],[28.19816,43.41406],[28.19814,43.41403],[28.19811,43.41402],[28.19809,43.41402],[28.19808,43.41403],[28.19808,43.41404],[28.1981,43.41406],[28.19812,43.41408]]]},"properties":{"osm_type":"way","osm_id":217893250,"iso_country":"BG","golf":"bunker"}},{"type":"Feature","id":"way/217893253","geometry":{"type":"Polygon","coordinates":[[[28.19787,43.41399],[28.19821,43.41405],[28.19835,43.41467],[28.19937,43.41503],[28.19952,43.415],[28.19952,43.41487],[28.19931,43.41475],[28.19872,43.41458],[28.19867,43.41441],[28.19884,43.41423],[28.19877,43.4141],[28.1985,43.41408],[28.19809,43.41374],[28.19777,43.41383],[28.19776,43.41397],[28.19787,43.41399]]]},"properties":{"osm_type":"way","osm_id":217893253,"iso_country":"BG","golf":"fairway"}},{"type":"Feature","id":"way/217893255","geometry":{"type":"Polygon","coordinates":[[[28.19793,43.41407],[28.198,43.41405],[28.19801,43.41403],[28.198,43.41402],[28.19798,43.41402],[28.19791,43.41403],[28.19791,43.41405],[28.19791,43.41406],[28.19793,43.41407]]]},"properties":{"osm_type":"way","osm_id":217893255,"iso_country":"BG","golf":"bunker"}},{"type":"Feature","id":"way/217894073","geometry":{"type":"Polygon","coordinates":[[[28.20567,43.41489],[28.20567,43.41484],[28.20581,43.41484],[28.20581,43.4149],[28.20567,43.41489]]]},"properties":{"osm_type":"way","osm_id":217894073,"iso_country":"BG","golf":"tee"}},{"type":"Feature","id":"way/217894074","geometry":{"type":"Polygon","coordinates":[[[28.20023,43.41533],[28.20025,43.41529],[28.20038,43.41533],[28.20036,43.41537],[28.20023,43.41533]]]},"properties":{"osm_type":"way","osm_id":217894074,"iso_country":"BG","golf":"tee"}},{"type":"Feature","id":"way/217894075","geometry":{"type":"Polygon","coordinates":[[[28.2005,43.41309],[28.20046,43.41309],[28.20043,43.41312],[28.20043,43.41315],[28.20046,43.41318],[28.20049,43.41319],[28.20052,43.4132],[28.20055,43.41318],[28.20056,43.41317],[28.20054,43.41314],[28.20053,43.41312],[28.20052,43.4131],[28.2005,43.41309]]]},"properties":{"osm_type":"way","osm_id":217894075,"iso_country":"BG","golf":"bunker"}},{"type":"Feature","id":"way/217894076","geometry":{"type":"Polygon","coordinates":[[[28.20594,43.41497],[28.20594,43.41491],[28.20607,43.41491],[28.20607,43.41497],[28.20594,43.41497]]]},"properties":{"osm_type":"way","osm_id":217894076,"iso_country":"BG","golf":"tee"}},{"type":"Feature","id":"way/217894077","geometry":{"type":"Polygon","coordinates":[[[28.20023,43.41314],[28.19994,43.41298],[28.20022,43.41294],[28.20032,43.41307],[28.20023,43.41314]]]},"properties":{"osm_type":"way","osm_id":217894077,"iso_country":"BG","leisure":"pitch","golf":"green"}},{"type":"Feature","id":"way/217894078","geometry":{"type":"Polygon","coordinates":[[[28.20622,43.41505],[28.20623,43.41499],[28.20639,43.415],[28.20639,43.41505],[28.20622,43.41505]]]},"properties":{"osm_type":"way","osm_id":217894078,"iso_country":"BG","golf":"tee"}},{"type":"Feature","id":"way/217894079","geometry":{"type":"Polygon","coordinates":[[[28.20054,43.41538],[28.20057,43.41532],[28.2008,43.41539],[28.20076,43.41546],[28.20054,43.41538]]]},"properties":{"osm_type":"way","osm_id":217894079,"iso_country":"BG","golf":"tee"}},{"type":"Feature","id":"way/217894080","geometry":{"type":"Polygon","coordinates":[[[28.2004,43.41365],[28.20025,43.41346],[28.20033,43.41324],[28.19993,43.41308],[28.19994,43.41289],[28.20026,43.4129],[28.20038,43.41316],[28.20058,43.41326],[28.2004,43.41365]]]},"properties":{"osm_type":"way","osm_id":217894080,"iso_country":"BG","golf":"fairway"}},{"type":"Feature","id":"way/217894081","geometry":{"type":"Polygon","coordinates":[[[28.20097,43.41544],[28.20099,43.41539],[28.20113,43.41543],[28.2011,43.41548],[28.20097,43.41544]]]},"properties":{"osm_type":"way","osm_id":217894081,"iso_country":"BG","golf":"tee"}},{"type":"Feature","id":"way/217894082","geometry":{"type":"Polygon","coordinates":[[[28.20667,43.41508],[28.20668,43.41503],[28.20681,43.41503],[28.2068,43.41509],[28.20667,43.41508]]]},"properties":{"osm_type":"way","osm_id":217894082,"iso_country":"BG","golf":"tee"}},{"type":"Feature","id":"way/217894083","geometry":{"type":"Polygon","coordinates":[[[28.20052,43.41301],[28.20049,43.41296],[28.20046,43.41297],[28.20042,43.41297],[28.20039,43.41299],[28.20038,43.41304],[28.20038,43.41307],[28.20041,43.41308],[28.20045,43.41307],[28.20051,43.41303],[28.20052,43.41301]]]},"properties":{"osm_type":"way","osm_id":217894083,"iso_country":"BG","golf":"bunker"}},{"type":"Feature","id":"way/217895036","geometry":{"type":"Polygon","coordinates":[[[28.20026,43.41434],[28.20025,43.41425],[28.20038,43.41424],[28.20039,43.41433],[28.20026,43.41434]]]},"properties":{"osm_type":"way","osm_id":217895036,"iso_country":"BG","golf":"tee"}},{"type":"Feature","id":"way/230038940","geometry":{"type":"Polygon","coordinates":[[[23.40676,41.85486],[23.40748,41.85441],[23.40949,41.85374],[23.41147,41.85343],[23.41238,41.85361],[23.41258,41.85352],[23.41258,41.85332],[23.41268,41.85323],[23.41311,41.85308],[23.414,41.85312],[23.41517,41.85363],[23.41679,41.85389],[23.41732,41.85378],[23.41739,41.85358],[23.41927,41.85302],[23.41997,41.85299],[23.42098,41.85317],[23.42165,41.85301],[23.42234,41.85327],[23.42303,41.85303],[23.42359,41.85257],[23.42419,41.85242],[23.42662,41.85138],[23.42963,41.85072],[23.43018,41.8508],[23.4305,41.85063],[23.43079,41.85082],[23.43162,41.85087],[23.43195,41.8508],[23.43758,41.84871],[23.43866,41.85016],[23.4393,41.85124],[23.43932,41.85149],[23.43906,41.85188],[23.43892,41.85183],[23.43628,41.85294],[23.43445,41.85295],[23.4316,41.85195],[23.43066,41.85201],[23.42875,41.85237],[23.42627,41.85308],[23.42613,41.85321],[23.42389,41.85399],[23.4236,41.85377],[23.42251,41.85446],[23.42136,41.85479],[23.41868,41.85489],[23.41814,41.85504],[23.41521,41.85651],[23.41505,41.85636],[23.41271,41.85711],[23.4117,41.85626],[23.41044,41.85641],[23.41013,41.85586],[23.40939,41.856],[23.4091,41.85621],[23.40782,41.85574],[23.40676,41.85486]]]},"properties":{"osm_type":"way","osm_id":230038940,"iso_country":"BG","leisure":"golf_course","name":"Пирин Голф & Кънтри Клуб"}},{"type":"Feature","id":"way/243794012","geometry":{"type":"Polygon","coordinates":[[[23.80936,42.43685],[23.80631,42.43457],[23.80642,42.4343],[23.80717,42.4337],[23.80752,42.43311],[23.80727,42.43275],[23.81012,42.43161],[23.81158,42.43282],[23.81198,42.43263],[23.81236,42.43257],[23.81282,42.43154],[23.81288,42.43083],[23.81314,42.4302],[23.81417,42.42945],[23.81579,42.43041],[23.81445,42.43159],[23.81485,42.43181],[23.81429,42.43237],[23.81521,42.43275],[23.81451,42.4337],[23.8147,42.434],[23.81504,42.43418],[23.81388,42.4357],[23.81246,42.43622],[23.81224,42.43621],[23.81221,42.43634],[23.81129,42.43663],[23.81118,42.43639],[23.81104,42.43634],[23.81088,42.43633],[23.81057,42.43655],[23.81022,42.43638],[23.80936,42.43685]]]},"properties":{"osm_type":"way","osm_id":243794012,"iso_country":"BG","leisure":"golf_course","name":"Air Sofia Golf Club Ihtiman"}},{"type":"Feature","id":"way/243795103","geometry":{"type":"Polygon","coordinates":[[[23.89198,42.90985],[23.89232,42.91036],[23.89226,42.91046],[23.89174,42.91041],[23.89062,42.91059],[23.8903,42.91022],[23.88825,42.91006],[23.88654,42.9092],[23.88528,42.90871],[23.88551,42.90821],[23.88438,42.90789],[23.88465,42.90723],[23.88394,42.90702],[23.88415,42.90656],[23.88445,42.90655],[23.88463,42.90632],[23.88661,42.905],[23.89218,42.90272],[23.89608,42.90047],[23.90081,42.89928],[23.90214,42.90211],[23.90231,42.90306],[23.89912,42.90366],[23.89732,42.90415],[23.89416,42.90455],[23.89242,42.90528],[23.892,42.90588],[23.89157,42.90627],[23.89081,42.90668],[23.88856,42.90746],[23.88848,42.90835],[23.88864,42.9087],[23.889,42.90874],[23.88912,42.90853],[23.8893,42.90848],[23.88941,42.90869],[23.8905,42.90944],[23.89198,42.90985]]]},"properties":{"osm_type":"way","osm_id":243795103,"iso_country":"BG","leisure":"golf_course","name":"Правец голф клуб"}},{"type":"Feature","id":"way/243798070","geometry":{"type":"Polygon","coordinates":[[[23.89925,42.90023],[23.89868,42.90002],[23.89862,42.9001],[23.89854,42.90007],[23.89846,42.9002],[23.89917,42.90045],[23.89926,42.90034],[23.89919,42.90031],[23.89925,42.90023]]]},"properties":{"osm_type":"way","osm_id":243798070,"iso_country":"BG","golf":"clubhouse","building":"yes","name":"Правец голф клуб"}},{"type":"Feature","id":"way/386760268","geometry":{"type":"Polygon","coordinates":[[[23.79299,42.29068],[23.79319,42.29071],[23.79441,42.29007],[23.7949,42.28999],[23.7951,42.28978],[23.79502,42.28969],[23.79481,42.2897],[23.79401,42.28995],[23.79361,42.28992],[23.79307,42.29007],[23.79264,42.29048],[23.79299,42.29068]]]},"properties":{"osm_type":"way","osm_id":386760268,"iso_country":"BG","golf":"water_hazard"}},{"type":"Feature","id":"way/439759276","geometry":{"type":"Polygon","coordinates":[[[23.79117,42.28256],[23.7907,42.28243],[23.79051,42.28288],[23.79053,42.28301],[23.79092,42.28312],[23.79117,42.28256]]]},"properties":{"osm_type":"way","osm_id":439759276,"iso_country":"BG","golf":"water_hazard"}},{"type":"Feature","id":"way/439759857","geometry":{"type":"Polygon","coordinates":[[[23.78582,42.28503],[23.78582,42.28486],[23.78577,42.28481],[23.78546,42.28479],[23.78521,42.28487],[23.78519,42.28507],[23.78538,42.2852],[23.78582,42.28503]]]},"properties":{"osm_type":"way","osm_id":439759857,"iso_country":"BG","golf":"water_hazard"}},{"type":"Feature","id":"way/497616840","geometry":{"type":"LineString","coordinates":[[28.28485,43.41644],[28.28503,43.41641],[28.28552,43.41656],[28.28636,43.41675],[28.28669,43.41672],[28.28716,43.41662],[28.28751,43.41663],[28.28766,43.41673],[28.28773,43.41695],[28.2879,43.41711],[28.28814,43.41723],[28.28842,43.41737],[28.28926,43.41752],[28.28958,43.41764]]},"properties":{"osm_type":"way","osm_id":497616840,"iso_country":"BG","golf":"cartpath"}},{"type":"Feature","id":"way/497616859","geometry":{"type":"LineString","coordinates":[[28.29234,43.41794],[28.29287,43.41784],[28.29387,43.41787],[28.29445,43.41802],[28.29504,43.41794],[28.29569,43.41738],[28.29618,43.41734],[28.2963,43.41725],[28.29623,43.41712],[28.29545,43.41686],[28.29543,43.41676],[28.29589,43.41665],[28.29628,43.41676],[28.29766,43.41683]]},"properties":{"osm_type":"way","osm_id":497616859,"iso_country":"BG","golf":"cartpath"}},{"type":"Feature","id":"way/497616860","geometry":{"type":"LineString","coordinates":[[28.29445,43.41802],[28.29548,43.41825],[28.2964,43.41866],[28.29714,43.4187],[28.29848,43.41896],[28.29974,43.41886],[28.30032,43.41926]]},"properties":{"osm_type":"way","osm_id":497616860,"iso_country":"BG","golf":"cartpath"}},{"type":"Feature","id":"way/497616861","geometry":{"type":"LineString","coordinates":[[28.29974,43.41886],[28.30128,43.41901],[28.30232,43.41893],[28.30315,43.41929],[28.30388,43.41928],[28.30412,43.41952]]},"properties":{"osm_type":"way","osm_id":497616861,"iso_country":"BG","golf":"cartpath"}},{"type":"Feature","id":"way/497616862","geometry":{"type":"LineString","coordinates":[[28.30258,43.41899],[28.30323,43.41913],[28.30438,43.41898],[28.30492,43.41912],[28.3052,43.41908],[28.30598,43.41922],[28.30697,43.4192],[28.30707,43.41931]]},"properties":{"osm_type":"way","osm_id":497616862,"iso_country":"BG","golf":"cartpath"}},{"type":"Feature","id":"way/579389999","geometry":{"type":"Polygon","coordinates":[[[23.53718,42.67149],[23.53717,42.67132],[23.53755,42.67119],[23.53778,42.67123],[23.53751,42.67167],[23.53718,42.67149]]]},"properties":{"osm_type":"way","osm_id":579389999,"iso_country":"BG","golf":"clubhouse","building":"yes"}},{"type":"Feature","id":"way/579390003","geometry":{"type":"Polygon","coordinates":[[[23.53413,42.67003],[23.53643,42.67043],[23.53685,42.67045],[23.53683,42.67052],[23.53743,42.67061],[23.53757,42.66828],[23.53643,42.66849],[23.53553,42.66888],[23.53457,42.66945],[23.53406,42.66992],[23.53413,42.67003]]]},"properties":{"osm_type":"way","osm_id":579390003,"iso_country":"BG","golf":"driving_range"}},{"type":"Feature","id":"way/588487874","geometry":{"type":"Polygon","coordinates":[[[23.89527,42.90342],[23.89471,42.90351],[23.89449,42.90337],[23.89471,42.90314],[23.89509,42.90317],[23.89543,42.90333],[23.89544,42.90352],[23.89552,42.90355],[23.89568,42.90322],[23.89549,42.9032],[23.89539,42.90288],[23.89522,42.90279],[23.89436,42.90278],[23.89391,42.90319],[23.89412,42.90379],[23.89428,42.90397],[23.8945,42.90394],[23.89468,42.90373],[23.89535,42.9037],[23.89539,42.90362],[23.89527,42.90342]]]},"properties":{"osm_type":"way","osm_id":588487874,"iso_country":"BG","golf":"water_hazard"}},{"type":"Feature","id":"way/598320999","geometry":{"type":"Polygon","coordinates":[[[27.70233,42.70406],[27.70378,42.70407],[27.70382,42.70331],[27.70237,42.7033],[27.70233,42.70406]]]},"properties":{"osm_type":"way","osm_id":598320999,"iso_country":"BG","leisure":"golf_course"}},{"type":"Feature","id":"way/678502821","geometry":{"type":"LineString","coordinates":[[28.30863,43.41891],[28.30886,43.41891],[28.30905,43.41886],[28.30928,43.41878],[28.30939,43.41874],[28.30951,43.41871],[28.30974,43.41871],[28.30997,43.41872],[28.31026,43.41876],[28.31053,43.41879],[28.3107,43.4188],[28.31082,43.41878],[28.31099,43.41874]]},"properties":{"osm_type":"way","osm_id":678502821,"iso_country":"BG","golf":"cartpath"}},{"type":"Feature","id":"way/687472193","geometry":{"type":"LineString","coordinates":[[28.28155,43.41365],[28.28235,43.4132],[28.28335,43.4129],[28.28372,43.41321],[28.2843,43.41332],[28.28478,43.41368],[28.28546,43.41381],[28.2856,43.41402],[28.28622,43.4141],[28.28711,43.41441],[28.28728,43.41457],[28.28769,43.41455],[28.28834,43.41494],[28.28868,43.41544],[28.28895,43.41559],[28.28941,43.41557]]},"properties":{"osm_type":"way","osm_id":687472193,"iso_country":"BG","golf":"cartpath"}},{"type":"Feature","id":"way/687472194","geometry":{"type":"LineString","coordinates":[[28.28155,43.41365],[28.28173,43.4138],[28.28149,43.41474],[28.28221,43.41502],[28.2829,43.41513]]},"properties":{"osm_type":"way","osm_id":687472194,"iso_country":"BG","golf":"cartpath"}},{"type":"Feature","id":"way/687472195","geometry":{"type":"LineString","coordinates":[[28.28478,43.41566],[28.28636,43.41612],[28.2875,43.41609],[28.2876,43.41617],[28.28818,43.41601],[28.28849,43.41611]]},"properties":{"osm_type":"way","osm_id":687472195,"iso_country":"BG","golf":"cartpath"}},{"type":"Feature","id":"way/687472196","geometry":{"type":"LineString","coordinates":[[28.28766,43.41673],[28.28794,43.41664],[28.28811,43.41622],[28.28849,43.41611],[28.28896,43.41635],[28.28978,43.41634],[28.2904,43.41665],[28.29061,43.41663],[28.29084,43.41612],[28.29106,43.41607],[28.29212,43.4163],[28.29221,43.41659],[28.29248,43.41672],[28.29298,43.41658],[28.29364,43.41667],[28.29391,43.4166],[28.29431,43.41676],[28.29489,43.41674],[28.29511,43.41687],[28.29542,43.41681]]},"properties":{"osm_type":"way","osm_id":687472196,"iso_country":"BG","golf":"cartpath"}},{"type":"Feature","id":"way/687472197","geometry":{"type":"LineString","coordinates":[[28.29623,43.41712],[28.2968,43.41711],[28.29762,43.41754],[28.29831,43.41759],[28.29852,43.41769],[28.2996,43.41754]]},"properties":{"osm_type":"way","osm_id":687472197,"iso_country":"BG","golf":"cartpath"}},{"type":"Feature","id":"way/718444680","geometry":{"type":"LineString","coordinates":[[23.88479,42.90616],[23.88438,42.90659],[23.88458,42.90679],[23.88444,42.90715],[23.88468,42.90724],[23.88518,42.90799],[23.88628,42.90868],[23.8867,42.90915],[23.88725,42.90946]]},"properties":{"osm_type":"way","osm_id":718444680,"iso_country":"BG","golf":"cartpath"}},{"type":"Feature","id":"way/847998466","geometry":{"type":"Polygon","coordinates":[[[28.28844,43.4151],[28.28847,43.41505],[28.28866,43.41512],[28.28863,43.41516],[28.28844,43.4151]]]},"properties":{"osm_type":"way","osm_id":847998466,"iso_country":"BG","golf":"tee"}},{"type":"Feature","id":"way/847998467","geometry":{"type":"Polygon","coordinates":[[[28.28902,43.41543],[28.28893,43.41542],[28.28891,43.41549],[28.289,43.4155],[28.28902,43.41543]]]},"properties":{"osm_type":"way","osm_id":847998467,"iso_country":"BG","golf":"tee"}},{"type":"Feature","id":"way/847998468","geometry":{"type":"Polygon","coordinates":[[[28.28806,43.4156],[28.28787,43.41557],[28.28807,43.41537],[28.28834,43.41543],[28.28831,43.41561],[28.28806,43.4156]]]},"properties":{"osm_type":"way","osm_id":847998468,"iso_country":"BG","golf":"green"}},{"type":"Feature","id":"way/847998469","geometry":{"type":"Polygon","coordinates":[[[28.28764,43.41488],[28.2876,43.41498],[28.28737,43.41493],[28.2874,43.41484],[28.28764,43.41488]]]},"properties":{"osm_type":"way","osm_id":847998469,"iso_country":"BG","golf":"bunker"}},{"type":"Feature","id":"way/847998470","geometry":{"type":"Polygon","coordinates":[[[28.28152,43.41472],[28.28168,43.41481],[28.28174,43.41476],[28.28158,43.41467],[28.28152,43.41472]]]},"properties":{"osm_type":"way","osm_id":847998470,"iso_country":"BG","golf":"tee"}},{"type":"Feature","id":"way/847998471","geometry":{"type":"Polygon","coordinates":[[[28.28159,43.41456],[28.28182,43.41469],[28.28188,43.41463],[28.28164,43.41451],[28.28159,43.41456]]]},"properties":{"osm_type":"way","osm_id":847998471,"iso_country":"BG","golf":"tee"}},{"type":"Feature","id":"way/847998472","geometry":{"type":"Polygon","coordinates":[[[28.28176,43.41426],[28.28184,43.4142],[28.28174,43.41414],[28.28167,43.41419],[28.28176,43.41426]]]},"properties":{"osm_type":"way","osm_id":847998472,"iso_country":"BG","golf":"tee"}},{"type":"Feature","id":"way/847998473","geometry":{"type":"Polygon","coordinates":[[[28.28207,43.41372],[28.28189,43.4138],[28.28183,43.41373],[28.28201,43.41365],[28.28207,43.41372]]]},"properties":{"osm_type":"way","osm_id":847998473,"iso_country":"BG","golf":"tee"}},{"type":"Feature","id":"way/847998474","geometry":{"type":"Polygon","coordinates":[[[28.28191,43.41459],[28.28197,43.41453],[28.28181,43.41444],[28.28188,43.41437],[28.28178,43.41431],[28.28164,43.41444],[28.28191,43.41459]]]},"properties":{"osm_type":"way","osm_id":847998474,"iso_country":"BG","golf":"tee"}},{"type":"Feature","id":"way/847998475","geometry":{"type":"Polygon","coordinates":[[[28.28837,43.41486],[28.28819,43.41478],[28.28823,43.41474],[28.2884,43.41481],[28.28837,43.41486]]]},"properties":{"osm_type":"way","osm_id":847998475,"iso_country":"BG","golf":"tee"}},{"type":"Feature","id":"way/847998476","geometry":{"type":"Polygon","coordinates":[[[28.28858,43.41487],[28.28863,43.41482],[28.2885,43.41475],[28.28845,43.4148],[28.28858,43.41487]]]},"properties":{"osm_type":"way","osm_id":847998476,"iso_country":"BG","golf":"tee"}},{"type":"Feature","id":"way/847998477","geometry":{"type":"Polygon","coordinates":[[[28.28794,43.41463],[28.28786,43.41459],[28.28796,43.41449],[28.28803,43.41452],[28.28794,43.41463]]]},"properties":{"osm_type":"way","osm_id":847998477,"iso_country":"BG","golf":"tee"}},{"type":"Feature","id":"way/848042089","geometry":{"type":"Polygon","coordinates":[[[28.28274,43.41245],[28.28271,43.41248],[28.28266,43.41246],[28.28269,43.41243],[28.28274,43.41245]]]},"properties":{"osm_type":"way","osm_id":848042089,"iso_country":"BG","golf":"tee"}},{"type":"Feature","id":"way/848042090","geometry":{"type":"Polygon","coordinates":[[[28.28337,43.41269],[28.28333,43.41275],[28.28302,43.41264],[28.28306,43.41258],[28.28337,43.41269]]]},"properties":{"osm_type":"way","osm_id":848042090,"iso_country":"BG","golf":"tee"}},{"type":"Feature","id":"way/848042091","geometry":{"type":"Polygon","coordinates":[[[28.28431,43.41317],[28.2843,43.41322],[28.28417,43.41321],[28.28419,43.41316],[28.28431,43.41317]]]},"properties":{"osm_type":"way","osm_id":848042091,"iso_country":"BG","golf":"tee"}},{"type":"Feature","id":"way/848042092","geometry":{"type":"Polygon","coordinates":[[[28.28384,43.41296],[28.28381,43.41302],[28.28366,43.41299],[28.28369,43.41293],[28.28384,43.41296]]]},"properties":{"osm_type":"way","osm_id":848042092,"iso_country":"BG","golf":"tee"}},{"type":"Feature","id":"way/848042093","geometry":{"type":"Polygon","coordinates":[[[28.29331,43.41659],[28.29332,43.41651],[28.29323,43.4165],[28.29322,43.41658],[28.29331,43.41659]]]},"properties":{"osm_type":"way","osm_id":848042093,"iso_country":"BG","golf":"tee"}},{"type":"Feature","id":"way/848042094","geometry":{"type":"Polygon","coordinates":[[[28.2938,43.41653],[28.2938,43.41659],[28.29364,43.41658],[28.29364,43.41652],[28.2938,43.41653]]]},"properties":{"osm_type":"way","osm_id":848042094,"iso_country":"BG","golf":"tee"}},{"type":"Feature","id":"way/848042095","geometry":{"type":"Polygon","coordinates":[[[28.29407,43.41666],[28.29406,43.41673],[28.29391,43.41672],[28.29392,43.41665],[28.29407,43.41666]]]},"properties":{"osm_type":"way","osm_id":848042095,"iso_country":"BG","golf":"tee"}},{"type":"Feature","id":"way/848042096","geometry":{"type":"Polygon","coordinates":[[[28.29472,43.41678],[28.29463,43.41677],[28.29463,43.41683],[28.29471,43.41684],[28.29472,43.41678]]]},"properties":{"osm_type":"way","osm_id":848042096,"iso_country":"BG","golf":"tee"}},{"type":"Feature","id":"way/848042097","geometry":{"type":"Polygon","coordinates":[[[28.29497,43.41687],[28.29497,43.4169],[28.29492,43.4169],[28.29492,43.41687],[28.29497,43.41687]]]},"properties":{"osm_type":"way","osm_id":848042097,"iso_country":"BG","golf":"tee"}},{"type":"Feature","id":"way/848042098","geometry":{"type":"Polygon","coordinates":[[[28.29708,43.41707],[28.29708,43.41712],[28.29701,43.41712],[28.29701,43.41707],[28.29708,43.41707]]]},"properties":{"osm_type":"way","osm_id":848042098,"iso_country":"BG","golf":"tee"}},{"type":"Feature","id":"way/848042099","geometry":{"type":"Polygon","coordinates":[[[28.29758,43.41735],[28.29743,43.41735],[28.29744,43.41729],[28.29758,43.41729],[28.29758,43.41735]]]},"properties":{"osm_type":"way","osm_id":848042099,"iso_country":"BG","golf":"tee"}},{"type":"Feature","id":"way/848042100","geometry":{"type":"Polygon","coordinates":[[[28.29797,43.41745],[28.29782,43.41745],[28.29782,43.41751],[28.29797,43.41752],[28.29797,43.41745]]]},"properties":{"osm_type":"way","osm_id":848042100,"iso_country":"BG","golf":"tee"}},{"type":"Feature","id":"way/848042101","geometry":{"type":"Polygon","coordinates":[[[28.2985,43.41747],[28.2985,43.41752],[28.29836,43.41752],[28.29837,43.41747],[28.2985,43.41747]]]},"properties":{"osm_type":"way","osm_id":848042101,"iso_country":"BG","golf":"tee"}},{"type":"Feature","id":"way/848042102","geometry":{"type":"Polygon","coordinates":[[[28.2989,43.41737],[28.2989,43.41744],[28.29879,43.41744],[28.2988,43.41736],[28.2989,43.41737]]]},"properties":{"osm_type":"way","osm_id":848042102,"iso_country":"BG","golf":"tee"}},{"type":"Feature","id":"way/848042103","geometry":{"type":"Polygon","coordinates":[[[28.30393,43.4169],[28.30388,43.41695],[28.30377,43.4169],[28.30381,43.41685],[28.30393,43.4169]]]},"properties":{"osm_type":"way","osm_id":848042103,"iso_country":"BG","golf":"tee"}},{"type":"Feature","id":"way/848042104","geometry":{"type":"Polygon","coordinates":[[[28.30435,43.41701],[28.3043,43.41706],[28.30418,43.41701],[28.30423,43.41695],[28.30435,43.41701]]]},"properties":{"osm_type":"way","osm_id":848042104,"iso_country":"BG","golf":"tee"}},{"type":"Feature","id":"way/848042105","geometry":{"type":"Polygon","coordinates":[[[28.3049,43.41728],[28.30484,43.41732],[28.30473,43.41725],[28.30478,43.41721],[28.3049,43.41728]]]},"properties":{"osm_type":"way","osm_id":848042105,"iso_country":"BG","golf":"tee"}},{"type":"Feature","id":"way/848042106","geometry":{"type":"Polygon","coordinates":[[[28.30481,43.41777],[28.30486,43.41769],[28.30477,43.41766],[28.30472,43.41774],[28.30481,43.41777]]]},"properties":{"osm_type":"way","osm_id":848042106,"iso_country":"BG","golf":"tee"}},{"type":"Feature","id":"way/848042107","geometry":{"type":"Polygon","coordinates":[[[28.30763,43.41852],[28.30729,43.41844],[28.30726,43.41836],[28.30781,43.41835],[28.30788,43.41844],[28.30763,43.41852]]]},"properties":{"osm_type":"way","osm_id":848042107,"iso_country":"BG","golf":"green"}},{"type":"Feature","id":"way/848042108","geometry":{"type":"Polygon","coordinates":[[[28.28665,43.41393],[28.28682,43.41395],[28.28695,43.41414],[28.28679,43.41417],[28.2866,43.414],[28.28665,43.41393]]]},"properties":{"osm_type":"way","osm_id":848042108,"iso_country":"BG","golf":"green"}},{"type":"Feature","id":"way/848052258","geometry":{"type":"Polygon","coordinates":[[[28.29501,43.41781],[28.29494,43.41779],[28.29498,43.41772],[28.29505,43.41775],[28.29501,43.41781]]]},"properties":{"osm_type":"way","osm_id":848052258,"iso_country":"BG","golf":"tee"}},{"type":"Feature","id":"way/848052259","geometry":{"type":"Polygon","coordinates":[[[28.29486,43.41777],[28.29479,43.41774],[28.29482,43.41769],[28.29489,43.41771],[28.29486,43.41777]]]},"properties":{"osm_type":"way","osm_id":848052259,"iso_country":"BG","golf":"tee"}},{"type":"Feature","id":"way/848052260","geometry":{"type":"Polygon","coordinates":[[[28.29501,43.41741],[28.29504,43.41735],[28.29514,43.41738],[28.29511,43.41743],[28.29501,43.41741]]]},"properties":{"osm_type":"way","osm_id":848052260,"iso_country":"BG","golf":"tee"}},{"type":"Feature","id":"way/848052261","geometry":{"type":"Polygon","coordinates":[[[28.29452,43.41767],[28.29447,43.41766],[28.29451,43.41759],[28.29456,43.4176],[28.29452,43.41767]]]},"properties":{"osm_type":"way","osm_id":848052261,"iso_country":"BG","golf":"tee"}},{"type":"Feature","id":"way/848052262","geometry":{"type":"Polygon","coordinates":[[[28.29441,43.41761],[28.29447,43.41753],[28.29442,43.41752],[28.29437,43.4176],[28.29441,43.41761]]]},"properties":{"osm_type":"way","osm_id":848052262,"iso_country":"BG","golf":"tee"}},{"type":"Feature","id":"way/848052263","geometry":{"type":"Polygon","coordinates":[[[28.30563,43.41883],[28.30556,43.41882],[28.30558,43.41875],[28.30565,43.41876],[28.30563,43.41883]]]},"properties":{"osm_type":"way","osm_id":848052263,"iso_country":"BG","golf":"tee"}},{"type":"Feature","id":"way/848052264","geometry":{"type":"Polygon","coordinates":[[[28.30648,43.41893],[28.3066,43.41895],[28.30661,43.4189],[28.3065,43.41888],[28.30648,43.41893]]]},"properties":{"osm_type":"way","osm_id":848052264,"iso_country":"BG","golf":"tee"}},{"type":"Feature","id":"way/848052265","geometry":{"type":"Polygon","coordinates":[[[28.30702,43.4189],[28.307,43.41895],[28.30682,43.41892],[28.30684,43.41886],[28.30702,43.4189]]]},"properties":{"osm_type":"way","osm_id":848052265,"iso_country":"BG","golf":"tee"}},{"type":"Feature","id":"way/848052266","geometry":{"type":"Polygon","coordinates":[[[28.30735,43.41904],[28.30734,43.41908],[28.30729,43.41907],[28.3073,43.41903],[28.30735,43.41904]]]},"properties":{"osm_type":"way","osm_id":848052266,"iso_country":"BG","golf":"tee"}},{"type":"Feature","id":"way/848052267","geometry":{"type":"Polygon","coordinates":[[[28.30721,43.41903],[28.30715,43.41902],[28.30716,43.41898],[28.30722,43.41899],[28.30721,43.41903]]]},"properties":{"osm_type":"way","osm_id":848052267,"iso_country":"BG","golf":"tee"}},{"type":"Feature","id":"way/848052268","geometry":{"type":"Polygon","coordinates":[[[28.30743,43.41879],[28.30765,43.41877],[28.30763,43.4187],[28.30742,43.41873],[28.30743,43.41879]]]},"properties":{"osm_type":"way","osm_id":848052268,"iso_country":"BG","golf":"tee"}},{"type":"Feature","id":"way/848052269","geometry":{"type":"Polygon","coordinates":[[[28.30327,43.41717],[28.30304,43.41712],[28.30315,43.41694],[28.30334,43.41687],[28.30351,43.41695],[28.30351,43.41705],[28.30327,43.41717]]]},"properties":{"osm_type":"way","osm_id":848052269,"iso_country":"BG","golf":"green"}},{"type":"Feature","id":"way/848052270","geometry":{"type":"Polygon","coordinates":[[[28.32022,43.4177],[28.32011,43.41763],[28.32017,43.41748],[28.32036,43.41731],[28.32042,43.41759],[28.32022,43.4177]]]},"properties":{"osm_type":"way","osm_id":848052270,"iso_country":"BG","golf":"green"}},{"type":"Feature","id":"way/848052271","geometry":{"type":"Polygon","coordinates":[[[28.32132,43.41761],[28.32152,43.4176],[28.32151,43.41755],[28.32138,43.41755],[28.32137,43.4175],[28.32131,43.41751],[28.32132,43.41761]]]},"properties":{"osm_type":"way","osm_id":848052271,"iso_country":"BG","golf":"tee"}},{"type":"Feature","id":"way/848052272","geometry":{"type":"LineString","coordinates":[[28.31948,43.41776],[28.31954,43.41792],[28.31975,43.41797],[28.32025,43.41782],[28.32047,43.41792],[28.32126,43.41772],[28.32152,43.41774],[28.32196,43.41753],[28.32235,43.41764],[28.32349,43.41769]]},"properties":{"osm_type":"way","osm_id":848052272,"iso_country":"BG","golf":"cartpath"}},{"type":"Feature","id":"way/848052273","geometry":{"type":"Polygon","coordinates":[[[28.28559,43.41582],[28.28562,43.41577],[28.28572,43.4158],[28.28569,43.41585],[28.28559,43.41582]]]},"properties":{"osm_type":"way","osm_id":848052273,"iso_country":"BG","golf":"tee"}},{"type":"Feature","id":"way/848052274","geometry":{"type":"Polygon","coordinates":[[[28.28658,43.41592],[28.28655,43.41598],[28.28642,43.41594],[28.28645,43.41588],[28.28658,43.41592]]]},"properties":{"osm_type":"way","osm_id":848052274,"iso_country":"BG","golf":"tee"}},{"type":"Feature","id":"way/848052275","geometry":{"type":"LineString","coordinates":[[28.28364,43.41473],[28.28385,43.41413],[28.28407,43.41396],[28.28436,43.41393],[28.28469,43.41364]]},"properties":{"osm_type":"way","osm_id":848052275,"iso_country":"BG","golf":"cartpath"}},{"type":"Feature","id":"way/848052276","geometry":{"type":"Polygon","coordinates":[[[28.28294,43.41342],[28.28278,43.41341],[28.28278,43.41328],[28.28318,43.41322],[28.28309,43.4134],[28.28294,43.41342]]]},"properties":{"osm_type":"way","osm_id":848052276,"iso_country":"BG","golf":"green"}},{"type":"Feature","id":"way/848052277","geometry":{"type":"Polygon","coordinates":[[[28.29432,43.41607],[28.29404,43.41607],[28.29419,43.41588],[28.29463,43.41606],[28.29432,43.41607]]]},"properties":{"osm_type":"way","osm_id":848052277,"iso_country":"BG","golf":"green"}},{"type":"Feature","id":"way/848052278","geometry":{"type":"Polygon","coordinates":[[[28.30892,43.41862],[28.30865,43.41864],[28.30895,43.41846],[28.30905,43.41855],[28.30892,43.41862]]]},"properties":{"osm_type":"way","osm_id":848052278,"iso_country":"BG","golf":"green"}},{"type":"Feature","id":"way/848063255","geometry":{"type":"Polygon","coordinates":[[[28.31111,43.41812],[28.31116,43.41808],[28.31112,43.41805],[28.31107,43.41808],[28.31111,43.41812]]]},"properties":{"osm_type":"way","osm_id":848063255,"iso_country":"BG","golf":"tee"}},{"type":"Feature","id":"way/848063256","geometry":{"type":"Polygon","coordinates":[[[28.31126,43.41796],[28.31123,43.41799],[28.31119,43.41797],[28.31122,43.41794],[28.31126,43.41796]]]},"properties":{"osm_type":"way","osm_id":848063256,"iso_country":"BG","golf":"tee"}},{"type":"Feature","id":"way/848063257","geometry":{"type":"Polygon","coordinates":[[[28.31194,43.41754],[28.31174,43.41757],[28.31174,43.41742],[28.31208,43.41729],[28.31221,43.41735],[28.31217,43.4175],[28.31194,43.41754]]]},"properties":{"osm_type":"way","osm_id":848063257,"iso_country":"BG","golf":"green"}},{"type":"Feature","id":"way/848063258","geometry":{"type":"Polygon","coordinates":[[[28.30965,43.41848],[28.30985,43.41843],[28.30995,43.41849],[28.30965,43.41848]]]},"properties":{"osm_type":"way","osm_id":848063258,"iso_country":"BG","golf":"tee"}},{"type":"Feature","id":"way/848063259","geometry":{"type":"Polygon","coordinates":[[[28.3102,43.41845],[28.31021,43.41849],[28.31011,43.4185],[28.3101,43.41846],[28.3102,43.41845]]]},"properties":{"osm_type":"way","osm_id":848063259,"iso_country":"BG","golf":"tee"}},{"type":"Feature","id":"way/848063260","geometry":{"type":"Polygon","coordinates":[[[28.3104,43.41844],[28.31041,43.41848],[28.31029,43.4185],[28.31028,43.41845],[28.3104,43.41844]]]},"properties":{"osm_type":"way","osm_id":848063260,"iso_country":"BG","golf":"tee"}},{"type":"Feature","id":"way/848063261","geometry":{"type":"Polygon","coordinates":[[[28.31588,43.41709],[28.31586,43.41714],[28.3158,43.41713],[28.31582,43.41708],[28.31588,43.41709]]]},"properties":{"osm_type":"way","osm_id":848063261,"iso_country":"BG","golf":"tee"}},{"type":"Feature","id":"way/848063262","geometry":{"type":"Polygon","coordinates":[[[28.31617,43.41711],[28.31616,43.41715],[28.31607,43.41714],[28.31608,43.4171],[28.31617,43.41711]]]},"properties":{"osm_type":"way","osm_id":848063262,"iso_country":"BG","golf":"tee"}},{"type":"Feature","id":"way/848063263","geometry":{"type":"Polygon","coordinates":[[[28.31647,43.41708],[28.31645,43.41713],[28.31634,43.4171],[28.31637,43.41705],[28.31647,43.41708]]]},"properties":{"osm_type":"way","osm_id":848063263,"iso_country":"BG","golf":"tee"}},{"type":"Feature","id":"way/848063264","geometry":{"type":"Polygon","coordinates":[[[28.31681,43.41691],[28.31679,43.41694],[28.31674,43.41693],[28.31675,43.41689],[28.31681,43.41691]]]},"properties":{"osm_type":"way","osm_id":848063264,"iso_country":"BG","golf":"tee"}},{"type":"Feature","id":"way/848063265","geometry":{"type":"Polygon","coordinates":[[[28.31768,43.41743],[28.31766,43.41749],[28.31755,43.41746],[28.31757,43.41741],[28.31768,43.41743]]]},"properties":{"osm_type":"way","osm_id":848063265,"iso_country":"BG","golf":"tee"}},{"type":"Feature","id":"way/848063266","geometry":{"type":"Polygon","coordinates":[[[28.31812,43.41767],[28.31812,43.41763],[28.31805,43.41763],[28.31805,43.41766],[28.31812,43.41767]]]},"properties":{"osm_type":"way","osm_id":848063266,"iso_country":"BG","golf":"tee"}},{"type":"Feature","id":"way/848063267","geometry":{"type":"Polygon","coordinates":[[[28.32432,43.41771],[28.32431,43.41767],[28.32426,43.41767],[28.32426,43.41771],[28.32432,43.41771]]]},"properties":{"osm_type":"way","osm_id":848063267,"iso_country":"BG","golf":"tee"}},{"type":"Feature","id":"way/848063268","geometry":{"type":"Polygon","coordinates":[[[28.32382,43.41793],[28.32368,43.41794],[28.32369,43.41799],[28.32382,43.41798],[28.32382,43.41793]]]},"properties":{"osm_type":"way","osm_id":848063268,"iso_country":"BG","golf":"tee"}},{"type":"Feature","id":"way/848063269","geometry":{"type":"Polygon","coordinates":[[[28.32351,43.41794],[28.32352,43.418],[28.3234,43.41801],[28.32339,43.41795],[28.32351,43.41794]]]},"properties":{"osm_type":"way","osm_id":848063269,"iso_country":"BG","golf":"tee"}},{"type":"Feature","id":"way/848063270","geometry":{"type":"Polygon","coordinates":[[[28.32328,43.41802],[28.32327,43.41797],[28.32314,43.41799],[28.32315,43.41804],[28.32328,43.41802]]]},"properties":{"osm_type":"way","osm_id":848063270,"iso_country":"BG","golf":"tee"}},{"type":"Feature","id":"way/848063271","geometry":{"type":"Polygon","coordinates":[[[28.32262,43.41804],[28.32256,43.41805],[28.32257,43.4181],[28.32263,43.41809],[28.32262,43.41804]]]},"properties":{"osm_type":"way","osm_id":848063271,"iso_country":"BG","golf":"tee"}},{"type":"Feature","id":"way/848063272","geometry":{"type":"Polygon","coordinates":[[[28.32088,43.4177],[28.32088,43.41764],[28.32077,43.41764],[28.32078,43.4177],[28.32088,43.4177]]]},"properties":{"osm_type":"way","osm_id":848063272,"iso_country":"BG","golf":"tee"}},{"type":"Feature","id":"way/848063273","geometry":{"type":"Polygon","coordinates":[[[28.32103,43.41758],[28.32103,43.41753],[28.32097,43.41753],[28.32097,43.41758],[28.32103,43.41758]]]},"properties":{"osm_type":"way","osm_id":848063273,"iso_country":"BG","golf":"tee"}},{"type":"Feature","id":"way/848063274","geometry":{"type":"Polygon","coordinates":[[[28.32121,43.4176],[28.32113,43.4176],[28.32113,43.41756],[28.3212,43.41756],[28.32121,43.4176]]]},"properties":{"osm_type":"way","osm_id":848063274,"iso_country":"BG","golf":"tee"}},{"type":"Feature","id":"way/848063275","geometry":{"type":"Polygon","coordinates":[[[28.31925,43.41843],[28.31891,43.41833],[28.31884,43.41816],[28.31927,43.41831],[28.31925,43.41843]]]},"properties":{"osm_type":"way","osm_id":848063275,"iso_country":"BG","golf":"green"}},{"type":"Feature","id":"way/848063276","geometry":{"type":"Polygon","coordinates":[[[28.32035,43.41903],[28.32029,43.41902],[28.32031,43.41897],[28.32037,43.41898],[28.32035,43.41903]]]},"properties":{"osm_type":"way","osm_id":848063276,"iso_country":"BG","golf":"tee"}},{"type":"Feature","id":"way/848063277","geometry":{"type":"Polygon","coordinates":[[[28.32013,43.41895],[28.3201,43.419],[28.31998,43.41895],[28.32001,43.41891],[28.32013,43.41895]]]},"properties":{"osm_type":"way","osm_id":848063277,"iso_country":"BG","golf":"tee"}},{"type":"Feature","id":"way/848063278","geometry":{"type":"Polygon","coordinates":[[[28.31986,43.4189],[28.31983,43.41895],[28.31978,43.41894],[28.31981,43.41889],[28.31986,43.4189]]]},"properties":{"osm_type":"way","osm_id":848063278,"iso_country":"BG","golf":"tee"}},{"type":"Feature","id":"way/848063279","geometry":{"type":"Polygon","coordinates":[[[28.31924,43.41898],[28.31918,43.41896],[28.3192,43.41892],[28.31926,43.41894],[28.31924,43.41898]]]},"properties":{"osm_type":"way","osm_id":848063279,"iso_country":"BG","golf":"tee"}},{"type":"Feature","id":"way/848063280","geometry":{"type":"Polygon","coordinates":[[[28.31854,43.4188],[28.31848,43.41878],[28.3185,43.41874],[28.31856,43.41877],[28.31854,43.4188]]]},"properties":{"osm_type":"way","osm_id":848063280,"iso_country":"BG","golf":"tee"}},{"type":"Feature","id":"way/848063281","geometry":{"type":"Polygon","coordinates":[[[28.31472,43.41786],[28.31439,43.41786],[28.31431,43.41776],[28.31461,43.41768],[28.31473,43.41774],[28.31472,43.41786]]]},"properties":{"osm_type":"way","osm_id":848063281,"iso_country":"BG","golf":"green"}},{"type":"Feature","id":"way/848063282","geometry":{"type":"Polygon","coordinates":[[[28.31737,43.41903],[28.31726,43.41899],[28.31735,43.41875],[28.31755,43.41897],[28.31737,43.41903]]]},"properties":{"osm_type":"way","osm_id":848063282,"iso_country":"BG","golf":"green"}},{"type":"Feature","id":"way/848063283","geometry":{"type":"Polygon","coordinates":[[[28.31652,43.41909],[28.31651,43.41912],[28.31638,43.4191],[28.31639,43.41906],[28.31652,43.41909]]]},"properties":{"osm_type":"way","osm_id":848063283,"iso_country":"BG","golf":"tee"}},{"type":"Feature","id":"way/848063284","geometry":{"type":"Polygon","coordinates":[[[28.31629,43.41906],[28.31628,43.41909],[28.31617,43.41907],[28.31618,43.41904],[28.31629,43.41906]]]},"properties":{"osm_type":"way","osm_id":848063284,"iso_country":"BG","golf":"tee"}},{"type":"Feature","id":"way/848063285","geometry":{"type":"Polygon","coordinates":[[[28.31609,43.41902],[28.31608,43.41906],[28.31599,43.41905],[28.316,43.41902],[28.31609,43.41902]]]},"properties":{"osm_type":"way","osm_id":848063285,"iso_country":"BG","golf":"tee"}},{"type":"Feature","id":"way/848063286","geometry":{"type":"Polygon","coordinates":[[[28.31521,43.41887],[28.3152,43.4189],[28.31514,43.41889],[28.31514,43.41886],[28.31521,43.41887]]]},"properties":{"osm_type":"way","osm_id":848063286,"iso_country":"BG","golf":"tee"}},{"type":"Feature","id":"way/848063287","geometry":{"type":"Polygon","coordinates":[[[28.314,43.41806],[28.31397,43.41812],[28.31388,43.41809],[28.31391,43.41804],[28.314,43.41806]]]},"properties":{"osm_type":"way","osm_id":848063287,"iso_country":"BG","golf":"tee"}},{"type":"Feature","id":"way/848063288","geometry":{"type":"Polygon","coordinates":[[[28.31365,43.41797],[28.31363,43.41802],[28.31315,43.41789],[28.31317,43.41785],[28.31365,43.41797]]]},"properties":{"osm_type":"way","osm_id":848063288,"iso_country":"BG","golf":"tee"}},{"type":"Feature","id":"way/848063289","geometry":{"type":"Polygon","coordinates":[[[28.30759,43.419],[28.30765,43.41898],[28.30762,43.41892],[28.30755,43.41894],[28.30759,43.419]]]},"properties":{"osm_type":"way","osm_id":848063289,"iso_country":"BG","golf":"tee"}},{"type":"Feature","id":"way/848063290","geometry":{"type":"Polygon","coordinates":[[[28.30748,43.41889],[28.30742,43.41891],[28.30746,43.41898],[28.30751,43.41896],[28.30748,43.41889]]]},"properties":{"osm_type":"way","osm_id":848063290,"iso_country":"BG","golf":"tee"}},{"type":"Feature","id":"way/848063291","geometry":{"type":"Polygon","coordinates":[[[28.30733,43.41891],[28.30727,43.41892],[28.30724,43.4188],[28.3073,43.41879],[28.30733,43.41891]]]},"properties":{"osm_type":"way","osm_id":848063291,"iso_country":"BG","golf":"tee"}},{"type":"Feature","id":"way/848063292","geometry":{"type":"Polygon","coordinates":[[[28.30722,43.4189],[28.30709,43.41892],[28.30708,43.41888],[28.30715,43.41887],[28.30713,43.41883],[28.30719,43.41882],[28.30722,43.4189]]]},"properties":{"osm_type":"way","osm_id":848063292,"iso_country":"BG","golf":"tee"}},{"type":"Feature","id":"way/848063293","geometry":{"type":"Polygon","coordinates":[[[28.30242,43.41812],[28.30209,43.41792],[28.30227,43.41783],[28.30248,43.41793],[28.30256,43.41803],[28.30242,43.41812]]]},"properties":{"osm_type":"way","osm_id":848063293,"iso_country":"BG","golf":"green"}},{"type":"Feature","id":"way/848063294","geometry":{"type":"Polygon","coordinates":[[[28.31229,43.418],[28.31239,43.41803],[28.31236,43.41811],[28.31203,43.41831],[28.31193,43.41826],[28.31194,43.41811],[28.31229,43.418]]]},"properties":{"osm_type":"way","osm_id":848063294,"iso_country":"BG","golf":"green"}},{"type":"Feature","id":"way/848070011","geometry":{"type":"Polygon","coordinates":[[[28.29601,43.41786],[28.29579,43.41792],[28.2957,43.41782],[28.29579,43.41772],[28.29609,43.41768],[28.2962,43.41781],[28.29601,43.41786]]]},"properties":{"osm_type":"way","osm_id":848070011,"iso_country":"BG","golf":"green"}},{"type":"Feature","id":"way/848070012","geometry":{"type":"Polygon","coordinates":[[[28.29323,43.41738],[28.29291,43.4171],[28.29341,43.41721],[28.29342,43.41734],[28.29323,43.41738]]]},"properties":{"osm_type":"way","osm_id":848070012,"iso_country":"BG","golf":"green"}},{"type":"Feature","id":"way/848070013","geometry":{"type":"Polygon","coordinates":[[[28.2892,43.41616],[28.2889,43.41592],[28.28923,43.41588],[28.28938,43.41608],[28.2892,43.41616]]]},"properties":{"osm_type":"way","osm_id":848070013,"iso_country":"BG","golf":"green"}},{"type":"Feature","id":"way/848070014","geometry":{"type":"Polygon","coordinates":[[[28.30245,43.41853],[28.30252,43.41854],[28.30253,43.41849],[28.30246,43.41847],[28.30245,43.41853]]]},"properties":{"osm_type":"way","osm_id":848070014,"iso_country":"BG","golf":"tee"}},{"type":"Feature","id":"way/848070015","geometry":{"type":"Polygon","coordinates":[[[28.30244,43.41844],[28.30237,43.41843],[28.30235,43.41848],[28.30242,43.41849],[28.30244,43.41844]]]},"properties":{"osm_type":"way","osm_id":848070015,"iso_country":"BG","golf":"tee"}},{"type":"Feature","id":"way/848070016","geometry":{"type":"Polygon","coordinates":[[[28.30193,43.4185],[28.30178,43.41849],[28.30179,43.41842],[28.30195,43.41844],[28.30193,43.4185]]]},"properties":{"osm_type":"way","osm_id":848070016,"iso_country":"BG","golf":"tee"}},{"type":"Feature","id":"way/848070017","geometry":{"type":"Polygon","coordinates":[[[28.30154,43.41831],[28.30153,43.41837],[28.3014,43.41835],[28.30141,43.4183],[28.30154,43.41831]]]},"properties":{"osm_type":"way","osm_id":848070017,"iso_country":"BG","golf":"tee"}},{"type":"Feature","id":"way/848070018","geometry":{"type":"Polygon","coordinates":[[[28.3008,43.41842],[28.30079,43.41846],[28.30072,43.41845],[28.30074,43.4184],[28.3008,43.41842]]]},"properties":{"osm_type":"way","osm_id":848070018,"iso_country":"BG","golf":"tee"}},{"type":"Feature","id":"way/848070019","geometry":{"type":"Polygon","coordinates":[[[28.28729,43.41604],[28.28727,43.41609],[28.28715,43.41606],[28.28718,43.41601],[28.28729,43.41604]]]},"properties":{"osm_type":"way","osm_id":848070019,"iso_country":"BG","golf":"tee"}},{"type":"Feature","id":"way/848070020","geometry":{"type":"Polygon","coordinates":[[[28.28681,43.41598],[28.28678,43.41603],[28.28665,43.416],[28.28668,43.41594],[28.28681,43.41598]]]},"properties":{"osm_type":"way","osm_id":848070020,"iso_country":"BG","golf":"tee"}},{"type":"Feature","id":"way/848070021","geometry":{"type":"Polygon","coordinates":[[[28.28247,43.41475],[28.28228,43.41471],[28.28235,43.41457],[28.28248,43.41455],[28.28264,43.41467],[28.28263,43.41479],[28.28247,43.41475]]]},"properties":{"osm_type":"way","osm_id":848070021,"iso_country":"BG","golf":"green"}},{"type":"Feature","id":"way/848070022","geometry":{"type":"Polygon","coordinates":[[[28.28411,43.41383],[28.28397,43.41373],[28.28421,43.41362],[28.28431,43.41376],[28.28411,43.41383]]]},"properties":{"osm_type":"way","osm_id":848070022,"iso_country":"BG","golf":"green"}},{"type":"Feature","id":"way/848070023","geometry":{"type":"Polygon","coordinates":[[[28.32465,43.41762],[28.32466,43.41743],[28.32452,43.41741],[28.32449,43.41756],[28.32465,43.41762]]]},"properties":{"osm_type":"way","osm_id":848070023,"iso_country":"BG","golf":"green"}},{"type":"Feature","id":"way/848070024","geometry":{"type":"Polygon","coordinates":[[[28.32465,43.41762],[28.32483,43.41748],[28.32466,43.41743],[28.32465,43.41762]]]},"properties":{"osm_type":"way","osm_id":848070024,"iso_country":"BG","golf":"green"}},{"type":"Feature","id":"way/848096649","geometry":{"type":"LineString","coordinates":[[28.30749,43.41917],[28.30701,43.41901],[28.30627,43.41902],[28.30558,43.41889],[28.30548,43.41883],[28.30548,43.41854],[28.30566,43.4184]]},"properties":{"osm_type":"way","osm_id":848096649,"iso_country":"BG","golf":"cartpath"}},{"type":"Feature","id":"way/848096650","geometry":{"type":"LineString","coordinates":[[28.30531,43.41844],[28.30543,43.41851],[28.30548,43.41854]]},"properties":{"osm_type":"way","osm_id":848096650,"iso_country":"BG","golf":"cartpath"}},{"type":"Feature","id":"way/848096651","geometry":{"type":"LineString","coordinates":[[28.29523,43.41786],[28.29456,43.41787],[28.2943,43.41763],[28.29437,43.4172],[28.29376,43.41707],[28.29476,43.417],[28.29488,43.41684],[28.29479,43.41673]]},"properties":{"osm_type":"way","osm_id":848096651,"iso_country":"BG","golf":"cartpath"}},{"type":"Feature","id":"way/848096652","geometry":{"type":"LineString","coordinates":[[28.29358,43.41626],[28.29379,43.41627],[28.29392,43.41629],[28.29401,43.41633],[28.29405,43.41638],[28.29412,43.41641],[28.29423,43.41646],[28.29434,43.41654],[28.29448,43.41662],[28.29463,43.41666],[28.29479,43.41673]]},"properties":{"osm_type":"way","osm_id":848096652,"iso_country":"BG","golf":"cartpath"}},{"type":"Feature","id":"way/848096653","geometry":{"type":"LineString","coordinates":[[28.29542,43.41681],[28.2954,43.41676],[28.2954,43.4167],[28.29545,43.41659]]},"properties":{"osm_type":"way","osm_id":848096653,"iso_country":"BG","golf":"cartpath"}},{"type":"Feature","id":"way/848096654","geometry":{"type":"LineString","coordinates":[[28.2875,43.41609],[28.28844,43.41568],[28.28848,43.41549],[28.2875,43.41455]]},"properties":{"osm_type":"way","osm_id":848096654,"iso_country":"BG","golf":"cartpath"}},{"type":"Feature","id":"way/848096655","geometry":{"type":"LineString","coordinates":[[28.28754,43.41462],[28.28739,43.41464],[28.28728,43.41464],[28.28722,43.41461],[28.28719,43.41454]]},"properties":{"osm_type":"way","osm_id":848096655,"iso_country":"BG","golf":"cartpath"}},{"type":"Feature","id":"way/848096656","geometry":{"type":"LineString","coordinates":[[28.2875,43.41455],[28.28748,43.41449],[28.28745,43.41445],[28.28737,43.41441],[28.2873,43.41437],[28.28731,43.41433],[28.28736,43.41427],[28.28747,43.4142]]},"properties":{"osm_type":"way","osm_id":848096656,"iso_country":"BG","golf":"cartpath"}},{"type":"Feature","id":"way/848096657","geometry":{"type":"LineString","coordinates":[[28.28742,43.41415],[28.28747,43.4142],[28.28751,43.41422],[28.28768,43.41427]]},"properties":{"osm_type":"way","osm_id":848096657,"iso_country":"BG","golf":"cartpath"}},{"type":"Feature","id":"way/848096658","geometry":{"type":"LineString","coordinates":[[28.28319,43.41289],[28.28294,43.41283]]},"properties":{"osm_type":"way","osm_id":848096658,"iso_country":"BG","golf":"cartpath"}},{"type":"Feature","id":"way/848096659","geometry":{"type":"LineString","coordinates":[[28.28829,43.41574],[28.28776,43.41565],[28.28793,43.41527],[28.2881,43.41517]]},"properties":{"osm_type":"way","osm_id":848096659,"iso_country":"BG","golf":"cartpath"}},{"type":"Feature","id":"way/848194683","geometry":{"type":"Polygon","coordinates":[[[28.30021,43.41826],[28.29985,43.41822],[28.29933,43.41837],[28.29887,43.41828],[28.29802,43.41836],[28.29758,43.41817],[28.29639,43.41807],[28.29614,43.41784],[28.29617,43.41773],[28.29674,43.4177],[28.2974,43.41781],[28.29807,43.41805],[28.29842,43.41796],[28.29937,43.41803],[28.29978,43.41797],[28.30019,43.41806],[28.30021,43.41826]]]},"properties":{"osm_type":"way","osm_id":848194683,"iso_country":"BG","golf":"fairway"}},{"type":"Feature","id":"way/848194684","geometry":{"type":"LineString","coordinates":[[28.29814,43.41758],[28.29843,43.41787],[28.30003,43.41789],[28.30047,43.41809],[28.30065,43.4183],[28.30123,43.41855],[28.30218,43.41823],[28.30272,43.41847],[28.30357,43.41859]]},"properties":{"osm_type":"way","osm_id":848194684,"iso_country":"BG","golf":"cartpath"}},{"type":"Feature","id":"way/848194685","geometry":{"type":"LineString","coordinates":[[28.30357,43.41859],[28.30363,43.41861],[28.30373,43.41863]]},"properties":{"osm_type":"way","osm_id":848194685,"iso_country":"BG","golf":"cartpath"}},{"type":"Feature","id":"way/848194686","geometry":{"type":"LineString","coordinates":[[28.29556,43.4175],[28.29827,43.41778]]},"properties":{"osm_type":"way","osm_id":848194686,"iso_country":"BG","golf":"cartpath"}},{"type":"Feature","id":"way/848194687","geometry":{"type":"Polygon","coordinates":[[[28.29141,43.41662],[28.29083,43.41647],[28.29079,43.41635],[28.29092,43.41627],[28.29134,43.41626],[28.29211,43.41645],[28.29196,43.41659],[28.29141,43.41662]]]},"properties":{"osm_type":"way","osm_id":848194687,"iso_country":"BG","golf":"fairway"}},{"type":"Feature","id":"way/848194688","geometry":{"type":"Polygon","coordinates":[[[28.29037,43.41653],[28.29012,43.4163],[28.28971,43.41621],[28.28956,43.41607],[28.28981,43.41595],[28.2906,43.4163],[28.29066,43.41638],[28.29061,43.41649],[28.29037,43.41653]]]},"properties":{"osm_type":"way","osm_id":848194688,"iso_country":"BG","golf":"fairway"}},{"type":"Feature","id":"way/848194689","geometry":{"type":"LineString","coordinates":[[28.28162,43.41474],[28.28309,43.41328]]},"properties":{"osm_type":"way","osm_id":848194689,"iso_country":"BG","golf":"hole","name":"18"}},{"type":"Feature","id":"way/848194690","geometry":{"type":"LineString","coordinates":[[28.2872,43.41604],[28.28385,43.41519],[28.28312,43.4149],[28.28248,43.41464]]},"properties":{"osm_type":"way","osm_id":848194690,"iso_country":"BG","golf":"hole","name":"17"}},{"type":"Feature","id":"way/848194691","geometry":{"type":"LineString","coordinates":[[28.29494,43.41688],[28.29141,43.41646],[28.28922,43.41599]]},"properties":{"osm_type":"way","osm_id":848194691,"iso_country":"BG","golf":"hole","name":"16"}},{"type":"Feature","id":"way/848194692","geometry":{"type":"LineString","coordinates":[[28.29499,43.41777],[28.29307,43.41717]]},"properties":{"osm_type":"way","osm_id":848194692,"iso_country":"BG","golf":"hole","name":"15"}},{"type":"Feature","id":"way/848194693","geometry":{"type":"LineString","coordinates":[[28.29608,43.41777],[28.29754,43.41806],[28.29929,43.41819],[28.30249,43.41851]]},"properties":{"osm_type":"way","osm_id":848194693,"iso_country":"BG","golf":"hole","name":"14"}},{"type":"Feature","id":"way/848194694","geometry":{"type":"LineString","coordinates":[[28.30732,43.41906],[28.30391,43.41838],[28.30246,43.418]]},"properties":{"osm_type":"way","osm_id":848194694,"iso_country":"BG","golf":"hole","name":"13"}},{"type":"Feature","id":"way/848194695","geometry":{"type":"LineString","coordinates":[[28.31893,43.41823],[28.32065,43.4182],[28.32428,43.41769]]},"properties":{"osm_type":"way","osm_id":848194695,"iso_country":"BG","golf":"hole","name":"9"}},{"type":"Feature","id":"way/848194696","geometry":{"type":"LineString","coordinates":[[28.2827,43.41246],[28.28568,43.41356],[28.28687,43.41413]]},"properties":{"osm_type":"way","osm_id":848194696,"iso_country":"BG","golf":"hole","name":"1"}},{"type":"Feature","id":"way/848194697","geometry":{"type":"LineString","coordinates":[[28.28794,43.41455],[28.29,43.41538],[28.29084,43.41571],[28.29262,43.41611],[28.29425,43.41596]]},"properties":{"osm_type":"way","osm_id":848194697,"iso_country":"BG","golf":"hole","name":"2"}},{"type":"Feature","id":"way/848194698","geometry":{"type":"LineString","coordinates":[[28.29704,43.4171],[28.30065,43.41744],[28.3025,43.41727],[28.30337,43.41695]]},"properties":{"osm_type":"way","osm_id":848194698,"iso_country":"BG","golf":"hole","name":"3"}},{"type":"Feature","id":"way/848194699","geometry":{"type":"LineString","coordinates":[[28.30383,43.41689],[28.3064,43.4182],[28.30738,43.41839]]},"properties":{"osm_type":"way","osm_id":848194699,"iso_country":"BG","golf":"hole","name":"4"}},{"type":"Feature","id":"way/848194700","geometry":{"type":"LineString","coordinates":[[28.30712,43.4189],[28.30892,43.41852]]},"properties":{"osm_type":"way","osm_id":848194700,"iso_country":"BG","golf":"hole","name":"5"}},{"type":"Feature","id":"way/848194701","geometry":{"type":"LineString","coordinates":[[28.30985,43.41848],[28.31203,43.4174]]},"properties":{"osm_type":"way","osm_id":848194701,"iso_country":"BG","golf":"hole","name":"6"}},{"type":"Feature","id":"way/848194702","geometry":{"type":"LineString","coordinates":[[28.31584,43.41711],[28.31914,43.41763],[28.32029,43.41748]]},"properties":{"osm_type":"way","osm_id":848194702,"iso_country":"BG","golf":"hole","name":"7"}},{"type":"Feature","id":"way/848194703","geometry":{"type":"LineString","coordinates":[[28.32081,43.41767],[28.32366,43.41746],[28.32473,43.41751]]},"properties":{"osm_type":"way","osm_id":848194703,"iso_country":"BG","golf":"hole","name":"8"}},{"type":"Feature","id":"way/848194704","geometry":{"type":"LineString","coordinates":[[28.32033,43.419],[28.31713,43.41808],[28.31531,43.41794],[28.31465,43.41782]]},"properties":{"osm_type":"way","osm_id":848194704,"iso_country":"BG","golf":"hole","name":"10"}},{"type":"Feature","id":"way/848194705","geometry":{"type":"LineString","coordinates":[[28.3132,43.41788],[28.31628,43.41861],[28.31734,43.41893]]},"properties":{"osm_type":"way","osm_id":848194705,"iso_country":"BG","golf":"hole","name":"11"}},{"type":"Feature","id":"way/848194706","geometry":{"type":"LineString","coordinates":[[28.31205,43.41816],[28.31309,43.41832],[28.31647,43.4191]]},"properties":{"osm_type":"way","osm_id":848194706,"iso_country":"BG","golf":"hole","name":"12"}},{"type":"Feature","id":"way/848194707","geometry":{"type":"LineString","coordinates":[[28.30166,43.41842],[28.30174,43.41821],[28.30169,43.41794],[28.30192,43.4177],[28.30229,43.41759],[28.30315,43.41762],[28.30357,43.41748],[28.30392,43.41724],[28.3042,43.41743],[28.30461,43.41743],[28.30463,43.41773],[28.30484,43.41813],[28.30566,43.4184]]},"properties":{"osm_type":"way","osm_id":848194707,"iso_country":"BG","golf":"cartpath"}},{"type":"Feature","id":"way/848194708","geometry":{"type":"LineString","coordinates":[[28.31949,43.41788],[28.31843,43.41774],[28.31815,43.41759],[28.31675,43.41745],[28.31641,43.41731],[28.31575,43.41732],[28.31542,43.4172],[28.31443,43.41739],[28.31276,43.41739],[28.31154,43.41779],[28.31132,43.41808],[28.3114,43.41818],[28.3116,43.41812],[28.3117,43.4182]]},"properties":{"osm_type":"way","osm_id":848194708,"iso_country":"BG","golf":"cartpath"}},{"type":"Feature","id":"way/848194709","geometry":{"type":"LineString","coordinates":[[28.31213,43.41843],[28.312,43.41844],[28.31194,43.41844],[28.31191,43.41847],[28.3119,43.41851]]},"properties":{"osm_type":"way","osm_id":848194709,"iso_country":"BG","golf":"cartpath"}},{"type":"Feature","id":"way/848194710","geometry":{"type":"LineString","coordinates":[[28.31317,43.41809],[28.31265,43.41798],[28.31258,43.41796],[28.31252,43.41794],[28.31245,43.41789],[28.31241,43.41782]]},"properties":{"osm_type":"way","osm_id":848194710,"iso_country":"BG","golf":"cartpath"}},{"type":"Feature","id":"way/848194711","geometry":{"type":"LineString","coordinates":[[28.32028,43.41803],[28.32037,43.41799],[28.32045,43.41798],[28.3205,43.41796],[28.32054,43.41791]]},"properties":{"osm_type":"way","osm_id":848194711,"iso_country":"BG","golf":"cartpath"}},{"type":"Feature","id":"way/848194712","geometry":{"type":"LineString","coordinates":[[28.30337,43.4175],[28.30333,43.41736]]},"properties":{"osm_type":"way","osm_id":848194712,"iso_country":"BG","golf":"cartpath"}},{"type":"Feature","id":"way/848194713","geometry":{"type":"LineString","coordinates":[[28.30566,43.4184],[28.30624,43.41862],[28.30716,43.41858],[28.30739,43.41882],[28.30762,43.41884],[28.30785,43.41899],[28.30817,43.41888],[28.30863,43.41891]]},"properties":{"osm_type":"way","osm_id":848194713,"iso_country":"BG","golf":"cartpath"}},{"type":"Feature","id":"way/848194714","geometry":{"type":"LineString","coordinates":[[28.30818,43.41901],[28.3081,43.4189]]},"properties":{"osm_type":"way","osm_id":848194714,"iso_country":"BG","golf":"cartpath"}},{"type":"Feature","id":"way/848194715","geometry":{"type":"LineString","coordinates":[[28.32349,43.41769],[28.32366,43.4177],[28.32382,43.41771],[28.3239,43.41771],[28.32397,43.4177],[28.32402,43.41776],[28.32413,43.41778],[28.32422,43.41778],[28.32431,43.41777],[28.32443,43.41775],[28.32446,43.41769]]},"properties":{"osm_type":"way","osm_id":848194715,"iso_country":"BG","golf":"cartpath"}},{"type":"Feature","id":"way/848194716","geometry":{"type":"LineString","coordinates":[[28.32443,43.41775],[28.32352,43.41808],[28.32291,43.41813],[28.32256,43.41798],[28.32217,43.41813]]},"properties":{"osm_type":"way","osm_id":848194716,"iso_country":"BG","golf":"cartpath"}},{"type":"Feature","id":"way/848194717","geometry":{"type":"LineString","coordinates":[[28.32001,43.41833],[28.31982,43.41845],[28.31968,43.41855],[28.31957,43.41861],[28.31946,43.41864],[28.31934,43.41864],[28.31927,43.41862],[28.31921,43.4186],[28.31914,43.4186],[28.31902,43.41865],[28.31897,43.41867]]},"properties":{"osm_type":"way","osm_id":848194717,"iso_country":"BG","golf":"cartpath"}},{"type":"Feature","id":"way/848194718","geometry":{"type":"LineString","coordinates":[[28.32011,43.41881],[28.32006,43.41874],[28.31982,43.41882],[28.31958,43.41892],[28.3195,43.41895],[28.31942,43.41895],[28.31938,43.41889],[28.31934,43.41884],[28.31924,43.41877],[28.31912,43.41875],[28.31903,43.41872],[28.31897,43.41867]]},"properties":{"osm_type":"way","osm_id":848194718,"iso_country":"BG","golf":"cartpath"}},{"type":"Feature","id":"way/848194719","geometry":{"type":"LineString","coordinates":[[28.31942,43.41895],[28.3186,43.41901],[28.31791,43.4187]]},"properties":{"osm_type":"way","osm_id":848194719,"iso_country":"BG","golf":"cartpath"}},{"type":"Feature","id":"way/848194720","geometry":{"type":"LineString","coordinates":[[28.31897,43.41867],[28.31883,43.41848],[28.31866,43.41844],[28.31806,43.41851],[28.31791,43.4187],[28.31779,43.41871],[28.31691,43.41825]]},"properties":{"osm_type":"way","osm_id":848194720,"iso_country":"BG","golf":"cartpath"}},{"type":"Feature","id":"way/848194721","geometry":{"type":"LineString","coordinates":[[28.31396,43.41791],[28.31409,43.41795],[28.3142,43.41801],[28.31434,43.41807],[28.31453,43.41809],[28.3147,43.41811],[28.31484,43.41814],[28.31493,43.41819],[28.31509,43.41823],[28.31516,43.41824]]},"properties":{"osm_type":"way","osm_id":848194721,"iso_country":"BG","golf":"cartpath"}},{"type":"Feature","id":"way/848194722","geometry":{"type":"LineString","coordinates":[[28.31484,43.41814],[28.3157,43.41793],[28.31691,43.41825]]},"properties":{"osm_type":"way","osm_id":848194722,"iso_country":"BG","golf":"cartpath"}},{"type":"Feature","id":"way/848194723","geometry":{"type":"LineString","coordinates":[[28.31424,43.41871],[28.31439,43.41856],[28.31488,43.41858],[28.31493,43.41819]]},"properties":{"osm_type":"way","osm_id":848194723,"iso_country":"BG","golf":"cartpath"}},{"type":"Feature","id":"way/848194724","geometry":{"type":"LineString","coordinates":[[28.31467,43.4186],[28.31481,43.41876],[28.31539,43.4188],[28.3156,43.4191],[28.31671,43.41922],[28.31697,43.41908],[28.31639,43.4189]]},"properties":{"osm_type":"way","osm_id":848194724,"iso_country":"BG","golf":"cartpath"}},{"type":"Feature","id":"way/848194725","geometry":{"type":"LineString","coordinates":[[28.31668,43.41899],[28.31682,43.41883]]},"properties":{"osm_type":"way","osm_id":848194725,"iso_country":"BG","golf":"cartpath"}},{"type":"Feature","id":"way/848197194","geometry":{"type":"Polygon","coordinates":[[[28.31559,43.41866],[28.31582,43.41858],[28.31579,43.41846],[28.31524,43.41857],[28.31502,43.4184],[28.31575,43.41827],[28.31611,43.4184],[28.31657,43.41832],[28.31724,43.41861],[28.31706,43.4187],[28.31709,43.41887],[28.31566,43.41873],[28.31559,43.41866]]]},"properties":{"osm_type":"way","osm_id":848197194,"iso_country":"BG","golf":"fairway"}},{"type":"Feature","id":"way/848197195","geometry":{"type":"Polygon","coordinates":[[[28.31957,43.41778],[28.31938,43.41759],[28.31912,43.41773],[28.31853,43.41773],[28.31842,43.41763],[28.31952,43.41743],[28.31987,43.41751],[28.31993,43.41771],[28.31974,43.41782],[28.31957,43.41778]]]},"properties":{"osm_type":"way","osm_id":848197195,"iso_country":"BG","golf":"fairway"}},{"type":"Feature","id":"way/848197196","geometry":{"type":"Polygon","coordinates":[[[28.31237,43.41803],[28.31261,43.41803],[28.31366,43.41838],[28.31398,43.41839],[28.31423,43.41856],[28.31409,43.41867],[28.31246,43.41834],[28.31237,43.41827],[28.31243,43.41816],[28.31232,43.41811],[28.31237,43.41803]]]},"properties":{"osm_type":"way","osm_id":848197196,"iso_country":"BG","golf":"fairway"}},{"type":"Feature","id":"way/848197197","geometry":{"type":"Polygon","coordinates":[[[28.32364,43.41763],[28.32297,43.41764],[28.32218,43.41747],[28.32243,43.41731],[28.32273,43.41747],[28.32369,43.41736],[28.32388,43.41748],[28.32364,43.41763]]]},"properties":{"osm_type":"way","osm_id":848197197,"iso_country":"BG","golf":"fairway"}},{"type":"Feature","id":"way/848244364","geometry":{"type":"Polygon","coordinates":[[[28.2828,43.41345],[28.28321,43.41331],[28.28324,43.41316],[28.28309,43.41311],[28.28271,43.41323],[28.28261,43.41343],[28.2828,43.41345]]]},"properties":{"osm_type":"way","osm_id":848244364,"iso_country":"BG","golf":"fairway"}},{"type":"Feature","id":"way/848244365","geometry":{"type":"Polygon","coordinates":[[[28.28269,43.41478],[28.28231,43.41472],[28.28228,43.41486],[28.28214,43.41489],[28.28225,43.41497],[28.28304,43.41505],[28.2838,43.41536],[28.28445,43.41541],[28.28507,43.41566],[28.28543,43.41553],[28.28536,43.41539],[28.28486,43.41518],[28.28427,43.41516],[28.2836,43.4149],[28.28298,43.4149],[28.28269,43.41478]]]},"properties":{"osm_type":"way","osm_id":848244365,"iso_country":"BG","golf":"fairway"}},{"type":"Feature","id":"way/848244366","geometry":{"type":"Polygon","coordinates":[[[28.28943,43.41612],[28.2893,43.41623],[28.28915,43.4162],[28.28877,43.41584],[28.28915,43.4158],[28.28922,43.41599],[28.28943,43.41612]]]},"properties":{"osm_type":"way","osm_id":848244366,"iso_country":"BG","golf":"fairway"}},{"type":"Feature","id":"way/848419096","geometry":{"type":"Polygon","coordinates":[[[28.30298,43.41738],[28.3029,43.41737],[28.303,43.41729],[28.30298,43.41738]]]},"properties":{"osm_type":"way","osm_id":848419096,"iso_country":"BG","golf":"bunker"}},{"type":"Feature","id":"way/848419097","geometry":{"type":"Polygon","coordinates":[[[28.30323,43.41716],[28.30318,43.41743],[28.30307,43.41753],[28.30227,43.4174],[28.30182,43.41749],[28.30138,43.41743],[28.30108,43.41767],[28.29958,43.41749],[28.29941,43.41737],[28.30011,43.41725],[28.30119,43.41728],[28.30248,43.41709],[28.30323,43.41716]]]},"properties":{"osm_type":"way","osm_id":848419097,"iso_country":"BG","golf":"fairway"}},{"type":"Feature","id":"way/848419098","geometry":{"type":"Polygon","coordinates":[[[28.30643,43.41832],[28.30619,43.41839],[28.30571,43.41827],[28.30564,43.418],[28.30544,43.41784],[28.30565,43.41779],[28.306,43.41801],[28.30664,43.41803],[28.30688,43.41828],[28.30729,43.41834],[28.3074,43.41844],[28.3072,43.41855],[28.30662,43.41831],[28.30643,43.41832]]]},"properties":{"osm_type":"way","osm_id":848419098,"iso_country":"BG","golf":"fairway"}},{"type":"Feature","id":"way/848432730","geometry":{"type":"Polygon","coordinates":[[[28.29329,43.41735],[28.29359,43.41731],[28.29376,43.4174],[28.29395,43.41727],[28.2935,43.41714],[28.29327,43.41717],[28.29329,43.41735]]]},"properties":{"osm_type":"way","osm_id":848432730,"iso_country":"BG","golf":"fairway"}},{"type":"Feature","id":"way/848432731","geometry":{"type":"Polygon","coordinates":[[[28.28687,43.41418],[28.28659,43.41418],[28.28611,43.41368],[28.28552,43.41372],[28.28492,43.41352],[28.28481,43.41333],[28.28509,43.41321],[28.28631,43.41349],[28.28687,43.41418]]]},"properties":{"osm_type":"way","osm_id":848432731,"iso_country":"BG","golf":"fairway"}},{"type":"Feature","id":"way/848443869","geometry":{"type":"Polygon","coordinates":[[[28.30145,43.41754],[28.30139,43.41745],[28.30128,43.41753],[28.3014,43.4176],[28.30145,43.41754]]]},"properties":{"osm_type":"way","osm_id":848443869,"iso_country":"BG","golf":"bunker"}},{"type":"Feature","id":"way/848443870","geometry":{"type":"Polygon","coordinates":[[[28.30268,43.4179],[28.30258,43.41782],[28.30273,43.41785],[28.30268,43.4179]]]},"properties":{"osm_type":"way","osm_id":848443870,"iso_country":"BG","golf":"bunker"}},{"type":"Feature","id":"way/848443871","geometry":{"type":"Polygon","coordinates":[[[28.30245,43.41822],[28.30224,43.41812],[28.30253,43.41814],[28.30245,43.41822]]]},"properties":{"osm_type":"way","osm_id":848443871,"iso_country":"BG","golf":"bunker"}},{"type":"Feature","id":"way/848443872","geometry":{"type":"Polygon","coordinates":[[[28.30734,43.41857],[28.30733,43.41849],[28.30744,43.41851],[28.30734,43.41857]]]},"properties":{"osm_type":"way","osm_id":848443872,"iso_country":"BG","golf":"bunker"}},{"type":"Feature","id":"way/848443873","geometry":{"type":"Polygon","coordinates":[[[28.30777,43.41859],[28.3077,43.41856],[28.30776,43.4185],[28.30777,43.41859]]]},"properties":{"osm_type":"way","osm_id":848443873,"iso_country":"BG","golf":"bunker"}},{"type":"Feature","id":"way/848443874","geometry":{"type":"Polygon","coordinates":[[[28.30754,43.41832],[28.30732,43.41826],[28.30765,43.41825],[28.30754,43.41832]]]},"properties":{"osm_type":"way","osm_id":848443874,"iso_country":"BG","golf":"bunker"}},{"type":"Feature","id":"way/848443875","geometry":{"type":"Polygon","coordinates":[[[28.29935,43.41799],[28.29915,43.41789],[28.29936,43.41791],[28.29935,43.41799]]]},"properties":{"osm_type":"way","osm_id":848443875,"iso_country":"BG","golf":"bunker"}},{"type":"Feature","id":"way/848443876","geometry":{"type":"Polygon","coordinates":[[[28.29935,43.41799],[28.29936,43.418],[28.29938,43.418],[28.2994,43.41799],[28.29942,43.41798],[28.29943,43.41797],[28.29944,43.41796],[28.29944,43.41794],[28.29943,43.41793],[28.29942,43.41792],[28.29939,43.41791],[28.29936,43.41791],[28.29935,43.41799]]]},"properties":{"osm_type":"way","osm_id":848443876,"iso_country":"BG","golf":"bunker"}},{"type":"Feature","id":"way/848443877","geometry":{"type":"Polygon","coordinates":[[[28.29021,43.41649],[28.2902,43.41649],[28.29019,43.41649],[28.29018,43.41648],[28.29018,43.41648],[28.29016,43.41647],[28.29015,43.41646],[28.29016,43.41646],[28.29016,43.41645],[28.29016,43.41644],[28.29017,43.41643],[28.29019,43.41643],[28.29021,43.41643],[28.29021,43.41644],[28.29022,43.41644],[28.29023,43.41645],[28.29023,43.41646],[28.29023,43.41647],[28.29023,43.41648],[28.29021,43.41649]]]},"properties":{"osm_type":"way","osm_id":848443877,"iso_country":"BG","golf":"bunker"}},{"type":"Feature","id":"way/848443878","geometry":{"type":"Polygon","coordinates":[[[28.28891,43.41599],[28.28895,43.4161],[28.2888,43.41608],[28.28891,43.41599]]]},"properties":{"osm_type":"way","osm_id":848443878,"iso_country":"BG","golf":"bunker"}},{"type":"Feature","id":"way/848443879","geometry":{"type":"Polygon","coordinates":[[[28.28225,43.41485],[28.28218,43.41482],[28.28223,43.41466],[28.28231,43.41479],[28.28225,43.41485]]]},"properties":{"osm_type":"way","osm_id":848443879,"iso_country":"BG","golf":"bunker"}},{"type":"Feature","id":"way/848443880","geometry":{"type":"Polygon","coordinates":[[[28.28304,43.41359],[28.28303,43.41359],[28.28301,43.41359],[28.28299,43.41359],[28.28297,43.41358],[28.28295,43.41358],[28.28294,43.41357],[28.28293,43.41355],[28.28293,43.41354],[28.28293,43.41353],[28.28295,43.41354],[28.28296,43.41354],[28.28298,43.41354],[28.28298,43.41353],[28.283,43.41353],[28.28302,43.41354],[28.28302,43.41355],[28.28301,43.41356],[28.28303,43.41356],[28.28304,43.41356],[28.28305,43.41355],[28.28306,43.41356],[28.28306,43.41357],[28.28304,43.41359]]]},"properties":{"osm_type":"way","osm_id":848443880,"iso_country":"BG","golf":"bunker"}},{"type":"Feature","id":"way/848443881","geometry":{"type":"Polygon","coordinates":[[[28.28499,43.41452],[28.28482,43.4144],[28.28505,43.41447],[28.28499,43.41452]]]},"properties":{"osm_type":"way","osm_id":848443881,"iso_country":"BG","golf":"bunker"}},{"type":"Feature","id":"way/848443882","geometry":{"type":"Polygon","coordinates":[[[28.28377,43.41474],[28.28367,43.41456],[28.28386,43.41415],[28.28412,43.41396],[28.28433,43.41397],[28.28404,43.41423],[28.2839,43.41472],[28.28377,43.41474]]]},"properties":{"osm_type":"way","osm_id":848443882,"iso_country":"BG","golf":"tee"}},{"type":"Feature","id":"way/848443883","geometry":{"type":"Polygon","coordinates":[[[28.28403,43.41391],[28.28396,43.41385],[28.28429,43.41382],[28.28403,43.41391]]]},"properties":{"osm_type":"way","osm_id":848443883,"iso_country":"BG","golf":"bunker"}},{"type":"Feature","id":"way/848443885","geometry":{"type":"Polygon","coordinates":[[[28.28675,43.41391],[28.28656,43.41372],[28.28674,43.4138],[28.28675,43.41391]]]},"properties":{"osm_type":"way","osm_id":848443885,"iso_country":"BG","golf":"bunker"}},{"type":"Feature","id":"way/848443886","geometry":{"type":"Polygon","coordinates":[[[28.28988,43.41539],[28.28986,43.41539],[28.28985,43.4154],[28.28984,43.4154],[28.28983,43.4154],[28.28981,43.4154],[28.2898,43.4154],[28.28979,43.4154],[28.28978,43.41539],[28.28977,43.41538],[28.28976,43.41538],[28.28976,43.41536],[28.28976,43.41535],[28.28977,43.41534],[28.28977,43.41533],[28.28978,43.41532],[28.2898,43.41532],[28.28981,43.41533],[28.28983,43.41533],[28.28986,43.41533],[28.28986,43.41534],[28.28986,43.41536],[28.28987,43.41537],[28.28989,43.41536],[28.28991,43.41536],[28.28991,43.41537],[28.2899,43.41538],[28.28989,43.41539],[28.28988,43.41539]]]},"properties":{"osm_type":"way","osm_id":848443886,"iso_country":"BG","golf":"bunker"}},{"type":"Feature","id":"way/848443887","geometry":{"type":"Polygon","coordinates":[[[28.29426,43.41728],[28.29425,43.4173],[28.29422,43.41731],[28.2942,43.41732],[28.29418,43.41732],[28.29416,43.41731],[28.29414,43.4173],[28.29412,43.4173],[28.29413,43.41729],[28.29415,43.41728],[28.29418,43.41727],[28.2942,43.41727],[28.29422,43.41727],[28.29423,43.41726],[28.29425,43.41726],[28.29426,43.41728]]]},"properties":{"osm_type":"way","osm_id":848443887,"iso_country":"BG","golf":"bunker"}},{"type":"Feature","id":"way/848443888","geometry":{"type":"Polygon","coordinates":[[[28.2941,43.41751],[28.29408,43.41751],[28.29406,43.41751],[28.29405,43.4175],[28.29404,43.4175],[28.29404,43.41748],[28.29405,43.41747],[28.29405,43.41746],[28.29405,43.41745],[28.29405,43.41744],[28.29406,43.41744],[28.29407,43.41745],[28.29408,43.41746],[28.29408,43.41745],[28.29409,43.41744],[28.2941,43.41744],[28.29411,43.41745],[28.29412,43.41746],[28.29412,43.41746],[28.29411,43.41747],[28.29411,43.41748],[28.29412,43.41749],[28.29411,43.4175],[28.2941,43.41751]]]},"properties":{"osm_type":"way","osm_id":848443888,"iso_country":"BG","golf":"bunker"}},{"type":"Feature","id":"way/848443889","geometry":{"type":"Polygon","coordinates":[[[28.30639,43.41851],[28.30627,43.41845],[28.30646,43.41844],[28.30639,43.41851]]]},"properties":{"osm_type":"way","osm_id":848443889,"iso_country":"BG","golf":"bunker"}},{"type":"Feature","id":"way/848443890","geometry":{"type":"Polygon","coordinates":[[[28.30655,43.41842],[28.30651,43.41848],[28.30647,43.41834],[28.30655,43.41842]]]},"properties":{"osm_type":"way","osm_id":848443890,"iso_country":"BG","golf":"bunker"}},{"type":"Feature","id":"way/848510894","geometry":{"type":"Polygon","coordinates":[[[28.29113,43.41622],[28.29094,43.41617],[28.2911,43.41612],[28.29123,43.41617],[28.29113,43.41622]]]},"properties":{"osm_type":"way","osm_id":848510894,"iso_country":"BG","golf":"bunker"}},{"type":"Feature","id":"way/848510895","geometry":{"type":"Polygon","coordinates":[[[28.29012,43.41644],[28.29003,43.41631],[28.29016,43.41637],[28.29012,43.41644]]]},"properties":{"osm_type":"way","osm_id":848510895,"iso_country":"BG","golf":"bunker"}},{"type":"Feature","id":"way/848510896","geometry":{"type":"Polygon","coordinates":[[[28.29262,43.41582],[28.29251,43.41582],[28.29253,43.41574],[28.29278,43.4158],[28.29262,43.41582]]]},"properties":{"osm_type":"way","osm_id":848510896,"iso_country":"BG","golf":"bunker"}},{"type":"Feature","id":"way/848510897","geometry":{"type":"Polygon","coordinates":[[[28.31221,43.41832],[28.31215,43.41822],[28.3123,43.41823],[28.31221,43.41832]]]},"properties":{"osm_type":"way","osm_id":848510897,"iso_country":"BG","golf":"bunker"}},{"type":"Feature","id":"way/848510898","geometry":{"type":"Polygon","coordinates":[[[28.31724,43.41882],[28.31709,43.4187],[28.3172,43.41866],[28.31724,43.41882]]]},"properties":{"osm_type":"way","osm_id":848510898,"iso_country":"BG","golf":"bunker"}},{"type":"Feature","id":"way/848510899","geometry":{"type":"Polygon","coordinates":[[[28.31922,43.4182],[28.31922,43.41821],[28.31922,43.41822],[28.31921,43.41823],[28.31921,43.41825],[28.3192,43.41826],[28.31918,43.41826],[28.31916,43.41826],[28.31915,43.41825],[28.31914,43.41825],[28.31913,43.41824],[28.31913,43.41823],[28.31913,43.41822],[28.31914,43.41821],[28.31916,43.41821],[28.31916,43.41821],[28.31917,43.4182],[28.31919,43.41819],[28.3192,43.41819],[28.31921,43.4182],[28.31922,43.4182]]]},"properties":{"osm_type":"way","osm_id":848510899,"iso_country":"BG","golf":"bunker"}},{"type":"Feature","id":"way/848510900","geometry":{"type":"Polygon","coordinates":[[[28.32396,43.41756],[28.32396,43.41757],[28.32395,43.41757],[28.32395,43.41758],[28.32394,43.41759],[28.32394,43.41759],[28.32395,43.4176],[28.32395,43.4176],[28.32395,43.41761],[28.32393,43.41762],[28.32392,43.41762],[28.32391,43.41762],[28.3239,43.41761],[28.32389,43.4176],[28.32388,43.41759],[28.32387,43.41759],[28.32386,43.41758],[28.32386,43.41757],[28.32386,43.41756],[28.32386,43.41755],[28.32386,43.41754],[28.32387,43.41754],[28.32388,43.41754],[28.32389,43.41755],[28.3239,43.41755],[28.32391,43.41754],[28.32392,43.41754],[28.32393,43.41753],[28.32394,43.41753],[28.32395,43.41754],[28.32396,43.41754],[28.32397,43.41755],[28.32397,43.41756],[28.32396,43.41756]]]},"properties":{"osm_type":"way","osm_id":848510900,"iso_country":"BG","golf":"bunker"}},{"type":"Feature","id":"way/848510901","geometry":{"type":"Polygon","coordinates":[[[28.32426,43.4175],[28.32425,43.41751],[28.32424,43.41751],[28.32422,43.41751],[28.32421,43.41751],[28.3242,43.41751],[28.32419,43.41751],[28.32418,43.41751],[28.32417,43.41751],[28.32416,43.41751],[28.32415,43.41752],[28.32414,43.41752],[28.32413,43.41752],[28.32412,43.41752],[28.32411,43.41751],[28.3241,43.4175],[28.3241,43.41749],[28.32412,43.41748],[28.32413,43.41747],[28.32414,43.41747],[28.32414,43.41747],[28.32416,43.41747],[28.32417,43.41747],[28.32419,43.41747],[28.3242,43.41746],[28.32421,43.41746],[28.32422,43.41745],[28.32423,43.41745],[28.32424,43.41745],[28.32425,43.41746],[28.32424,43.41747],[28.32424,43.41747],[28.32424,43.41748],[28.32424,43.41749],[28.32424,43.41749],[28.32425,43.41749],[28.32426,43.41749],[28.32426,43.4175]]]},"properties":{"osm_type":"way","osm_id":848510901,"iso_country":"BG","golf":"bunker"}},{"type":"Feature","id":"way/848510902","geometry":{"type":"Polygon","coordinates":[[[28.32216,43.41791],[28.322,43.41808],[28.32104,43.41835],[28.32012,43.41828],[28.31941,43.41856],[28.31916,43.41852],[28.31908,43.4184],[28.31997,43.41823],[28.32033,43.41803],[28.32094,43.41815],[28.3216,43.41796],[28.32216,43.41791]]]},"properties":{"osm_type":"way","osm_id":848510902,"iso_country":"BG","golf":"fairway"}},{"type":"Feature","id":"way/848513274","geometry":{"type":"Polygon","coordinates":[[[28.31785,43.41843],[28.31771,43.41849],[28.31755,43.4184],[28.31785,43.41843]]]},"properties":{"osm_type":"way","osm_id":848513274,"iso_country":"BG","golf":"bunker"}},{"type":"Feature","id":"way/848513275","geometry":{"type":"Polygon","coordinates":[[[28.31932,43.41782],[28.31924,43.41782],[28.31927,43.41775],[28.31938,43.41772],[28.31932,43.41782]]]},"properties":{"osm_type":"way","osm_id":848513275,"iso_country":"BG","golf":"bunker"}},{"type":"Feature","id":"way/848513276","geometry":{"type":"Polygon","coordinates":[[[28.31358,43.41815],[28.31375,43.41818],[28.3138,43.41833],[28.31361,43.4183],[28.31358,43.41815]]]},"properties":{"osm_type":"way","osm_id":848513276,"iso_country":"BG","golf":"bunker"}},{"type":"Feature","id":"way/848513277","geometry":{"type":"Polygon","coordinates":[[[28.30247,43.4181],[28.30274,43.41823],[28.30313,43.41824],[28.3034,43.41843],[28.30507,43.41873],[28.30522,43.41867],[28.30507,43.41848],[28.30449,43.41829],[28.30397,43.41828],[28.30287,43.41796],[28.30252,43.41799],[28.30247,43.4181]]]},"properties":{"osm_type":"way","osm_id":848513277,"iso_country":"BG","golf":"fairway"}},{"type":"Feature","id":"way/848513278","geometry":{"type":"Polygon","coordinates":[[[28.31176,43.41758],[28.31155,43.41761],[28.31128,43.41781],[28.31112,43.4178],[28.31172,43.41744],[28.31176,43.41758]]]},"properties":{"osm_type":"way","osm_id":848513278,"iso_country":"BG","golf":"fairway"}},{"type":"Feature","id":"way/848544668","geometry":{"type":"Polygon","coordinates":[[[28.28951,43.41595],[28.28943,43.41602],[28.28946,43.4159],[28.28922,43.41584],[28.2895,43.41578],[28.28962,43.41595],[28.28951,43.41595]]]},"properties":{"osm_type":"way","osm_id":848544668,"iso_country":"BG","golf":"bunker"}},{"type":"Feature","id":"way/848544669","geometry":{"type":"Polygon","coordinates":[[[28.29254,43.41653],[28.29227,43.41644],[28.29239,43.4165],[28.29227,43.41655],[28.29248,43.41667],[28.29257,43.41664],[28.29254,43.41653]]]},"properties":{"osm_type":"way","osm_id":848544669,"iso_country":"BG","golf":"bunker"}},{"type":"Feature","id":"way/848621301","geometry":{"type":"Polygon","coordinates":[[[28.29424,43.41627],[28.29408,43.41623],[28.29412,43.41613],[28.2943,43.41625],[28.29424,43.41627]]]},"properties":{"osm_type":"way","osm_id":848621301,"iso_country":"BG","golf":"bunker"}},{"type":"Feature","id":"way/848621302","geometry":{"type":"Polygon","coordinates":[[[28.29371,43.41744],[28.29357,43.41745],[28.29368,43.41738],[28.29371,43.41744]]]},"properties":{"osm_type":"way","osm_id":848621302,"iso_country":"BG","golf":"bunker"}},{"type":"Feature","id":"way/848621303","geometry":{"type":"Polygon","coordinates":[[[28.29611,43.41805],[28.29594,43.41801],[28.29607,43.41798],[28.29593,43.41792],[28.29614,43.41788],[28.29611,43.41805]]]},"properties":{"osm_type":"way","osm_id":848621303,"iso_country":"BG","golf":"bunker"}},{"type":"Feature","id":"way/848621304","geometry":{"type":"Polygon","coordinates":[[[28.29611,43.41805],[28.2962,43.41796],[28.29615,43.41788],[28.29611,43.41805]]]},"properties":{"osm_type":"way","osm_id":848621304,"iso_country":"BG","golf":"bunker"}},{"type":"Feature","id":"way/848621305","geometry":{"type":"Polygon","coordinates":[[[28.29414,43.41739],[28.29398,43.41736],[28.29415,43.41731],[28.29414,43.41739]]]},"properties":{"osm_type":"way","osm_id":848621305,"iso_country":"BG","golf":"bunker"}},{"type":"Feature","id":"way/848621306","geometry":{"type":"Polygon","coordinates":[[[28.29324,43.41712],[28.29289,43.41701],[28.29314,43.41698],[28.29328,43.41706],[28.29324,43.41712]]]},"properties":{"osm_type":"way","osm_id":848621306,"iso_country":"BG","golf":"bunker"}},{"type":"Feature","id":"way/848621307","geometry":{"type":"Polygon","coordinates":[[[28.28455,43.4147],[28.28442,43.41468],[28.28444,43.41461],[28.28469,43.41463],[28.28455,43.4147]]]},"properties":{"osm_type":"way","osm_id":848621307,"iso_country":"BG","golf":"bunker"}},{"type":"Feature","id":"way/848621308","geometry":{"type":"Polygon","coordinates":[[[28.28557,43.41495],[28.2854,43.41485],[28.28551,43.41484],[28.28557,43.41495]]]},"properties":{"osm_type":"way","osm_id":848621308,"iso_country":"BG","golf":"bunker"}},{"type":"Feature","id":"way/848621309","geometry":{"type":"Polygon","coordinates":[[[28.28615,43.41475],[28.28596,43.41469],[28.28622,43.41465],[28.28615,43.41475]]]},"properties":{"osm_type":"way","osm_id":848621309,"iso_country":"BG","golf":"bunker"}},{"type":"Feature","id":"way/848621310","geometry":{"type":"Polygon","coordinates":[[[28.28643,43.41524],[28.2862,43.41513],[28.28638,43.41511],[28.28643,43.41524]]]},"properties":{"osm_type":"way","osm_id":848621310,"iso_country":"BG","golf":"bunker"}},{"type":"Feature","id":"way/848621311","geometry":{"type":"Polygon","coordinates":[[[28.28676,43.41494],[28.28677,43.41495],[28.28678,43.41494],[28.28678,43.41494],[28.28679,43.41493],[28.2868,43.41493],[28.28681,43.41493],[28.28682,43.41494],[28.28682,43.41495],[28.28683,43.41496],[28.28683,43.41497],[28.28682,43.41498],[28.28681,43.41499],[28.28679,43.41499],[28.28678,43.415],[28.28677,43.415],[28.28676,43.41499],[28.28674,43.41499],[28.28672,43.41498],[28.28671,43.41496],[28.2867,43.41495],[28.2867,43.41493],[28.28669,43.41492],[28.28669,43.41491],[28.28669,43.4149],[28.2867,43.41489],[28.28671,43.41488],[28.28672,43.41487],[28.28673,43.41487],[28.28674,43.41487],[28.28676,43.41487],[28.28677,43.41488],[28.28677,43.41489],[28.28678,43.4149],[28.28677,43.4149],[28.28677,43.41491],[28.28676,43.41491],[28.28675,43.41492],[28.28675,43.41493],[28.28676,43.41494],[28.28676,43.41494]]]},"properties":{"osm_type":"way","osm_id":848621311,"iso_country":"BG","golf":"bunker"}},{"type":"Feature","id":"way/848621312","geometry":{"type":"Polygon","coordinates":[[[28.28447,43.41409],[28.28445,43.41402],[28.28462,43.41408],[28.28447,43.41409]]]},"properties":{"osm_type":"way","osm_id":848621312,"iso_country":"BG","golf":"bunker"}},{"type":"Feature","id":"way/848621313","geometry":{"type":"Polygon","coordinates":[[[28.28299,43.41352],[28.28325,43.41341],[28.28317,43.41334],[28.2831,43.41346],[28.28284,43.41345],[28.28299,43.41352]]]},"properties":{"osm_type":"way","osm_id":848621313,"iso_country":"BG","golf":"bunker"}},{"type":"Feature","id":"way/848645135","geometry":{"type":"Polygon","coordinates":[[[28.30909,43.41866],[28.30884,43.4187],[28.30907,43.4186],[28.30909,43.41866]]]},"properties":{"osm_type":"way","osm_id":848645135,"iso_country":"BG","golf":"bunker"}},{"type":"Feature","id":"way/848645136","geometry":{"type":"Polygon","coordinates":[[[28.3089,43.41861],[28.30875,43.41874],[28.30834,43.41875],[28.30856,43.41861],[28.3089,43.41861]]]},"properties":{"osm_type":"way","osm_id":848645136,"iso_country":"BG","golf":"fairway"}},{"type":"Feature","id":"way/848645137","geometry":{"type":"Polygon","coordinates":[[[28.30868,43.41853],[28.30853,43.41854],[28.30866,43.41845],[28.30887,43.41845],[28.30868,43.41853]]]},"properties":{"osm_type":"way","osm_id":848645137,"iso_country":"BG","golf":"bunker"}},{"type":"Feature","id":"way/848645138","geometry":{"type":"Polygon","coordinates":[[[28.31192,43.41737],[28.31183,43.41737],[28.31188,43.41727],[28.31197,43.41729],[28.31192,43.41737]]]},"properties":{"osm_type":"way","osm_id":848645138,"iso_country":"BG","golf":"bunker"}},{"type":"Feature","id":"way/848645139","geometry":{"type":"Polygon","coordinates":[[[28.31911,43.41821],[28.31896,43.41809],[28.3191,43.41812],[28.31911,43.41821]]]},"properties":{"osm_type":"way","osm_id":848645139,"iso_country":"BG","golf":"bunker"}},{"type":"Feature","id":"way/848645140","geometry":{"type":"Polygon","coordinates":[[[28.31931,43.41826],[28.31923,43.41826],[28.31928,43.41819],[28.31944,43.41823],[28.31938,43.41831],[28.31931,43.41826]]]},"properties":{"osm_type":"way","osm_id":848645140,"iso_country":"BG","golf":"bunker"}},{"type":"Feature","id":"way/848645141","geometry":{"type":"Polygon","coordinates":[[[28.31476,43.41794],[28.31467,43.41787],[28.31481,43.41774],[28.31544,43.41781],[28.31628,43.41769],[28.31675,43.41789],[28.31748,43.41802],[28.31802,43.41832],[28.31738,43.4183],[28.31586,43.41788],[28.31515,43.41803],[28.31476,43.41794]]]},"properties":{"osm_type":"way","osm_id":848645141,"iso_country":"BG","golf":"fairway"}},{"type":"Feature","id":"way/848645142","geometry":{"type":"Polygon","coordinates":[[[28.31957,43.41741],[28.31952,43.41734],[28.31974,43.41732],[28.31957,43.41741]]]},"properties":{"osm_type":"way","osm_id":848645142,"iso_country":"BG","golf":"bunker"}},{"type":"Feature","id":"way/848645143","geometry":{"type":"Polygon","coordinates":[[[28.31991,43.41765],[28.31999,43.41753],[28.32014,43.41762],[28.32024,43.41741],[28.31984,43.41749],[28.31991,43.41765]]]},"properties":{"osm_type":"way","osm_id":848645143,"iso_country":"BG","golf":"fairway"}},{"type":"Feature","id":"way/848645144","geometry":{"type":"Polygon","coordinates":[[[28.31975,43.41742],[28.31967,43.41742],[28.31971,43.41736],[28.31992,43.41737],[28.31975,43.41742]]]},"properties":{"osm_type":"way","osm_id":848645144,"iso_country":"BG","golf":"bunker"}},{"type":"Feature","id":"way/848645145","geometry":{"type":"Polygon","coordinates":[[[28.32121,43.41805],[28.3212,43.41806],[28.32119,43.41807],[28.32118,43.41808],[28.32116,43.41809],[28.32115,43.41809],[28.32114,43.41808],[28.32114,43.41808],[28.32113,43.41807],[28.32112,43.41806],[28.32111,43.41807],[28.3211,43.41808],[28.3211,43.41809],[28.32108,43.41809],[28.32107,43.41809],[28.32106,43.41809],[28.32105,43.41809],[28.32104,43.41809],[28.32103,43.41809],[28.32102,43.41808],[28.32101,43.41807],[28.32101,43.41807],[28.32102,43.41806],[28.32103,43.41806],[28.32104,43.41805],[28.32103,43.41805],[28.32102,43.41805],[28.32101,43.41805],[28.32101,43.41804],[28.32121,43.41805]]]},"properties":{"osm_type":"way","osm_id":848645145,"iso_country":"BG","golf":"bunker"}},{"type":"Feature","id":"way/848645146","geometry":{"type":"Polygon","coordinates":[[[28.32101,43.41804],[28.32098,43.41797],[28.32112,43.41801],[28.32108,43.41793],[28.32132,43.41793],[28.32129,43.41803],[28.32101,43.41804]]]},"properties":{"osm_type":"way","osm_id":848645146,"iso_country":"BG","golf":"bunker"}},{"type":"Feature","id":"way/848645147","geometry":{"type":"Polygon","coordinates":[[[28.31596,43.41761],[28.31572,43.41752],[28.31573,43.41759],[28.3156,43.41758],[28.31562,43.41768],[28.31554,43.41758],[28.31548,43.41769],[28.31532,43.41762],[28.31525,43.4177],[28.31541,43.4177],[28.31531,43.41776],[28.31546,43.41778],[28.31596,43.41761]]]},"properties":{"osm_type":"way","osm_id":848645147,"iso_country":"BG","golf":"bunker"}},{"type":"Feature","id":"way/848645148","geometry":{"type":"Polygon","coordinates":[[[28.31546,43.41766],[28.31543,43.41766],[28.31541,43.41766],[28.31539,43.41766],[28.31538,43.41765],[28.31538,43.41763],[28.31538,43.41762],[28.3154,43.41763],[28.31542,43.41763],[28.31542,43.41764],[28.31543,43.41765],[28.31546,43.41766]]]},"properties":{"osm_type":"way","osm_id":848645148,"iso_country":"BG","golf":"bunker"}},{"type":"Feature","id":"way/848645149","geometry":{"type":"Polygon","coordinates":[[[28.30268,43.41799],[28.30232,43.4178],[28.30211,43.4178],[28.30246,43.41779],[28.3027,43.41793],[28.30268,43.41799]]]},"properties":{"osm_type":"way","osm_id":848645149,"iso_country":"BG","golf":"bunker"}},{"type":"Feature","id":"way/848645150","geometry":{"type":"Polygon","coordinates":[[[28.30505,43.41838],[28.30442,43.41818],[28.30384,43.41814],[28.30428,43.4181],[28.30505,43.41838]]]},"properties":{"osm_type":"way","osm_id":848645150,"iso_country":"BG","golf":"bunker"}},{"type":"Feature","id":"way/848645151","geometry":{"type":"LineString","coordinates":[[28.30286,43.41848],[28.30289,43.41847],[28.3029,43.41844],[28.30292,43.41842],[28.30293,43.41839],[28.30293,43.41837],[28.30294,43.41834]]},"properties":{"osm_type":"way","osm_id":848645151,"iso_country":"BG","golf":"cartpath"}},{"type":"Feature","id":"way/848645152","geometry":{"type":"LineString","coordinates":[[28.30242,43.4175],[28.30248,43.41751],[28.30255,43.41752],[28.30262,43.41754],[28.30268,43.41755],[28.30274,43.41758]]},"properties":{"osm_type":"way","osm_id":848645152,"iso_country":"BG","golf":"cartpath"}},{"type":"Feature","id":"way/848645153","geometry":{"type":"Polygon","coordinates":[[[28.30279,43.41711],[28.30271,43.41707],[28.30274,43.41695],[28.30335,43.4168],[28.30302,43.41697],[28.30309,43.417],[28.30296,43.41711],[28.30279,43.41711]]]},"properties":{"osm_type":"way","osm_id":848645153,"iso_country":"BG","golf":"bunker"}},{"type":"Feature","id":"way/848645154","geometry":{"type":"Polygon","coordinates":[[[28.30668,43.41792],[28.30607,43.41798],[28.30576,43.41773],[28.30588,43.41767],[28.3062,43.41784],[28.30663,43.41784],[28.30668,43.41792]]]},"properties":{"osm_type":"way","osm_id":848645154,"iso_country":"BG","golf":"bunker"}},{"type":"Feature","id":"way/848645155","geometry":{"type":"Polygon","coordinates":[[[28.29034,43.41589],[28.29024,43.41595],[28.29011,43.41588],[28.29039,43.41578],[28.29057,43.41585],[28.29034,43.41589]]]},"properties":{"osm_type":"way","osm_id":848645155,"iso_country":"BG","golf":"bunker"}},{"type":"Feature","id":"way/848645156","geometry":{"type":"Polygon","coordinates":[[[28.28373,43.41417],[28.28372,43.41393],[28.28386,43.41368],[28.28409,43.41355],[28.28436,43.41364],[28.28433,43.41392],[28.28409,43.41392],[28.28373,43.41417]]]},"properties":{"osm_type":"way","osm_id":848645156,"iso_country":"BG","golf":"driving_range"}},{"type":"Feature","id":"way/848645157","geometry":{"type":"Polygon","coordinates":[[[28.29808,43.41802],[28.29775,43.41787],[28.29786,43.41778],[28.29823,43.41788],[28.29808,43.41802]]]},"properties":{"osm_type":"way","osm_id":848645157,"iso_country":"BG","golf":"bunker"}},{"type":"Feature","id":"way/848645158","geometry":{"type":"Polygon","coordinates":[[[28.28442,43.41515],[28.28413,43.41505],[28.28436,43.41503],[28.28442,43.41515]]]},"properties":{"osm_type":"way","osm_id":848645158,"iso_country":"BG","golf":"bunker"}},{"type":"Feature","id":"way/848645159","geometry":{"type":"Polygon","coordinates":[[[28.28442,43.41515],[28.28465,43.41506],[28.28432,43.415],[28.28442,43.41515]]]},"properties":{"osm_type":"way","osm_id":848645159,"iso_country":"BG","golf":"bunker"}},{"type":"Feature","id":"way/848645160","geometry":{"type":"Polygon","coordinates":[[[28.28577,43.41387],[28.28555,43.41379],[28.28593,43.41395],[28.28594,43.41387],[28.28586,43.41385],[28.28611,43.41375],[28.28583,43.4137],[28.28576,43.41377],[28.28594,43.41376],[28.28572,43.41379],[28.28577,43.41387]]]},"properties":{"osm_type":"way","osm_id":848645160,"iso_country":"BG","golf":"bunker"}},{"type":"Feature","id":"way/848645161","geometry":{"type":"Polygon","coordinates":[[[28.28435,43.4139],[28.28438,43.41403],[28.28525,43.41427],[28.28628,43.41434],[28.28732,43.41479],[28.28757,43.41482],[28.28831,43.41537],[28.28841,43.41563],[28.2875,43.41574],[28.28674,43.41555],[28.28623,43.4156],[28.28579,43.41522],[28.28554,43.41522],[28.28504,43.41487],[28.28474,43.41493],[28.28436,43.41483],[28.28421,43.41464],[28.28391,43.41469],[28.28373,43.41417],[28.28435,43.4139]]]},"properties":{"osm_type":"way","osm_id":848645161,"iso_country":"BG","golf":"driving_range"}},{"type":"Feature","id":"way/848646532","geometry":{"type":"Polygon","coordinates":[[[28.29413,43.41606],[28.29356,43.41618],[28.29322,43.41613],[28.2922,43.41625],[28.29085,43.41588],[28.29054,43.41571],[28.28969,43.41582],[28.28951,43.41555],[28.28913,43.41543],[28.28906,43.41523],[28.28936,43.41515],[28.28969,43.41524],[28.28985,43.41559],[28.29413,43.41606]]]},"properties":{"osm_type":"way","osm_id":848646532,"iso_country":"BG","golf":"fairway"}},{"type":"Feature","id":"way/848646533","geometry":{"type":"Polygon","coordinates":[[[28.28975,43.41542],[28.2902,43.41535],[28.29055,43.41552],[28.29194,43.41581],[28.29412,43.41592],[28.29413,43.41606],[28.28985,43.41559],[28.28975,43.41542]]]},"properties":{"osm_type":"way","osm_id":848646533,"iso_country":"BG","golf":"fairway"}},{"type":"Feature","id":"way/1075334969","geometry":{"type":"LineString","coordinates":[[23.89249,42.91014],[23.89224,42.9102],[23.89214,42.9104],[23.89171,42.91034],[23.8909,42.91051],[23.89068,42.91043]]},"properties":{"osm_type":"way","osm_id":1075334969,"iso_country":"BG","golf":"cartpath"}},{"type":"Feature","id":"way/1075334970","geometry":{"type":"LineString","coordinates":[[23.8922,42.91025],[23.89158,42.91011],[23.89121,42.90992]]},"properties":{"osm_type":"way","osm_id":1075334970,"iso_country":"BG","golf":"cartpath"}},{"type":"Feature","id":"way/1075334971","geometry":{"type":"Polygon","coordinates":[[[23.89066,42.91021],[23.89058,42.91012],[23.89066,42.91006],[23.89119,42.91024],[23.89066,42.91021]]]},"properties":{"osm_type":"way","osm_id":1075334971,"iso_country":"BG","golf":"bunker"}},{"type":"Feature","id":"way/1075334975","geometry":{"type":"LineString","coordinates":[[23.88738,42.90939],[23.88727,42.90918],[23.88653,42.90889],[23.88647,42.90867],[23.88668,42.90855],[23.8867,42.90841],[23.8862,42.90832],[23.88611,42.90814]]},"properties":{"osm_type":"way","osm_id":1075334975,"iso_country":"BG","golf":"cartpath"}},{"type":"Feature","id":"way/1075334976","geometry":{"type":"LineString","coordinates":[[23.88788,42.90967],[23.88782,42.90965],[23.88774,42.9096],[23.88767,42.90958],[23.88759,42.90955],[23.88751,42.9095],[23.88745,42.90946],[23.88744,42.90945]]},"properties":{"osm_type":"way","osm_id":1075334976,"iso_country":"BG","golf":"cartpath"}},{"type":"Feature","id":"way/1075334977","geometry":{"type":"LineString","coordinates":[[23.88744,42.90945],[23.88738,42.90939]]},"properties":{"osm_type":"way","osm_id":1075334977,"iso_country":"BG","golf":"cartpath"}},{"type":"Feature","id":"way/1075334978","geometry":{"type":"Polygon","coordinates":[[[23.88577,42.9082],[23.88601,42.90812],[23.88584,42.90805],[23.88577,42.9082]]]},"properties":{"osm_type":"way","osm_id":1075334978,"iso_country":"BG","golf":"bunker"}},{"type":"Feature","id":"way/1075334979","geometry":{"type":"Polygon","coordinates":[[[23.88598,42.90781],[23.88609,42.9077],[23.88602,42.90766],[23.8857,42.90784],[23.88582,42.90791],[23.88598,42.90781]]]},"properties":{"osm_type":"way","osm_id":1075334979,"iso_country":"BG","golf":"bunker"}},{"type":"Feature","id":"way/1075334980","geometry":{"type":"LineString","coordinates":[[23.88532,42.90808],[23.88535,42.90787],[23.88583,42.90764],[23.88663,42.90734],[23.88733,42.90723]]},"properties":{"osm_type":"way","osm_id":1075334980,"iso_country":"BG","golf":"cartpath"}},{"type":"Feature","id":"way/1075334981","geometry":{"type":"LineString","coordinates":[[23.88514,42.90795],[23.88521,42.90792],[23.88528,42.9079],[23.88535,42.90787]]},"properties":{"osm_type":"way","osm_id":1075334981,"iso_country":"BG","golf":"cartpath"}},{"type":"Feature","id":"way/1075334982","geometry":{"type":"Polygon","coordinates":[[[23.88689,42.90758],[23.88711,42.90737],[23.88676,42.90748],[23.88689,42.90758]]]},"properties":{"osm_type":"way","osm_id":1075334982,"iso_country":"BG","golf":"bunker"}},{"type":"Feature","id":"way/1075334983","geometry":{"type":"LineString","coordinates":[[23.88741,42.90717],[23.88749,42.90711]]},"properties":{"osm_type":"way","osm_id":1075334983,"iso_country":"BG","golf":"cartpath"}},{"type":"Feature","id":"way/1075334984","geometry":{"type":"LineString","coordinates":[[23.88733,42.90723],[23.88741,42.90717]]},"properties":{"osm_type":"way","osm_id":1075334984,"iso_country":"BG","golf":"cartpath"}},{"type":"Feature","id":"way/1075334985","geometry":{"type":"LineString","coordinates":[[23.88876,42.90712],[23.88865,42.90716],[23.88854,42.90719],[23.8884,42.90723],[23.88831,42.90727],[23.88825,42.90734],[23.88818,42.90743],[23.88809,42.90751],[23.88804,42.90759],[23.888,42.90766],[23.88798,42.90769]]},"properties":{"osm_type":"way","osm_id":1075334985,"iso_country":"BG","golf":"cartpath"}},{"type":"Feature","id":"way/1075334987","geometry":{"type":"Polygon","coordinates":[[[23.88709,42.90896],[23.88693,42.90893],[23.88673,42.90871],[23.88697,42.90862],[23.88697,42.9088],[23.88716,42.9089],[23.88709,42.90896]]]},"properties":{"osm_type":"way","osm_id":1075334987,"iso_country":"BG","golf":"bunker"}},{"type":"Feature","id":"way/1075334988","geometry":{"type":"Polygon","coordinates":[[[23.88712,42.90859],[23.88722,42.90853],[23.88741,42.90864],[23.88755,42.90842],[23.88709,42.90837],[23.88703,42.90855],[23.88712,42.90859]]]},"properties":{"osm_type":"way","osm_id":1075334988,"iso_country":"BG","golf":"bunker"}},{"type":"Feature","id":"way/1075334989","geometry":{"type":"Polygon","coordinates":[[[23.88798,42.90894],[23.88809,42.90885],[23.88786,42.90866],[23.88782,42.90881],[23.88798,42.90894]]]},"properties":{"osm_type":"way","osm_id":1075334989,"iso_country":"BG","golf":"bunker"}},{"type":"Feature","id":"way/1075334990","geometry":{"type":"LineString","coordinates":[[23.88486,42.90754],[23.8849,42.90756],[23.88499,42.90756],[23.88504,42.90757],[23.88511,42.90758],[23.88517,42.90759],[23.88522,42.90757],[23.88525,42.90753],[23.8853,42.90747],[23.88535,42.90742],[23.88541,42.90738],[23.88546,42.90735],[23.88555,42.90734],[23.8856,42.90734]]},"properties":{"osm_type":"way","osm_id":1075334990,"iso_country":"BG","golf":"cartpath"}},{"type":"Feature","id":"way/1075334991","geometry":{"type":"LineString","coordinates":[[23.88504,42.90757],[23.88545,42.90713],[23.88529,42.90694]]},"properties":{"osm_type":"way","osm_id":1075334991,"iso_country":"BG","golf":"cartpath"}},{"type":"Feature","id":"way/1075334992","geometry":{"type":"Polygon","coordinates":[[[23.88513,42.90709],[23.88508,42.9069],[23.88518,42.90701],[23.88513,42.90709]]]},"properties":{"osm_type":"way","osm_id":1075334992,"iso_country":"BG","golf":"bunker"}},{"type":"Feature","id":"way/1075334993","geometry":{"type":"Polygon","coordinates":[[[23.88481,42.90684],[23.88494,42.90675],[23.88493,42.90661],[23.88479,42.90664],[23.88486,42.90671],[23.88481,42.90684]]]},"properties":{"osm_type":"way","osm_id":1075334993,"iso_country":"BG","golf":"bunker"}},{"type":"Feature","id":"way/1075334995","geometry":{"type":"LineString","coordinates":[[23.88839,42.90597],[23.88935,42.90555],[23.88941,42.90534],[23.88957,42.90529],[23.88978,42.905],[23.89013,42.9049]]},"properties":{"osm_type":"way","osm_id":1075334995,"iso_country":"BG","golf":"cartpath"}},{"type":"Feature","id":"way/1075334996","geometry":{"type":"LineString","coordinates":[[23.88874,42.90653],[23.88896,42.90614],[23.88912,42.90603],[23.88941,42.90603],[23.88941,42.90574],[23.88966,42.90559],[23.89003,42.90552]]},"properties":{"osm_type":"way","osm_id":1075334996,"iso_country":"BG","golf":"cartpath"}},{"type":"Feature","id":"way/1075334997","geometry":{"type":"Polygon","coordinates":[[[23.88843,42.90583],[23.88885,42.90555],[23.88849,42.90563],[23.88836,42.90575],[23.88843,42.90583]]]},"properties":{"osm_type":"way","osm_id":1075334997,"iso_country":"BG","golf":"bunker"}},{"type":"Feature","id":"way/1075334998","geometry":{"type":"Polygon","coordinates":[[[23.88957,42.90591],[23.88993,42.90563],[23.88956,42.90576],[23.8895,42.90587],[23.88957,42.90591]]]},"properties":{"osm_type":"way","osm_id":1075334998,"iso_country":"BG","golf":"bunker"}},{"type":"Feature","id":"way/1075334999","geometry":{"type":"Polygon","coordinates":[[[23.89009,42.90604],[23.89027,42.90583],[23.89024,42.90568],[23.89001,42.90576],[23.88999,42.90601],[23.89009,42.90604]]]},"properties":{"osm_type":"way","osm_id":1075334999,"iso_country":"BG","golf":"bunker"}},{"type":"Feature","id":"way/1075335000","geometry":{"type":"Polygon","coordinates":[[[23.89063,42.90563],[23.89081,42.90549],[23.8908,42.90539],[23.89059,42.90546],[23.89055,42.9056],[23.89063,42.90563]]]},"properties":{"osm_type":"way","osm_id":1075335000,"iso_country":"BG","golf":"bunker"}},{"type":"Feature","id":"way/1075335001","geometry":{"type":"Polygon","coordinates":[[[23.89022,42.90631],[23.8905,42.90618],[23.8905,42.90608],[23.89027,42.90608],[23.89009,42.90622],[23.89022,42.90631]]]},"properties":{"osm_type":"way","osm_id":1075335001,"iso_country":"BG","golf":"bunker"}},{"type":"Feature","id":"way/1075340701","geometry":{"type":"LineString","coordinates":[[23.88792,42.90775],[23.88787,42.90779],[23.88777,42.90785],[23.8877,42.90788],[23.8876,42.90794],[23.88754,42.90799],[23.88751,42.90805],[23.88752,42.90813],[23.88757,42.90822],[23.88762,42.90828],[23.8877,42.90835],[23.88775,42.90842]]},"properties":{"osm_type":"way","osm_id":1075340701,"iso_country":"BG","golf":"cartpath"}},{"type":"Feature","id":"way/1075340702","geometry":{"type":"LineString","coordinates":[[23.88798,42.90769],[23.88792,42.90775]]},"properties":{"osm_type":"way","osm_id":1075340702,"iso_country":"BG","golf":"cartpath"}},{"type":"Feature","id":"way/1075340703","geometry":{"type":"LineString","coordinates":[[23.88854,42.90477],[23.88928,42.90486],[23.88954,42.90478],[23.88957,42.90467],[23.88908,42.90439],[23.88909,42.90422],[23.88976,42.90388],[23.89026,42.90381]]},"properties":{"osm_type":"way","osm_id":1075340703,"iso_country":"BG","golf":"cartpath"}},{"type":"Feature","id":"way/1075340705","geometry":{"type":"LineString","coordinates":[[23.89282,42.90498],[23.89317,42.90486],[23.89324,42.90456],[23.89358,42.90449]]},"properties":{"osm_type":"way","osm_id":1075340705,"iso_country":"BG","golf":"cartpath"}},{"type":"Feature","id":"way/1075340706","geometry":{"type":"Polygon","coordinates":[[[23.89235,42.90499],[23.89252,42.9048],[23.89234,42.90483],[23.89227,42.90494],[23.89235,42.90499]]]},"properties":{"osm_type":"way","osm_id":1075340706,"iso_country":"BG","golf":"bunker"}},{"type":"Feature","id":"way/1075340707","geometry":{"type":"Polygon","coordinates":[[[23.89256,42.90477],[23.89268,42.90463],[23.89249,42.90471],[23.89256,42.90477]]]},"properties":{"osm_type":"way","osm_id":1075340707,"iso_country":"BG","golf":"bunker"}},{"type":"Feature","id":"way/1075340713","geometry":{"type":"Polygon","coordinates":[[[23.8948,42.90434],[23.89499,42.90427],[23.89495,42.90419],[23.89473,42.90429],[23.8948,42.90434]]]},"properties":{"osm_type":"way","osm_id":1075340713,"iso_country":"BG","golf":"bunker"}},{"type":"Feature","id":"way/1075340714","geometry":{"type":"LineString","coordinates":[[23.89447,42.90442],[23.89563,42.90425],[23.89615,42.90364],[23.89641,42.90358],[23.89666,42.90336]]},"properties":{"osm_type":"way","osm_id":1075340714,"iso_country":"BG","golf":"cartpath"}},{"type":"Feature","id":"way/1075340715","geometry":{"type":"LineString","coordinates":[[23.89754,42.90394],[23.89699,42.90411],[23.89652,42.90405],[23.89586,42.90423],[23.89568,42.90416],[23.89554,42.90367]]},"properties":{"osm_type":"way","osm_id":1075340715,"iso_country":"BG","golf":"cartpath"}},{"type":"Feature","id":"way/1075340716","geometry":{"type":"LineString","coordinates":[[23.89552,42.90318],[23.89566,42.90298],[23.89554,42.90279],[23.89552,42.90233],[23.89567,42.9022],[23.89615,42.90214]]},"properties":{"osm_type":"way","osm_id":1075340716,"iso_country":"BG","golf":"cartpath"}},{"type":"Feature","id":"way/1075340717","geometry":{"type":"LineString","coordinates":[[23.89576,42.9021],[23.89593,42.90242],[23.89557,42.90262]]},"properties":{"osm_type":"way","osm_id":1075340717,"iso_country":"BG","golf":"cartpath"}},{"type":"Feature","id":"way/1075340718","geometry":{"type":"LineString","coordinates":[[23.89616,42.90211],[23.89623,42.90213],[23.89616,42.90211]]},"properties":{"osm_type":"way","osm_id":1075340718,"iso_country":"BG","golf":"cartpath"}},{"type":"Feature","id":"way/1075340719","geometry":{"type":"Polygon","coordinates":[[[23.89595,42.90201],[23.89622,42.90186],[23.89579,42.90184],[23.89578,42.90193],[23.89595,42.90201]]]},"properties":{"osm_type":"way","osm_id":1075340719,"iso_country":"BG","golf":"bunker"}},{"type":"Feature","id":"way/1075340720","geometry":{"type":"Polygon","coordinates":[[[23.88976,42.9046],[23.89007,42.9047],[23.88985,42.90456],[23.88976,42.9046]]]},"properties":{"osm_type":"way","osm_id":1075340720,"iso_country":"BG","golf":"bunker"}},{"type":"Feature","id":"way/1075340721","geometry":{"type":"Polygon","coordinates":[[[23.88982,42.90447],[23.88992,42.90447],[23.89002,42.9043],[23.88965,42.90435],[23.88982,42.90447]]]},"properties":{"osm_type":"way","osm_id":1075340721,"iso_country":"BG","golf":"bunker"}},{"type":"Feature","id":"way/1075340722","geometry":{"type":"Polygon","coordinates":[[[23.89037,42.90421],[23.89049,42.90416],[23.89053,42.90395],[23.89041,42.90393],[23.89031,42.90404],[23.89037,42.90421]]]},"properties":{"osm_type":"way","osm_id":1075340722,"iso_country":"BG","golf":"bunker"}},{"type":"Feature","id":"way/1075340723","geometry":{"type":"Polygon","coordinates":[[[23.89104,42.90401],[23.8913,42.90387],[23.8909,42.90392],[23.89088,42.90398],[23.89104,42.90401]]]},"properties":{"osm_type":"way","osm_id":1075340723,"iso_country":"BG","golf":"bunker"}},{"type":"Feature","id":"way/1075340724","geometry":{"type":"Polygon","coordinates":[[[23.89142,42.90359],[23.89163,42.90344],[23.89136,42.90349],[23.89142,42.90359]]]},"properties":{"osm_type":"way","osm_id":1075340724,"iso_country":"BG","golf":"bunker"}},{"type":"Feature","id":"way/1075340725","geometry":{"type":"LineString","coordinates":[[23.89306,42.90293],[23.89344,42.90284],[23.89343,42.90259],[23.89356,42.90254]]},"properties":{"osm_type":"way","osm_id":1075340725,"iso_country":"BG","golf":"cartpath"}},{"type":"Feature","id":"way/1075340726","geometry":{"type":"LineString","coordinates":[[23.89363,42.90253],[23.89366,42.90253],[23.8937,42.90254],[23.89375,42.90255],[23.89383,42.90256],[23.89388,42.90253],[23.89392,42.9025],[23.89394,42.90246],[23.894,42.90243],[23.89404,42.90241],[23.89408,42.90238],[23.89411,42.90234],[23.89414,42.90232]]},"properties":{"osm_type":"way","osm_id":1075340726,"iso_country":"BG","golf":"cartpath"}},{"type":"Feature","id":"way/1075340727","geometry":{"type":"LineString","coordinates":[[23.89356,42.90254],[23.89363,42.90253]]},"properties":{"osm_type":"way","osm_id":1075340727,"iso_country":"BG","golf":"cartpath"}},{"type":"Feature","id":"way/1075340728","geometry":{"type":"LineString","coordinates":[[23.89384,42.9034],[23.89363,42.90348],[23.89333,42.9034],[23.89304,42.90362],[23.89289,42.90392],[23.89258,42.90404]]},"properties":{"osm_type":"way","osm_id":1075340728,"iso_country":"BG","golf":"cartpath"}},{"type":"Feature","id":"way/1075340729","geometry":{"type":"LineString","coordinates":[[23.89424,42.90249],[23.89386,42.90306],[23.8939,42.90336]]},"properties":{"osm_type":"way","osm_id":1075340729,"iso_country":"BG","golf":"cartpath"}},{"type":"Feature","id":"way/1075340730","geometry":{"type":"LineString","coordinates":[[23.8939,42.90336],[23.89384,42.9034]]},"properties":{"osm_type":"way","osm_id":1075340730,"iso_country":"BG","golf":"cartpath"}},{"type":"Feature","id":"way/1075340731","geometry":{"type":"Polygon","coordinates":[[[23.89235,42.90396],[23.89264,42.90393],[23.89235,42.90387],[23.89235,42.90396]]]},"properties":{"osm_type":"way","osm_id":1075340731,"iso_country":"BG","golf":"bunker"}},{"type":"Feature","id":"way/1075340732","geometry":{"type":"LineString","coordinates":[[23.89412,42.90399],[23.89443,42.904],[23.89471,42.90377],[23.89553,42.90367]]},"properties":{"osm_type":"way","osm_id":1075340732,"iso_country":"BG","golf":"cartpath"}},{"type":"Feature","id":"way/1075340733","geometry":{"type":"LineString","coordinates":[[23.89395,42.90401],[23.89403,42.904]]},"properties":{"osm_type":"way","osm_id":1075340733,"iso_country":"BG","golf":"cartpath"}},{"type":"Feature","id":"way/1075340734","geometry":{"type":"LineString","coordinates":[[23.89403,42.904],[23.89412,42.90399]]},"properties":{"osm_type":"way","osm_id":1075340734,"iso_country":"BG","golf":"cartpath"}},{"type":"Feature","id":"way/1075340735","geometry":{"type":"Polygon","coordinates":[[[23.8951,42.90406],[23.89536,42.90398],[23.89513,42.90397],[23.89503,42.90402],[23.8951,42.90406]]]},"properties":{"osm_type":"way","osm_id":1075340735,"iso_country":"BG","golf":"bunker"}},{"type":"Feature","id":"way/1075340736","geometry":{"type":"Polygon","coordinates":[[[23.89719,42.90399],[23.89746,42.90389],[23.89731,42.90377],[23.89719,42.90399]]]},"properties":{"osm_type":"way","osm_id":1075340736,"iso_country":"BG","golf":"bunker"}},{"type":"Feature","id":"way/1075340737","geometry":{"type":"Polygon","coordinates":[[[23.89828,42.90334],[23.89849,42.90314],[23.89827,42.90319],[23.89808,42.9031],[23.89797,42.90318],[23.89828,42.90334]]]},"properties":{"osm_type":"way","osm_id":1075340737,"iso_country":"BG","golf":"bunker"}},{"type":"Feature","id":"way/1075340738","geometry":{"type":"Polygon","coordinates":[[[23.89827,42.90312],[23.89845,42.90307],[23.89858,42.90284],[23.89844,42.90282],[23.89833,42.90297],[23.89816,42.90297],[23.89827,42.90312]]]},"properties":{"osm_type":"way","osm_id":1075340738,"iso_country":"BG","golf":"bunker"}},{"type":"Feature","id":"way/1075340739","geometry":{"type":"Polygon","coordinates":[[[23.89821,42.90289],[23.89848,42.90271],[23.89875,42.90275],[23.89852,42.90262],[23.89832,42.90263],[23.89812,42.90275],[23.89821,42.90289]]]},"properties":{"osm_type":"way","osm_id":1075340739,"iso_country":"BG","golf":"bunker"}},{"type":"Feature","id":"way/1075340740","geometry":{"type":"Polygon","coordinates":[[[23.89878,42.90265],[23.89863,42.90235],[23.89854,42.90235],[23.89847,42.90249],[23.8986,42.90248],[23.89878,42.90265]]]},"properties":{"osm_type":"way","osm_id":1075340740,"iso_country":"BG","golf":"bunker"}},{"type":"Feature","id":"way/1075342544","geometry":{"type":"Polygon","coordinates":[[[23.89556,42.90121],[23.89582,42.90102],[23.89558,42.90104],[23.89556,42.90121]]]},"properties":{"osm_type":"way","osm_id":1075342544,"iso_country":"BG","golf":"bunker"}},{"type":"Feature","id":"way/1075342545","geometry":{"type":"Polygon","coordinates":[[[23.89826,42.90127],[23.89837,42.90124],[23.89833,42.90111],[23.8985,42.90098],[23.89845,42.90088],[23.89822,42.90093],[23.89804,42.90086],[23.89826,42.90127]]]},"properties":{"osm_type":"way","osm_id":1075342545,"iso_country":"BG","golf":"bunker"}},{"type":"Feature","id":"way/1075342547","geometry":{"type":"LineString","coordinates":[[23.90038,42.90019],[23.90019,42.9002],[23.89998,42.90024],[23.89985,42.90028],[23.89973,42.90032],[23.8996,42.90038],[23.89954,42.90042],[23.89944,42.90047],[23.89934,42.90048],[23.8992,42.90046],[23.89911,42.90045],[23.89907,42.90046],[23.89903,42.9005],[23.89901,42.90054]]},"properties":{"osm_type":"way","osm_id":1075342547,"iso_country":"BG","golf":"cartpath"}},{"type":"Feature","id":"way/1075342548","geometry":{"type":"LineString","coordinates":[[23.89771,42.90065],[23.89789,42.90041],[23.89832,42.90026],[23.89859,42.90051],[23.8992,42.90059],[23.89924,42.90082]]},"properties":{"osm_type":"way","osm_id":1075342548,"iso_country":"BG","golf":"cartpath"}},{"type":"Feature","id":"way/1075342549","geometry":{"type":"LineString","coordinates":[[23.89702,42.9007],[23.89733,42.90065],[23.89742,42.90041],[23.89769,42.9003],[23.89835,42.90012],[23.89835,42.90027]]},"properties":{"osm_type":"way","osm_id":1075342549,"iso_country":"BG","golf":"cartpath"}},{"type":"Feature","id":"way/1075342550","geometry":{"type":"LineString","coordinates":[[23.89873,42.90122],[23.89928,42.90083],[23.89932,42.90093],[23.89918,42.90114],[23.89932,42.90162]]},"properties":{"osm_type":"way","osm_id":1075342550,"iso_country":"BG","golf":"cartpath"}},{"type":"Feature","id":"way/1075342551","geometry":{"type":"LineString","coordinates":[[23.89838,42.90013],[23.89839,42.89999],[23.89841,42.89992],[23.89843,42.89988]]},"properties":{"osm_type":"way","osm_id":1075342551,"iso_country":"BG","golf":"cartpath"}},{"type":"Feature","id":"way/1075342555","geometry":{"type":"LineString","coordinates":[[23.89613,42.9032],[23.89595,42.90328],[23.89577,42.9037],[23.89547,42.90362],[23.89537,42.90347],[23.8954,42.90333]]},"properties":{"osm_type":"way","osm_id":1075342555,"iso_country":"BG","golf":"cartpath"}},{"type":"Feature","id":"way/1075342556","geometry":{"type":"LineString","coordinates":[[23.8954,42.90333],[23.89552,42.90318]]},"properties":{"osm_type":"way","osm_id":1075342556,"iso_country":"BG","golf":"cartpath"}},{"type":"Feature","id":"way/1075346473","geometry":{"type":"Polygon","coordinates":[[[23.53201,42.67384],[23.53223,42.67369],[23.5325,42.67375],[23.5324,42.67314],[23.53229,42.67313],[23.53221,42.67337],[23.53208,42.67345],[23.53201,42.67384]]]},"properties":{"osm_type":"way","osm_id":1075346473,"iso_country":"BG","golf":"water_hazard"}},{"type":"Feature","id":"way/1075346474","geometry":{"type":"Polygon","coordinates":[[[23.53322,42.67405],[23.5332,42.67411],[23.53329,42.67411],[23.53322,42.67405]]]},"properties":{"osm_type":"way","osm_id":1075346474,"iso_country":"BG","golf":"bunker"}},{"type":"Feature","id":"way/1075346475","geometry":{"type":"Polygon","coordinates":[[[23.53395,42.67391],[23.5339,42.67396],[23.53398,42.67398],[23.53395,42.67391]]]},"properties":{"osm_type":"way","osm_id":1075346475,"iso_country":"BG","golf":"bunker"}},{"type":"Feature","id":"way/1075348357","geometry":{"type":"Polygon","coordinates":[[[23.78724,42.28435],[23.7885,42.28388],[23.78854,42.28365],[23.7884,42.28356],[23.78781,42.28384],[23.78732,42.28381],[23.787,42.28427],[23.78724,42.28435]]]},"properties":{"osm_type":"way","osm_id":1075348357,"iso_country":"BG","golf":"water_hazard"}},{"type":"Feature","id":"way/1075348358","geometry":{"type":"Polygon","coordinates":[[[23.79486,42.28944],[23.79503,42.28936],[23.79469,42.28928],[23.79464,42.28943],[23.79483,42.28935],[23.79486,42.28944]]]},"properties":{"osm_type":"way","osm_id":1075348358,"iso_country":"BG","golf":"bunker"}},{"type":"Feature","id":"way/1075348359","geometry":{"type":"Polygon","coordinates":[[[23.79497,42.28928],[23.79513,42.28934],[23.79523,42.28927],[23.79497,42.28928]]]},"properties":{"osm_type":"way","osm_id":1075348359,"iso_country":"BG","golf":"bunker"}},{"type":"Feature","id":"way/1241680386","geometry":{"type":"Polygon","coordinates":[[[23.52797,42.67957],[23.52794,42.67959],[23.52792,42.67959],[23.52789,42.67957],[23.52788,42.67956],[23.52786,42.67954],[23.52787,42.67952],[23.52789,42.6795],[23.52791,42.67949],[23.52795,42.6795],[23.52797,42.67951],[23.52798,42.67953],[23.52798,42.67956],[23.52797,42.67957]]]},"properties":{"osm_type":"way","osm_id":1241680386,"iso_country":"BG","golf":"bunker"}},{"type":"Feature","id":"way/1241680387","geometry":{"type":"Polygon","coordinates":[[[23.52775,42.67959],[23.52773,42.67958],[23.52771,42.67957],[23.52771,42.67954],[23.52772,42.67952],[23.52775,42.67951],[23.52779,42.67951],[23.52782,42.67952],[23.52782,42.67954],[23.52782,42.67956],[23.5278,42.67958],[23.52778,42.67959],[23.52775,42.67959]]]},"properties":{"osm_type":"way","osm_id":1241680387,"iso_country":"BG","golf":"bunker"}},{"type":"Feature","id":"way/1241680388","geometry":{"type":"Polygon","coordinates":[[[23.52944,42.67992],[23.52941,42.67992],[23.52939,42.67991],[23.52938,42.67991],[23.52937,42.6799],[23.52936,42.67989],[23.52937,42.67988],[23.52939,42.67986],[23.5294,42.67985],[23.52943,42.67985],[23.52945,42.67986],[23.52946,42.67986],[23.52947,42.67988],[23.52947,42.6799],[23.52945,42.67991],[23.52944,42.67992]]]},"properties":{"osm_type":"way","osm_id":1241680388,"iso_country":"BG","golf":"bunker"}},{"type":"Feature","id":"way/1241680389","geometry":{"type":"Polygon","coordinates":[[[23.52957,42.67995],[23.52955,42.67995],[23.52953,42.67994],[23.52952,42.67993],[23.52952,42.67992],[23.52952,42.67991],[23.52953,42.67989],[23.52954,42.67988],[23.52956,42.67988],[23.52959,42.67989],[23.5296,42.67991],[23.5296,42.67992],[23.5296,42.67993],[23.52958,42.67994],[23.52957,42.67995]]]},"properties":{"osm_type":"way","osm_id":1241680389,"iso_country":"BG","golf":"bunker"}},{"type":"Feature","id":"way/1241680390","geometry":{"type":"Polygon","coordinates":[[[23.52927,42.67955],[23.52925,42.67955],[23.52923,42.67954],[23.52921,42.67953],[23.52921,42.67951],[23.52923,42.67949],[23.52925,42.67949],[23.52928,42.67949],[23.5293,42.67951],[23.5293,42.67953],[23.5293,42.67954],[23.52929,42.67955],[23.52927,42.67955]]]},"properties":{"osm_type":"way","osm_id":1241680390,"iso_country":"BG","golf":"bunker"}},{"type":"Feature","id":"way/1241680391","geometry":{"type":"Polygon","coordinates":[[[23.52949,42.67925],[23.52947,42.67926],[23.52945,42.67925],[23.52944,42.67924],[23.52944,42.67923],[23.52944,42.67922],[23.52944,42.6792],[23.52946,42.67919],[23.52947,42.67918],[23.5295,42.67919],[23.52952,42.6792],[23.52953,42.67921],[23.52953,42.67923],[23.52951,42.67925],[23.52949,42.67925]]]},"properties":{"osm_type":"way","osm_id":1241680391,"iso_country":"BG","golf":"bunker"}},{"type":"Feature","id":"way/1241680392","geometry":{"type":"Polygon","coordinates":[[[23.52959,42.67917],[23.52954,42.67911],[23.52962,42.67912],[23.52959,42.67917]]]},"properties":{"osm_type":"way","osm_id":1241680392,"iso_country":"BG","golf":"bunker"}},{"type":"Feature","id":"way/1241680393","geometry":{"type":"Polygon","coordinates":[[[23.53113,42.67935],[23.53111,42.67935],[23.53109,42.67935],[23.53108,42.67934],[23.53107,42.67933],[23.53107,42.67931],[23.53107,42.67929],[23.53109,42.67927],[23.53111,42.67927],[23.53113,42.67927],[23.53115,42.67928],[23.53116,42.6793],[23.53116,42.67931],[23.53116,42.67932],[23.53115,42.67934],[23.53113,42.67935]]]},"properties":{"osm_type":"way","osm_id":1241680393,"iso_country":"BG","golf":"bunker"}},{"type":"Feature","id":"way/1241680394","geometry":{"type":"Polygon","coordinates":[[[23.53054,42.68005],[23.53047,42.67999],[23.53056,42.67995],[23.53054,42.68005]]]},"properties":{"osm_type":"way","osm_id":1241680394,"iso_country":"BG","golf":"bunker"}},{"type":"Feature","id":"way/1241680395","geometry":{"type":"Polygon","coordinates":[[[23.53039,42.68023],[23.53032,42.68019],[23.53039,42.68013],[23.53039,42.68023]]]},"properties":{"osm_type":"way","osm_id":1241680395,"iso_country":"BG","golf":"bunker"}},{"type":"Feature","id":"way/1241680396","geometry":{"type":"Polygon","coordinates":[[[23.53033,42.68038],[23.53031,42.68039],[23.53029,42.68038],[23.53028,42.68036],[23.53028,42.68034],[23.5303,42.68033],[23.53031,42.68032],[23.53033,42.68032],[23.53035,42.68032],[23.53037,42.68033],[23.53038,42.68034],[23.53038,42.68035],[23.53037,42.68036],[23.53035,42.68038],[23.53033,42.68038]]]},"properties":{"osm_type":"way","osm_id":1241680396,"iso_country":"BG","golf":"bunker"}},{"type":"Feature","id":"way/1241680397","geometry":{"type":"Polygon","coordinates":[[[23.53033,42.68072],[23.53031,42.68071],[23.5303,42.6807],[23.53029,42.68069],[23.53029,42.68067],[23.5303,42.68065],[23.53032,42.68064],[23.53034,42.68064],[23.53036,42.68065],[23.53037,42.68066],[23.53038,42.68067],[23.53038,42.68069],[23.53037,42.6807],[23.53037,42.68071],[23.53035,42.68072],[23.53033,42.68072]]]},"properties":{"osm_type":"way","osm_id":1241680397,"iso_country":"BG","golf":"bunker"}},{"type":"Feature","id":"way/1241680398","geometry":{"type":"Polygon","coordinates":[[[23.5273,42.68085],[23.52727,42.68085],[23.52725,42.68084],[23.52724,42.68083],[23.52723,42.68082],[23.52723,42.6808],[23.52725,42.68079],[23.52727,42.68079],[23.52729,42.68079],[23.52731,42.68079],[23.52732,42.6808],[23.52734,42.68081],[23.52733,42.68083],[23.52732,42.68084],[23.5273,42.68085]]]},"properties":{"osm_type":"way","osm_id":1241680398,"iso_country":"BG","golf":"bunker"}},{"type":"Feature","id":"way/1241680399","geometry":{"type":"Polygon","coordinates":[[[23.52657,42.68027],[23.52656,42.68026],[23.52655,42.68026],[23.52653,42.68025],[23.52653,42.68024],[23.52653,42.68022],[23.52653,42.68021],[23.52655,42.68021],[23.52657,42.68021],[23.52658,42.68022],[23.52659,42.68023],[23.5266,42.68024],[23.52659,42.68025],[23.52659,42.68026],[23.52658,42.68026],[23.52657,42.68027]]]},"properties":{"osm_type":"way","osm_id":1241680399,"iso_country":"BG","golf":"bunker"}},{"type":"Feature","id":"way/1241680400","geometry":{"type":"Polygon","coordinates":[[[23.52651,42.68032],[23.52649,42.68031],[23.52647,42.6803],[23.52647,42.6803],[23.52647,42.68028],[23.52648,42.68027],[23.52649,42.68026],[23.52651,42.68026],[23.52653,42.68027],[23.52654,42.68028],[23.52654,42.68029],[23.52654,42.6803],[23.52653,42.68031],[23.52652,42.68032],[23.52651,42.68032]]]},"properties":{"osm_type":"way","osm_id":1241680400,"iso_country":"BG","golf":"bunker"}},{"type":"Feature","id":"way/1241680401","geometry":{"type":"Polygon","coordinates":[[[23.52653,42.68043],[23.52651,42.68042],[23.52649,42.68042],[23.52648,42.68041],[23.52648,42.6804],[23.52648,42.68038],[23.5265,42.68036],[23.52651,42.68036],[23.52653,42.68036],[23.52654,42.68036],[23.52655,42.68037],[23.52656,42.68039],[23.52656,42.68041],[23.52655,42.68042],[23.52653,42.68043]]]},"properties":{"osm_type":"way","osm_id":1241680401,"iso_country":"BG","golf":"bunker"}},{"type":"Feature","id":"way/1241680402","geometry":{"type":"Polygon","coordinates":[[[23.52643,42.68024],[23.5264,42.68024],[23.52639,42.68022],[23.52638,42.6802],[23.52639,42.68019],[23.52641,42.68018],[23.52643,42.68017],[23.52646,42.68018],[23.52648,42.68019],[23.52648,42.6802],[23.52648,42.68022],[23.52647,42.68023],[23.52645,42.68023],[23.52643,42.68024]]]},"properties":{"osm_type":"way","osm_id":1241680402,"iso_country":"BG","golf":"bunker"}},{"type":"Feature","id":"way/1241680403","geometry":{"type":"Polygon","coordinates":[[[23.52911,42.68258],[23.52908,42.68257],[23.52907,42.68256],[23.52906,42.68255],[23.52906,42.68254],[23.52906,42.68252],[23.52908,42.68251],[23.52911,42.68251],[23.52913,42.68252],[23.52914,42.68253],[23.52915,42.68255],[23.52915,42.68256],[23.52913,42.68257],[23.52911,42.68258]]]},"properties":{"osm_type":"way","osm_id":1241680403,"iso_country":"BG","golf":"bunker"}},{"type":"Feature","id":"way/1241680404","geometry":{"type":"Polygon","coordinates":[[[23.52928,42.68254],[23.52926,42.68254],[23.52925,42.68254],[23.52924,42.68253],[23.52923,42.68252],[23.52922,42.6825],[23.52923,42.68249],[23.52923,42.68249],[23.52924,42.68248],[23.52926,42.68248],[23.52927,42.68248],[23.52928,42.68248],[23.52929,42.68249],[23.5293,42.6825],[23.5293,42.68251],[23.5293,42.68253],[23.52929,42.68254],[23.52928,42.68254]]]},"properties":{"osm_type":"way","osm_id":1241680404,"iso_country":"BG","golf":"bunker"}},{"type":"Feature","id":"way/1241680405","geometry":{"type":"Polygon","coordinates":[[[23.52953,42.68248],[23.52951,42.68241],[23.52961,42.68245],[23.52953,42.68248]]]},"properties":{"osm_type":"way","osm_id":1241680405,"iso_country":"BG","golf":"bunker"}},{"type":"Feature","id":"way/1241680406","geometry":{"type":"Polygon","coordinates":[[[23.52887,42.68249],[23.52885,42.68249],[23.52883,42.68249],[23.52882,42.68248],[23.52881,42.68247],[23.52881,42.68245],[23.52882,42.68244],[23.52882,42.68243],[23.52884,42.68242],[23.52886,42.68243],[23.52887,42.68243],[23.52888,42.68244],[23.52889,42.68246],[23.52889,42.68248],[23.52889,42.68248],[23.52888,42.68249],[23.52887,42.68249]]]},"properties":{"osm_type":"way","osm_id":1241680406,"iso_country":"BG","golf":"bunker"}},{"type":"Feature","id":"way/1241680407","geometry":{"type":"Polygon","coordinates":[[[23.52895,42.68188],[23.52893,42.68187],[23.52892,42.68187],[23.5289,42.68186],[23.52889,42.68185],[23.52889,42.68183],[23.5289,42.68182],[23.52892,42.68181],[23.52894,42.68181],[23.52896,42.68182],[23.52897,42.68182],[23.52898,42.68184],[23.52899,42.68185],[23.52898,42.68186],[23.52897,42.68187],[23.52895,42.68188]]]},"properties":{"osm_type":"way","osm_id":1241680407,"iso_country":"BG","golf":"bunker"}},{"type":"Feature","id":"way/1241680408","geometry":{"type":"Polygon","coordinates":[[[23.52883,42.68179],[23.5288,42.68171],[23.52889,42.68175],[23.52883,42.68179]]]},"properties":{"osm_type":"way","osm_id":1241680408,"iso_country":"BG","golf":"bunker"}},{"type":"Feature","id":"way/1241680409","geometry":{"type":"Polygon","coordinates":[[[23.53067,42.67777],[23.53066,42.67777],[23.53064,42.67776],[23.53065,42.67775],[23.53066,42.67773],[23.53065,42.67772],[23.53066,42.67771],[23.53069,42.6777],[23.5307,42.67771],[23.53072,42.67771],[23.53072,42.67772],[23.53073,42.67773],[23.53073,42.67774],[23.53073,42.67776],[23.53072,42.67777],[23.5307,42.67777],[23.53068,42.67777],[23.53067,42.67777]]]},"properties":{"osm_type":"way","osm_id":1241680409,"iso_country":"BG","golf":"bunker"}},{"type":"Feature","id":"way/1241680410","geometry":{"type":"Polygon","coordinates":[[[23.53122,42.6777],[23.5312,42.6777],[23.53119,42.67769],[23.53118,42.67769],[23.53118,42.67768],[23.53118,42.67766],[23.53119,42.67764],[23.53122,42.67762],[23.53124,42.67763],[23.53125,42.67764],[23.53126,42.67764],[23.53126,42.67766],[23.53126,42.67767],[23.53124,42.67768],[23.53123,42.67769],[23.53122,42.6777]]]},"properties":{"osm_type":"way","osm_id":1241680410,"iso_country":"BG","golf":"bunker"}},{"type":"Feature","id":"way/1241680411","geometry":{"type":"Polygon","coordinates":[[[23.53125,42.67746],[23.53123,42.67746],[23.5312,42.67746],[23.53119,42.67745],[23.53119,42.67743],[23.5312,42.67742],[23.53122,42.67741],[23.53123,42.6774],[23.53125,42.67741],[23.53127,42.67741],[23.53128,42.67742],[23.53129,42.67743],[23.53129,42.67745],[23.53128,42.67745],[23.53125,42.67746]]]},"properties":{"osm_type":"way","osm_id":1241680411,"iso_country":"BG","golf":"bunker"}},{"type":"Feature","id":"way/1241680412","geometry":{"type":"Polygon","coordinates":[[[23.53223,42.67705],[23.53222,42.67704],[23.53221,42.67703],[23.53221,42.67702],[23.53221,42.677],[23.53222,42.677],[23.53223,42.67699],[23.53225,42.67698],[23.53226,42.67698],[23.53228,42.67698],[23.53229,42.67699],[23.5323,42.677],[23.5323,42.67702],[23.5323,42.67703],[23.53228,42.67704],[23.53225,42.67705],[23.53223,42.67705]]]},"properties":{"osm_type":"way","osm_id":1241680412,"iso_country":"BG","golf":"bunker"}},{"type":"Feature","id":"way/1241680413","geometry":{"type":"Polygon","coordinates":[[[23.53215,42.6773],[23.53213,42.6773],[23.53211,42.6773],[23.5321,42.67729],[23.53209,42.67728],[23.53209,42.67727],[23.53211,42.67726],[23.53212,42.67725],[23.53213,42.67724],[23.53215,42.67724],[23.53216,42.67725],[23.53218,42.67726],[23.53218,42.67728],[23.53217,42.6773],[23.53215,42.6773]]]},"properties":{"osm_type":"way","osm_id":1241680413,"iso_country":"BG","golf":"bunker"}},{"type":"Feature","id":"way/1241680414","geometry":{"type":"Polygon","coordinates":[[[23.53033,42.67633],[23.53025,42.67635],[23.53027,42.67625],[23.53039,42.67627],[23.53033,42.67633]]]},"properties":{"osm_type":"way","osm_id":1241680414,"iso_country":"BG","golf":"bunker"}},{"type":"Feature","id":"way/1241680415","geometry":{"type":"Polygon","coordinates":[[[23.53073,42.67639],[23.53071,42.6764],[23.53069,42.6764],[23.53067,42.67638],[23.53066,42.67636],[23.53066,42.67635],[23.53067,42.67633],[23.5307,42.67633],[23.53072,42.67635],[23.53073,42.67636],[23.53073,42.67638],[23.53073,42.67639]]]},"properties":{"osm_type":"way","osm_id":1241680415,"iso_country":"BG","golf":"bunker"}},{"type":"Feature","id":"way/1241680416","geometry":{"type":"Polygon","coordinates":[[[23.53098,42.67642],[23.53097,42.67642],[23.53096,42.67642],[23.53095,42.67642],[23.53094,42.67641],[23.53093,42.6764],[23.53094,42.67639],[23.53095,42.67638],[23.53096,42.67637],[23.53098,42.67637],[23.53099,42.67638],[23.531,42.67639],[23.531,42.6764],[23.531,42.67641],[23.53099,42.67642],[23.53098,42.67642]]]},"properties":{"osm_type":"way","osm_id":1241680416,"iso_country":"BG","golf":"bunker"}},{"type":"Feature","id":"way/1241680417","geometry":{"type":"Polygon","coordinates":[[[23.53245,42.67791],[23.53244,42.6779],[23.53242,42.67789],[23.53241,42.67788],[23.5324,42.67787],[23.53241,42.67785],[23.53243,42.67785],[23.53245,42.67785],[23.53247,42.67786],[23.53248,42.67787],[23.53249,42.67789],[23.53248,42.6779],[23.53247,42.67791],[23.53245,42.67791]]]},"properties":{"osm_type":"way","osm_id":1241680417,"iso_country":"BG","golf":"bunker"}},{"type":"Feature","id":"way/1241680418","geometry":{"type":"Polygon","coordinates":[[[23.53375,42.67666],[23.53373,42.67666],[23.53371,42.67665],[23.53371,42.67665],[23.5337,42.67663],[23.53371,42.67662],[23.53372,42.67661],[23.53374,42.6766],[23.53375,42.6766],[23.53377,42.67661],[23.53377,42.67662],[23.53378,42.67663],[23.53378,42.67664],[23.53377,42.67665],[23.53375,42.67666]]]},"properties":{"osm_type":"way","osm_id":1241680418,"iso_country":"BG","golf":"bunker"}},{"type":"Feature","id":"way/1241680419","geometry":{"type":"Polygon","coordinates":[[[23.53373,42.67652],[23.53372,42.67653],[23.5337,42.67653],[23.53369,42.67652],[23.53368,42.67651],[23.53368,42.6765],[23.53369,42.67648],[23.53371,42.67648],[23.53373,42.67647],[23.53374,42.67648],[23.53375,42.67649],[23.53375,42.6765],[23.53375,42.67651],[23.53374,42.67652],[23.53373,42.67652]]]},"properties":{"osm_type":"way","osm_id":1241680419,"iso_country":"BG","golf":"bunker"}},{"type":"Feature","id":"way/1241680420","geometry":{"type":"Polygon","coordinates":[[[23.53429,42.67649],[23.53427,42.67649],[23.53425,42.67648],[23.53424,42.67647],[23.53424,42.67645],[23.53425,42.67644],[23.53427,42.67643],[23.53429,42.67643],[23.5343,42.67644],[23.53431,42.67644],[23.53431,42.67645],[23.53431,42.67646],[23.5343,42.67648],[23.53429,42.67649]]]},"properties":{"osm_type":"way","osm_id":1241680420,"iso_country":"BG","golf":"bunker"}},{"type":"Feature","id":"way/1241680421","geometry":{"type":"Polygon","coordinates":[[[23.53441,42.67632],[23.53438,42.67632],[23.53436,42.67631],[23.53435,42.6763],[23.53434,42.67628],[23.53435,42.67626],[23.53436,42.67625],[23.53437,42.67624],[23.53439,42.67624],[23.53441,42.67625],[23.53442,42.67626],[23.53443,42.67628],[23.53443,42.67629],[23.53443,42.67631],[23.53441,42.67632]]]},"properties":{"osm_type":"way","osm_id":1241680421,"iso_country":"BG","golf":"bunker"}},{"type":"Feature","id":"way/1241680422","geometry":{"type":"Polygon","coordinates":[[[23.53445,42.67617],[23.53442,42.67617],[23.53439,42.67616],[23.53438,42.67615],[23.53438,42.67614],[23.53438,42.67613],[23.53438,42.67612],[23.5344,42.6761],[23.53442,42.6761],[23.53445,42.6761],[23.53447,42.67611],[23.53448,42.67612],[23.53448,42.67613],[23.53448,42.67615],[23.53447,42.67616],[23.53445,42.67617]]]},"properties":{"osm_type":"way","osm_id":1241680422,"iso_country":"BG","golf":"bunker"}},{"type":"Feature","id":"way/1241680423","geometry":{"type":"Polygon","coordinates":[[[23.53443,42.67553],[23.53443,42.67552],[23.53443,42.67551],[23.53444,42.67549],[23.53446,42.67549],[23.53448,42.67548],[23.5345,42.67549],[23.53451,42.67551],[23.53451,42.67553],[23.53449,42.67554],[23.53448,42.67555],[23.53445,42.67554],[23.53443,42.67553]]]},"properties":{"osm_type":"way","osm_id":1241680423,"iso_country":"BG","golf":"bunker"}},{"type":"Feature","id":"way/1241680424","geometry":{"type":"Polygon","coordinates":[[[23.53408,42.67538],[23.53408,42.67536],[23.53408,42.67536],[23.53408,42.67535],[23.5341,42.67534],[23.53412,42.67534],[23.53413,42.67535],[23.53414,42.67535],[23.53414,42.67536],[23.53415,42.67537],[23.53414,42.67538],[23.53414,42.67539],[23.53412,42.67539],[23.53411,42.67539],[23.5341,42.67539],[23.53409,42.67538],[23.53408,42.67538]]]},"properties":{"osm_type":"way","osm_id":1241680424,"iso_country":"BG","golf":"bunker"}},{"type":"Feature","id":"way/1241680425","geometry":{"type":"Polygon","coordinates":[[[23.53414,42.67546],[23.53414,42.67545],[23.53414,42.67544],[23.53416,42.67543],[23.53418,42.67543],[23.53419,42.67543],[23.53421,42.67544],[23.53421,42.67545],[23.53421,42.67546],[23.5342,42.67547],[23.53419,42.67548],[23.53417,42.67548],[23.53415,42.67548],[23.53414,42.67546]]]},"properties":{"osm_type":"way","osm_id":1241680425,"iso_country":"BG","golf":"bunker"}},{"type":"Feature","id":"way/1241680426","geometry":{"type":"Polygon","coordinates":[[[23.5303,42.67396],[23.5303,42.67394],[23.53033,42.67391],[23.53037,42.6739],[23.53041,42.67391],[23.53043,42.67393],[23.53042,42.67395],[23.5304,42.67398],[23.53036,42.67398],[23.53032,42.67398],[23.5303,42.67396]]]},"properties":{"osm_type":"way","osm_id":1241680426,"iso_country":"BG","golf":"bunker"}},{"type":"Feature","id":"way/1241680427","geometry":{"type":"Polygon","coordinates":[[[23.53162,42.67362],[23.53161,42.67361],[23.5316,42.6736],[23.5316,42.67358],[23.53161,42.67356],[23.53162,42.67355],[23.53164,42.67354],[23.53166,42.67354],[23.53169,42.67355],[23.5317,42.67358],[23.53169,42.6736],[23.53168,42.67361],[23.53167,42.67362],[23.53164,42.67362],[23.53162,42.67362]]]},"properties":{"osm_type":"way","osm_id":1241680427,"iso_country":"BG","golf":"bunker"}},{"type":"Feature","id":"way/1241680428","geometry":{"type":"Polygon","coordinates":[[[23.53164,42.67347],[23.53163,42.67346],[23.53163,42.67344],[23.53163,42.67343],[23.53164,42.67341],[23.53165,42.6734],[23.53168,42.6734],[23.5317,42.67341],[23.53172,42.67342],[23.53172,42.67344],[23.53172,42.67345],[23.53171,42.67346],[23.5317,42.67347],[23.53169,42.67348],[23.53167,42.67348],[23.53166,42.67348],[23.53164,42.67347]]]},"properties":{"osm_type":"way","osm_id":1241680428,"iso_country":"BG","golf":"bunker"}},{"type":"Feature","id":"way/1241680429","geometry":{"type":"Polygon","coordinates":[[[23.53357,42.67267],[23.53355,42.67266],[23.53355,42.67263],[23.53358,42.6726],[23.53362,42.67259],[23.53365,42.6726],[23.53367,42.67262],[23.53366,42.67265],[23.53363,42.67267],[23.5336,42.67268],[23.53357,42.67267]]]},"properties":{"osm_type":"way","osm_id":1241680429,"iso_country":"BG","golf":"bunker"}},{"type":"Feature","id":"way/1241680430","geometry":{"type":"Polygon","coordinates":[[[23.53422,42.67246],[23.53421,42.67244],[23.53421,42.67241],[23.53423,42.67239],[23.53427,42.67238],[23.53431,42.67239],[23.53432,42.67241],[23.53432,42.67244],[23.53428,42.67246],[23.53425,42.67247],[23.53422,42.67246]]]},"properties":{"osm_type":"way","osm_id":1241680430,"iso_country":"BG","golf":"bunker"}},{"type":"Feature","id":"way/1241680431","geometry":{"type":"Polygon","coordinates":[[[23.53518,42.67254],[23.53515,42.67252],[23.53515,42.6725],[23.53517,42.67248],[23.53521,42.67247],[23.53525,42.67248],[23.53526,42.6725],[23.53526,42.67253],[23.53524,42.67255],[23.5352,42.67255],[23.53518,42.67254]]]},"properties":{"osm_type":"way","osm_id":1241680431,"iso_country":"BG","golf":"bunker"}},{"type":"Feature","id":"way/1241680432","geometry":{"type":"Polygon","coordinates":[[[23.5324,42.67408],[23.53238,42.67406],[23.53239,42.67404],[23.53241,42.67403],[23.53246,42.67402],[23.53248,42.67403],[23.53248,42.67405],[23.53246,42.67407],[23.53243,42.67408],[23.5324,42.67408]]]},"properties":{"osm_type":"way","osm_id":1241680432,"iso_country":"BG","golf":"bunker"}},{"type":"Feature","id":"way/1241680433","geometry":{"type":"Polygon","coordinates":[[[23.53302,42.67393],[23.53301,42.67391],[23.53301,42.67388],[23.53304,42.67386],[23.53306,42.67387],[23.53309,42.67388],[23.5331,42.6739],[23.53309,42.67391],[23.53308,42.67393],[23.53305,42.67394],[23.53302,42.67393]]]},"properties":{"osm_type":"way","osm_id":1241680433,"iso_country":"BG","golf":"bunker"}},{"type":"Feature","id":"way/1241680434","geometry":{"type":"Polygon","coordinates":[[[23.53302,42.6738],[23.533,42.67378],[23.53301,42.67375],[23.53304,42.67374],[23.53306,42.67374],[23.53309,42.67375],[23.5331,42.67377],[23.53309,42.67378],[23.53308,42.6738],[23.53305,42.6738],[23.53302,42.6738]]]},"properties":{"osm_type":"way","osm_id":1241680434,"iso_country":"BG","golf":"bunker"}},{"type":"Feature","id":"way/1241680435","geometry":{"type":"Polygon","coordinates":[[[23.53301,42.67367],[23.53301,42.67365],[23.53302,42.67363],[23.53304,42.67363],[23.53306,42.67362],[23.53308,42.67363],[23.53309,42.67364],[23.53308,42.67366],[23.53307,42.67368],[23.53304,42.67368],[23.53301,42.67367]]]},"properties":{"osm_type":"way","osm_id":1241680435,"iso_country":"BG","golf":"bunker"}},{"type":"Feature","id":"way/1241680436","geometry":{"type":"Polygon","coordinates":[[[23.53427,42.67398],[23.53425,42.67396],[23.53427,42.67393],[23.5343,42.67392],[23.53433,42.67392],[23.53435,42.67394],[23.53436,42.67395],[23.53436,42.67397],[23.53434,42.67399],[23.5343,42.67399],[23.53427,42.67398]]]},"properties":{"osm_type":"way","osm_id":1241680436,"iso_country":"BG","golf":"bunker"}},{"type":"Feature","id":"way/1241680437","geometry":{"type":"Polygon","coordinates":[[[23.53437,42.67379],[23.53435,42.67377],[23.53435,42.67375],[23.53436,42.67373],[23.53438,42.67373],[23.5344,42.67373],[23.53442,42.67374],[23.53443,42.67376],[23.53443,42.67377],[23.53442,42.67379],[23.5344,42.67379],[23.53437,42.67379]]]},"properties":{"osm_type":"way","osm_id":1241680437,"iso_country":"BG","golf":"bunker"}},{"type":"Feature","id":"way/1241680438","geometry":{"type":"Polygon","coordinates":[[[23.53513,42.67217],[23.5351,42.67214],[23.53511,42.67211],[23.53514,42.6721],[23.53517,42.67211],[23.53519,42.67212],[23.5352,42.67214],[23.53519,42.67215],[23.53518,42.67216],[23.53515,42.67217],[23.53513,42.67217]]]},"properties":{"osm_type":"way","osm_id":1241680438,"iso_country":"BG","golf":"bunker"}},{"type":"Feature","id":"way/1241680439","geometry":{"type":"Polygon","coordinates":[[[23.53455,42.6726],[23.53454,42.67258],[23.53456,42.67256],[23.53458,42.67256],[23.53461,42.67256],[23.53462,42.67257],[23.53462,42.67258],[23.53461,42.6726],[23.53458,42.67261],[23.53455,42.6726]]]},"properties":{"osm_type":"way","osm_id":1241680439,"iso_country":"BG","golf":"bunker"}},{"type":"Feature","id":"way/1241680440","geometry":{"type":"Polygon","coordinates":[[[23.53436,42.67272],[23.53436,42.6727],[23.53437,42.67268],[23.5344,42.67268],[23.53442,42.67268],[23.53443,42.67269],[23.53444,42.6727],[23.53442,42.67272],[23.53439,42.67273],[23.53436,42.67272]]]},"properties":{"osm_type":"way","osm_id":1241680440,"iso_country":"BG","golf":"bunker"}},{"type":"Feature","id":"way/1241680441","geometry":{"type":"Polygon","coordinates":[[[23.53329,42.67234],[23.53328,42.67233],[23.53329,42.67231],[23.5333,42.6723],[23.53333,42.67229],[23.53336,42.6723],[23.53337,42.67231],[23.53337,42.67233],[23.53335,42.67235],[23.53332,42.67235],[23.5333,42.67235],[23.53329,42.67234]]]},"properties":{"osm_type":"way","osm_id":1241680441,"iso_country":"BG","golf":"bunker"}},{"type":"Feature","id":"way/1241680442","geometry":{"type":"Polygon","coordinates":[[[23.53328,42.67249],[23.53327,42.67247],[23.53328,42.67245],[23.53329,42.67244],[23.53331,42.67243],[23.53335,42.67244],[23.53336,42.67245],[23.53336,42.67247],[23.53334,42.67249],[23.53331,42.6725],[23.53328,42.67249]]]},"properties":{"osm_type":"way","osm_id":1241680442,"iso_country":"BG","golf":"bunker"}},{"type":"Feature","id":"way/1241680443","geometry":{"type":"Polygon","coordinates":[[[23.53329,42.67225],[23.53328,42.67224],[23.53328,42.67222],[23.5333,42.6722],[23.53333,42.67219],[23.53336,42.6722],[23.53337,42.67222],[23.53337,42.67224],[23.53335,42.67225],[23.53332,42.67226],[23.53329,42.67225]]]},"properties":{"osm_type":"way","osm_id":1241680443,"iso_country":"BG","golf":"bunker"}},{"type":"Feature","id":"way/1241680444","geometry":{"type":"Polygon","coordinates":[[[23.53327,42.67213],[23.53326,42.67211],[23.53326,42.6721],[23.53327,42.67208],[23.53329,42.67207],[23.53332,42.67208],[23.53333,42.67209],[23.53334,42.67211],[23.53332,42.67212],[23.5333,42.67213],[23.53327,42.67213]]]},"properties":{"osm_type":"way","osm_id":1241680444,"iso_country":"BG","golf":"bunker"}},{"type":"Feature","id":"way/1241680445","geometry":{"type":"Polygon","coordinates":[[[23.53286,42.67188],[23.53285,42.67186],[23.53285,42.67185],[23.53286,42.67183],[23.53288,42.67181],[23.53291,42.67182],[23.53292,42.67183],[23.53293,42.67184],[23.53293,42.67186],[23.53291,42.67188],[23.53289,42.67188],[23.53286,42.67188]]]},"properties":{"osm_type":"way","osm_id":1241680445,"iso_country":"BG","golf":"bunker"}},{"type":"Feature","id":"way/1241680446","geometry":{"type":"Polygon","coordinates":[[[23.53322,42.67189],[23.53321,42.67188],[23.53322,42.67186],[23.53323,42.67184],[23.53324,42.67183],[23.53327,42.67184],[23.53328,42.67185],[23.53329,42.67186],[23.53328,42.67188],[23.53327,42.67189],[23.53324,42.6719],[23.53322,42.67189]]]},"properties":{"osm_type":"way","osm_id":1241680446,"iso_country":"BG","golf":"bunker"}},{"type":"Feature","id":"way/1241680447","geometry":{"type":"Polygon","coordinates":[[[23.53598,42.67286],[23.53597,42.67286],[23.53597,42.67285],[23.53597,42.67283],[23.53597,42.67283],[23.53598,42.67282],[23.536,42.67282],[23.53601,42.67282],[23.53603,42.67282],[23.53604,42.67283],[23.53604,42.67284],[23.53604,42.67285],[23.53604,42.67286],[23.53602,42.67287],[23.53601,42.67287],[23.536,42.67287],[23.53599,42.67287],[23.53598,42.67286]]]},"properties":{"osm_type":"way","osm_id":1241680447,"iso_country":"BG","golf":"bunker"}},{"type":"Feature","id":"way/1241680448","geometry":{"type":"Polygon","coordinates":[[[23.53569,42.67313],[23.53568,42.67312],[23.53568,42.67311],[23.53568,42.67311],[23.53568,42.6731],[23.53569,42.67309],[23.53571,42.67308],[23.53573,42.67309],[23.53574,42.6731],[23.53574,42.67311],[23.53573,42.67312],[23.53572,42.67313],[23.5357,42.67313],[23.53569,42.67313]]]},"properties":{"osm_type":"way","osm_id":1241680448,"iso_country":"BG","golf":"bunker"}},{"type":"Feature","id":"way/1241680449","geometry":{"type":"LineString","coordinates":[[23.53274,42.67129],[23.53335,42.67153],[23.53417,42.67166],[23.53446,42.67189],[23.5348,42.67179],[23.53548,42.67121],[23.53578,42.67082],[23.53753,42.67111]]},"properties":{"osm_type":"way","osm_id":1241680449,"iso_country":"BG","golf":"cartpath"}},{"type":"Feature","id":"way/1241680450","geometry":{"type":"LineString","coordinates":[[23.53724,42.67105],[23.5372,42.67114],[23.53714,42.6712],[23.53703,42.67129],[23.53697,42.67136],[23.53692,42.67155],[23.53694,42.67165],[23.537,42.67176],[23.53707,42.67179],[23.53733,42.67188],[23.53741,42.67197],[23.53741,42.67205],[23.53734,42.6722]]},"properties":{"osm_type":"way","osm_id":1241680450,"iso_country":"BG","golf":"cartpath"}},{"type":"Feature","id":"way/1426419298","geometry":{"type":"LineString","coordinates":[[23.53115,42.46321],[23.53121,42.46302],[23.53115,42.46295],[23.53112,42.46291],[23.5308,42.46286],[23.53041,42.46291],[23.53017,42.463],[23.53011,42.46313],[23.53009,42.46344],[23.53023,42.46358],[23.53032,42.46373],[23.53062,42.46384],[23.53075,42.46394],[23.53083,42.46423]]},"properties":{"osm_type":"way","osm_id":1426419298,"iso_country":"BG","golf":"cartpath"}},{"type":"Feature","id":"way/1426419299","geometry":{"type":"LineString","coordinates":[[23.53115,42.46295],[23.5313,42.46277]]},"properties":{"osm_type":"way","osm_id":1426419299,"iso_country":"BG","golf":"cartpath"}},{"type":"Feature","id":"way/1426419300","geometry":{"type":"LineString","coordinates":[[23.53131,42.46497],[23.53152,42.4655],[23.5318,42.46573],[23.53172,42.46707],[23.53028,42.469],[23.53035,42.46939],[23.53023,42.46998],[23.52954,42.47061],[23.52945,42.47084],[23.52942,42.47162],[23.52917,42.47184]]},"properties":{"osm_type":"way","osm_id":1426419300,"iso_country":"BG","golf":"cartpath"}},{"type":"Feature","id":"way/1426419301","geometry":{"type":"LineString","coordinates":[[23.52954,42.47061],[23.52873,42.47092],[23.52858,42.47104],[23.52852,42.47126],[23.52869,42.47152],[23.52914,42.47165],[23.52914,42.47208],[23.52928,42.47233],[23.52917,42.47274],[23.52943,42.47314],[23.52933,42.47329]]},"properties":{"osm_type":"way","osm_id":1426419301,"iso_country":"BG","golf":"cartpath"}},{"type":"Feature","id":"way/1426419302","geometry":{"type":"LineString","coordinates":[[23.52943,42.47314],[23.52951,42.4732],[23.5296,42.47332],[23.52969,42.47345],[23.52971,42.47363],[23.52967,42.47377],[23.52982,42.47395],[23.52983,42.47409],[23.52969,42.47424]]},"properties":{"osm_type":"way","osm_id":1426419302,"iso_country":"BG","golf":"cartpath"}},{"type":"Feature","id":"way/1426419303","geometry":{"type":"LineString","coordinates":[[23.5283,42.47279],[23.5284,42.47301],[23.52849,42.47311],[23.52873,42.47322],[23.529,42.47326],[23.52922,42.47326],[23.52933,42.47329],[23.52945,42.47339],[23.52945,42.47347],[23.52947,42.47366],[23.52944,42.47387],[23.52948,42.47413]]},"properties":{"osm_type":"way","osm_id":1426419303,"iso_country":"BG","golf":"cartpath"}},{"type":"Feature","id":"way/1426419304","geometry":{"type":"LineString","coordinates":[[23.52945,42.47347],[23.52918,42.47365],[23.5291,42.47411],[23.52948,42.47413],[23.52969,42.47424],[23.52971,42.47485],[23.52983,42.47506],[23.53031,42.47499]]},"properties":{"osm_type":"way","osm_id":1426419304,"iso_country":"BG","golf":"cartpath"}},{"type":"Feature","id":"way/1426419305","geometry":{"type":"LineString","coordinates":[[23.52983,42.47506],[23.52952,42.47513],[23.52931,42.47526],[23.5292,42.47543],[23.52906,42.47564],[23.52892,42.47577],[23.52873,42.47584]]},"properties":{"osm_type":"way","osm_id":1426419305,"iso_country":"BG","golf":"cartpath"}},{"type":"Feature","id":"way/1426419306","geometry":{"type":"LineString","coordinates":[[23.53011,42.47506],[23.5303,42.47532],[23.53043,42.47548],[23.53026,42.47578],[23.53016,42.47641],[23.53007,42.47654],[23.53009,42.47672],[23.53002,42.47683],[23.52992,42.47692],[23.52977,42.47728]]},"properties":{"osm_type":"way","osm_id":1426419306,"iso_country":"BG","golf":"cartpath"}},{"type":"Feature","id":"way/1426419307","geometry":{"type":"LineString","coordinates":[[23.52814,42.47739],[23.52785,42.47794],[23.52744,42.47835],[23.52742,42.47863],[23.52888,42.47886],[23.52903,42.4788],[23.52912,42.47864],[23.52901,42.47854],[23.52903,42.47819]]},"properties":{"osm_type":"way","osm_id":1426419307,"iso_country":"BG","golf":"cartpath"}},{"type":"Feature","id":"way/1426419308","geometry":{"type":"LineString","coordinates":[[23.52765,42.47866],[23.52757,42.47876],[23.52759,42.47882],[23.52767,42.47885],[23.52799,42.47881],[23.52823,42.47885],[23.52843,42.47885],[23.52867,42.47894],[23.52878,42.47892],[23.52888,42.47886]]},"properties":{"osm_type":"way","osm_id":1426419308,"iso_country":"BG","golf":"cartpath"}},{"type":"Feature","id":"way/1426419309","geometry":{"type":"LineString","coordinates":[[23.52903,42.4788],[23.52906,42.47891],[23.52901,42.47947],[23.52894,42.47966],[23.52873,42.47985],[23.52859,42.47991],[23.52791,42.47989],[23.52778,42.47992],[23.52759,42.4799],[23.52756,42.47982],[23.52753,42.47971],[23.52742,42.4796],[23.52726,42.47955]]},"properties":{"osm_type":"way","osm_id":1426419309,"iso_country":"BG","golf":"cartpath"}},{"type":"Feature","id":"way/1426419310","geometry":{"type":"LineString","coordinates":[[23.52936,42.47851],[23.52966,42.47879],[23.52962,42.47939],[23.52989,42.47973],[23.52988,42.47982],[23.52945,42.48013],[23.52953,42.48038],[23.52943,42.48069],[23.52955,42.48123],[23.52945,42.48164],[23.52904,42.48164],[23.52899,42.48145],[23.52864,42.4811],[23.52854,42.48072],[23.52866,42.48036],[23.52859,42.47991]]},"properties":{"osm_type":"way","osm_id":1426419310,"iso_country":"BG","golf":"cartpath"}},{"type":"Feature","id":"way/1426419311","geometry":{"type":"LineString","coordinates":[[23.52416,42.47768],[23.52425,42.47792],[23.52453,42.47817],[23.52464,42.47823],[23.52473,42.47841],[23.52506,42.47878],[23.52502,42.47896],[23.52521,42.47922],[23.52555,42.47932]]},"properties":{"osm_type":"way","osm_id":1426419311,"iso_country":"BG","golf":"cartpath"}},{"type":"Feature","id":"way/1426419312","geometry":{"type":"LineString","coordinates":[[23.52998,42.47021],[23.52999,42.47038],[23.53011,42.4706],[23.53034,42.47079],[23.53036,42.47087],[23.53023,42.47109],[23.53007,42.47116],[23.52972,42.47114],[23.52943,42.47113]]},"properties":{"osm_type":"way","osm_id":1426419312,"iso_country":"BG","golf":"cartpath"}},{"type":"Feature","id":"way/1426419313","geometry":{"type":"LineString","coordinates":[[23.52849,42.47311],[23.52828,42.47322],[23.52821,42.47334],[23.5281,42.47346],[23.52799,42.47353],[23.52774,42.47356],[23.52748,42.4737],[23.5271,42.47397]]},"properties":{"osm_type":"way","osm_id":1426419313,"iso_country":"BG","golf":"cartpath"}},{"type":"Feature","id":"way/1426419314","geometry":{"type":"LineString","coordinates":[[23.52744,42.47342],[23.52775,42.47336],[23.528,42.47322],[23.52813,42.4732],[23.52828,42.47322]]},"properties":{"osm_type":"way","osm_id":1426419314,"iso_country":"BG","golf":"cartpath"}},{"type":"Feature","id":"way/1426419316","geometry":{"type":"LineString","coordinates":[[23.53034,42.46945],[23.53054,42.46934],[23.53055,42.46855],[23.53073,42.46795],[23.53121,42.46766]]},"properties":{"osm_type":"way","osm_id":1426419316,"iso_country":"BG","golf":"cartpath"}},{"type":"Feature","id":"way/1426419319","geometry":{"type":"Polygon","coordinates":[[[23.53094,42.46302],[23.53073,42.46292],[23.53051,42.46296],[23.5304,42.4631],[23.53018,42.46304],[23.53014,42.46312],[23.53013,42.46342],[23.5304,42.46374],[23.53067,42.46383],[23.53036,42.46328],[23.53042,42.46323],[23.53066,42.46345],[23.53082,42.46407],[23.53039,42.46419],[23.53034,42.46442],[23.53015,42.46463],[23.53014,42.46508],[23.53044,42.46626],[23.53096,42.46694],[23.53046,42.46735],[23.53024,42.46769],[23.53033,42.46792],[23.53054,42.468],[23.53036,42.46845],[23.53047,42.46854],[23.53104,42.46851],[23.5317,42.46797],[23.53226,42.46768],[23.53241,42.46723],[23.53222,42.46707],[23.53281,42.46611],[23.53274,42.46595],[23.53225,42.46579],[23.53185,42.46603],[23.53168,42.46643],[23.53147,42.46631],[23.53113,42.46552],[23.5306,42.46468],[23.53068,42.46457],[23.53092,42.46487],[23.53105,42.46489],[23.53102,42.46505],[23.53136,42.46526],[23.53148,42.46564],[23.53174,42.46575],[23.53183,42.46539],[23.53136,42.46495],[23.53146,42.46485],[23.53137,42.4643],[23.53125,42.4642],[23.53124,42.46395],[23.53134,42.46377],[23.53123,42.46339],[23.53129,42.46327],[23.53094,42.46302]]]},"properties":{"osm_type":"way","osm_id":1426419319,"iso_country":"BG","leisure":"golf_course"}},{"type":"Feature","id":"way/1426419322","geometry":{"type":"Polygon","coordinates":[[[23.53007,42.46893],[23.53021,42.46876],[23.5304,42.46875],[23.5302,42.46905],[23.5303,42.4694],[23.53044,42.46947],[23.53059,42.46938],[23.53055,42.46908],[23.53086,42.46918],[23.53089,42.46965],[23.53074,42.47027],[23.53057,42.4704],[23.53033,42.47035],[23.5302,42.47059],[23.53008,42.47041],[23.53021,42.4698],[23.52985,42.46997],[23.52986,42.47018],[23.52927,42.47043],[23.52934,42.47058],[23.52921,42.47068],[23.52902,42.47065],[23.52894,42.47078],[23.52873,42.47084],[23.52856,42.47063],[23.5286,42.47037],[23.52907,42.47028],[23.52963,42.46997],[23.52955,42.46966],[23.52988,42.46919],[23.52987,42.46904],[23.53007,42.46893]]]},"properties":{"osm_type":"way","osm_id":1426419322,"iso_country":"BG","leisure":"golf_course"}},{"type":"Feature","id":"way/1426421897","geometry":{"type":"Polygon","coordinates":[[[23.5295,42.47096],[23.52949,42.47162],[23.52958,42.47186],[23.52937,42.4723],[23.52933,42.47266],[23.5297,42.47338],[23.52972,42.47376],[23.52996,42.47382],[23.53005,42.47334],[23.52983,42.47256],[23.53008,42.47218],[23.53,42.47205],[23.5298,42.47207],[23.52977,42.47195],[23.5301,42.47161],[23.53006,42.47134],[23.52979,42.47129],[23.52975,42.4712],[23.53013,42.47107],[23.5303,42.4709],[23.53023,42.47083],[23.5295,42.47096]]]},"properties":{"osm_type":"way","osm_id":1426421897,"iso_country":"BG","leisure":"golf_course"}},{"type":"Feature","id":"way/1426421898","geometry":{"type":"Polygon","coordinates":[[[23.52911,42.47183],[23.52908,42.47207],[23.52893,42.47212],[23.52881,42.47205],[23.52884,42.47177],[23.52851,42.47164],[23.52843,42.47145],[23.52845,42.47127],[23.52853,42.47139],[23.5286,42.47154],[23.52902,42.47163],[23.52907,42.47167],[23.52911,42.47183]]]},"properties":{"osm_type":"way","osm_id":1426421898,"iso_country":"BG","leisure":"golf_course"}},{"type":"Feature","id":"way/1426421901","geometry":{"type":"Polygon","coordinates":[[[23.52943,42.47224],[23.52945,42.47219],[23.52957,42.47213],[23.52958,42.47217],[23.52953,42.47222],[23.5295,42.47226],[23.52943,42.47224]]]},"properties":{"osm_type":"way","osm_id":1426421901,"iso_country":"BG","golf":"bunker"}},{"type":"Feature","id":"way/1426421902","geometry":{"type":"Polygon","coordinates":[[[23.53026,42.47031],[23.53031,42.47018],[23.53024,42.47015],[23.53044,42.47],[23.53035,42.47027],[23.53026,42.47031]]]},"properties":{"osm_type":"way","osm_id":1426421902,"iso_country":"BG","golf":"bunker"}},{"type":"Feature","id":"way/1426421903","geometry":{"type":"Polygon","coordinates":[[[23.53211,42.46598],[23.53208,42.46605],[23.53198,42.4661],[23.53188,42.46605],[23.53195,42.466],[23.53205,42.46597],[23.53211,42.46598]]]},"properties":{"osm_type":"way","osm_id":1426421903,"iso_country":"BG","golf":"bunker"}},{"type":"Feature","id":"way/1426421904","geometry":{"type":"Polygon","coordinates":[[[23.53236,42.4662],[23.53238,42.46615],[23.5325,42.46619],[23.53256,42.46623],[23.53246,42.46626],[23.53236,42.4662]]]},"properties":{"osm_type":"way","osm_id":1426421904,"iso_country":"BG","golf":"bunker"}},{"type":"Feature","id":"way/1426421905","geometry":{"type":"Polygon","coordinates":[[[23.53186,42.46628],[23.53203,42.46646],[23.53209,42.46645],[23.53215,42.46637],[23.53212,42.46633],[23.53203,42.46635],[23.53194,42.46627],[23.53186,42.46628]]]},"properties":{"osm_type":"way","osm_id":1426421905,"iso_country":"BG","golf":"bunker"}},{"type":"Feature","id":"way/1426421906","geometry":{"type":"Polygon","coordinates":[[[23.53088,42.46327],[23.53094,42.46332],[23.53098,42.46329],[23.53101,42.46322],[23.53095,42.46318],[23.5309,42.46319],[23.53093,42.46323],[23.53088,42.46327]]]},"properties":{"osm_type":"way","osm_id":1426421906,"iso_country":"BG","golf":"bunker"}},{"type":"Feature","id":"way/1426421907","geometry":{"type":"Polygon","coordinates":[[[23.5306,42.46331],[23.53065,42.46333],[23.53068,42.46331],[23.53067,42.46326],[23.53064,42.46325],[23.53061,42.4632],[23.53052,42.46317],[23.53052,42.46321],[23.53059,42.46326],[23.5306,42.46331]]]},"properties":{"osm_type":"way","osm_id":1426421907,"iso_country":"BG","golf":"bunker"}},{"type":"Feature","id":"way/1426421908","geometry":{"type":"Polygon","coordinates":[[[23.53086,42.46346],[23.53088,42.46349],[23.53091,42.46351],[23.53096,42.4635],[23.53093,42.46346],[23.53086,42.46346]]]},"properties":{"osm_type":"way","osm_id":1426421908,"iso_country":"BG","golf":"bunker"}},{"type":"Feature","id":"way/1426421909","geometry":{"type":"Polygon","coordinates":[[[23.53055,42.46759],[23.53058,42.46756],[23.53055,42.46753],[23.53052,42.46755],[23.53052,42.46757],[23.53055,42.46759]]]},"properties":{"osm_type":"way","osm_id":1426421909,"iso_country":"BG","golf":"bunker"}},{"type":"Feature","id":"way/1426421910","geometry":{"type":"Polygon","coordinates":[[[23.5311,42.46747],[23.53107,42.46746],[23.53107,42.46743],[23.53111,42.46743],[23.53113,42.46745],[23.5311,42.46747]]]},"properties":{"osm_type":"way","osm_id":1426421910,"iso_country":"BG","golf":"bunker"}},{"type":"Feature","id":"way/1426421911","geometry":{"type":"Polygon","coordinates":[[[23.53074,42.46735],[23.53077,42.46737],[23.53082,42.46735],[23.53081,42.46731],[23.53075,42.46729],[23.53069,42.46731],[23.53064,42.46731],[23.53057,42.46735],[23.53057,42.46739],[23.53061,42.46739],[23.53064,42.46735],[23.53066,42.46738],[23.53071,42.46737],[23.53074,42.46735]]]},"properties":{"osm_type":"way","osm_id":1426421911,"iso_country":"BG","golf":"bunker"}},{"type":"Feature","id":"way/1426421912","geometry":{"type":"Polygon","coordinates":[[[23.53092,42.46763],[23.53101,42.46766],[23.53106,42.46751],[23.53095,42.46751],[23.53092,42.46763]]]},"properties":{"osm_type":"way","osm_id":1426421912,"iso_country":"BG","golf":"bunker"}},{"type":"Feature","id":"way/1426421913","geometry":{"type":"Polygon","coordinates":[[[23.53035,42.46768],[23.53042,42.46765],[23.53045,42.46769],[23.5304,42.46769],[23.53037,42.4677],[23.53035,42.46768]]]},"properties":{"osm_type":"way","osm_id":1426421913,"iso_country":"BG","golf":"bunker"}},{"type":"Feature","id":"way/1426421914","geometry":{"type":"Polygon","coordinates":[[[23.53047,42.46764],[23.5305,42.46766],[23.53053,42.46764],[23.53049,42.46759],[23.53047,42.46764]]]},"properties":{"osm_type":"way","osm_id":1426421914,"iso_country":"BG","golf":"bunker"}},{"type":"Feature","id":"way/1426421915","geometry":{"type":"Polygon","coordinates":[[[23.53162,42.46739],[23.53172,42.46746],[23.53186,42.46733],[23.53165,42.46731],[23.5317,42.46739],[23.53162,42.46739]]]},"properties":{"osm_type":"way","osm_id":1426421915,"iso_country":"BG","golf":"bunker"}},{"type":"Feature","id":"way/1426421916","geometry":{"type":"Polygon","coordinates":[[[23.5287,42.47313],[23.52872,42.47308],[23.52876,42.47309],[23.52879,42.47312],[23.5289,42.47311],[23.52893,42.47313],[23.52887,42.47314],[23.52893,42.47317],[23.52888,42.47321],[23.52885,42.47317],[23.52881,42.47318],[23.52881,42.47314],[23.52876,42.47317],[23.52875,42.47313],[23.5287,42.47313]]]},"properties":{"osm_type":"way","osm_id":1426421916,"iso_country":"BG","golf":"bunker"}},{"type":"Feature","id":"way/1426421917","geometry":{"type":"Polygon","coordinates":[[[23.52768,42.47299],[23.52764,42.47301],[23.52768,42.47304],[23.52774,42.47303],[23.52774,42.47301],[23.52768,42.47299]]]},"properties":{"osm_type":"way","osm_id":1426421917,"iso_country":"BG","golf":"bunker"}},{"type":"Feature","id":"way/1426421918","geometry":{"type":"Polygon","coordinates":[[[23.52796,42.47309],[23.52796,42.47305],[23.52803,42.47305],[23.52806,42.473],[23.52815,42.47302],[23.52814,42.47305],[23.52808,42.47304],[23.52806,42.47307],[23.52809,42.47308],[23.52806,42.47309],[23.52801,42.47308],[23.52799,42.4731],[23.52796,42.47309]]]},"properties":{"osm_type":"way","osm_id":1426421918,"iso_country":"BG","golf":"bunker"}},{"type":"Feature","id":"way/1426421919","geometry":{"type":"Polygon","coordinates":[[[23.5281,42.47293],[23.52812,42.47295],[23.52817,42.47295],[23.52818,42.47291],[23.52814,42.4729],[23.52812,42.47286],[23.52816,42.47286],[23.52817,42.47284],[23.52814,42.47282],[23.52806,42.47282],[23.52811,42.47292],[23.5281,42.47293]]]},"properties":{"osm_type":"way","osm_id":1426421919,"iso_country":"BG","golf":"bunker"}},{"type":"Feature","id":"way/1426421920","geometry":{"type":"Polygon","coordinates":[[[23.5272,42.47272],[23.52738,42.47283],[23.52737,42.47287],[23.52723,42.47296],[23.52685,42.473],[23.52682,42.47299],[23.52682,42.47296],[23.52712,42.47273],[23.5272,42.47272]]]},"properties":{"osm_type":"way","osm_id":1426421920,"iso_country":"BG","golf":"lateral_water_hazard"}},{"type":"Feature","id":"way/1426421921","geometry":{"type":"Polygon","coordinates":[[[23.52514,42.47407],[23.52513,42.47419],[23.52539,42.47442],[23.52553,42.47442],[23.52571,42.47429],[23.52589,42.4742],[23.5259,42.47411],[23.52587,42.47398],[23.52591,42.47379],[23.52583,42.47375],[23.52561,42.47378],[23.52543,42.47387],[23.52514,42.47407]]]},"properties":{"osm_type":"way","osm_id":1426421921,"iso_country":"BG","golf":"lateral_water_hazard"}},{"type":"Feature","id":"way/1426421922","geometry":{"type":"LineString","coordinates":[[23.52603,42.47435],[23.52569,42.47472],[23.52543,42.47485],[23.52524,42.47501],[23.52518,42.47503],[23.52498,42.47508],[23.5246,42.47525],[23.52453,42.47526],[23.5243,42.47515],[23.52421,42.47514],[23.52399,42.47522],[23.5238,42.47524],[23.52374,42.4753],[23.52375,42.47539]]},"properties":{"osm_type":"way","osm_id":1426421922,"iso_country":"BG","golf":"cartpath"}},{"type":"Feature","id":"way/1426421923","geometry":{"type":"LineString","coordinates":[[23.5252,42.47515],[23.52492,42.47529],[23.52469,42.47535],[23.52462,42.47542],[23.52461,42.47588],[23.52467,42.47604],[23.52463,42.47617],[23.52458,42.47633],[23.52475,42.47663],[23.52479,42.4767],[23.52477,42.47698],[23.52486,42.47733],[23.52497,42.47756],[23.52508,42.47767]]},"properties":{"osm_type":"way","osm_id":1426421923,"iso_country":"BG","golf":"cartpath"}},{"type":"Feature","id":"way/1426421924","geometry":{"type":"LineString","coordinates":[[23.52642,42.47584],[23.52626,42.4759],[23.52601,42.47639],[23.52538,42.47671],[23.52573,42.47694],[23.52632,42.47661],[23.52652,42.47632],[23.52719,42.47607]]},"properties":{"osm_type":"way","osm_id":1426421924,"iso_country":"BG","golf":"cartpath"}},{"type":"Feature","id":"way/1426421926","geometry":{"type":"LineString","coordinates":[[23.5291,42.47411],[23.529,42.47419],[23.52885,42.47423],[23.52838,42.47449]]},"properties":{"osm_type":"way","osm_id":1426421926,"iso_country":"BG","golf":"cartpath"}},{"type":"Feature","id":"way/1426421927","geometry":{"type":"Polygon","coordinates":[[[23.52828,42.47466],[23.52825,42.47462],[23.52856,42.47442],[23.52872,42.4744],[23.52893,42.47429],[23.52915,42.47427],[23.52928,42.47431],[23.52929,42.4744],[23.52921,42.47456],[23.52912,42.4746],[23.52886,42.47465],[23.52868,42.47475],[23.52859,42.47476],[23.52828,42.47466]]]},"properties":{"osm_type":"way","osm_id":1426421927,"iso_country":"BG","golf":"lateral_water_hazard"}},{"type":"Feature","id":"way/1426421928","geometry":{"type":"LineString","coordinates":[[23.52974,42.47445],[23.52979,42.47448],[23.52992,42.47451],[23.52994,42.47454],[23.52988,42.47457],[23.52976,42.47461]]},"properties":{"osm_type":"way","osm_id":1426421928,"iso_country":"BG","golf":"cartpath"}},{"type":"Feature","id":"way/1426421930","geometry":{"type":"Polygon","coordinates":[[[23.52632,42.47431],[23.52605,42.47428],[23.52595,42.47384],[23.52611,42.47348],[23.52709,42.47335],[23.52719,42.47329],[23.5272,42.47305],[23.5276,42.47275],[23.52783,42.47269],[23.52824,42.47287],[23.52829,42.47304],[23.52818,42.47313],[23.52724,42.47336],[23.52743,42.47349],[23.52734,42.47367],[23.52701,42.47383],[23.5266,42.47387],[23.5264,42.47406],[23.52632,42.47431]]]},"properties":{"osm_type":"way","osm_id":1426421930,"iso_country":"BG","leisure":"golf_course"}},{"type":"Feature","id":"way/1426421931","geometry":{"type":"Polygon","coordinates":[[[23.52862,42.47314],[23.52842,42.47294],[23.52838,42.47268],[23.52905,42.47276],[23.52937,42.47314],[23.52931,42.47324],[23.52862,42.47314]]]},"properties":{"osm_type":"way","osm_id":1426421931,"iso_country":"BG","leisure":"golf_course"}},{"type":"Feature","id":"way/1426425923","geometry":{"type":"Polygon","coordinates":[[[23.53065,42.47493],[23.53024,42.47504],[23.53018,42.4751],[23.53047,42.47548],[23.53035,42.47567],[23.53048,42.47575],[23.53067,42.47568],[23.5308,42.4755],[23.53082,42.47537],[23.53065,42.47493]]]},"properties":{"osm_type":"way","osm_id":1426425923,"iso_country":"BG","leisure":"golf_course"}},{"type":"Feature","id":"way/1426425924","geometry":{"type":"LineString","coordinates":[[23.5292,42.47543],[23.52925,42.47555],[23.52928,42.47558],[23.52935,42.47564]]},"properties":{"osm_type":"way","osm_id":1426425924,"iso_country":"BG","golf":"cartpath"}},{"type":"Feature","id":"way/1426425927","geometry":{"type":"Polygon","coordinates":[[[23.52825,42.47341],[23.52849,42.47347],[23.52758,42.47387],[23.52739,42.47405],[23.52737,42.47423],[23.52666,42.47479],[23.52551,42.4755],[23.52532,42.47589],[23.52632,42.47538],[23.52634,42.47523],[23.52762,42.47431],[23.52877,42.47409],[23.52883,42.47417],[23.5283,42.4745],[23.52786,42.47458],[23.52785,42.47473],[23.52812,42.47482],[23.52843,42.47475],[23.52864,42.47481],[23.5292,42.47461],[23.52936,42.47429],[23.52961,42.47435],[23.52956,42.47463],[23.52966,42.47505],[23.52923,42.47526],[23.52889,42.47573],[23.5287,42.47579],[23.5281,42.47557],[23.52823,42.4752],[23.52797,42.47515],[23.52791,42.47539],[23.52751,42.47566],[23.52727,42.47606],[23.52693,42.47619],[23.52664,42.47616],[23.52682,42.47604],[23.52699,42.4754],[23.52691,42.47537],[23.52669,42.47542],[23.52648,42.47589],[23.52584,42.47619],[23.52593,42.47634],[23.52565,42.47648],[23.52509,42.4764],[23.52498,42.47624],[23.52509,42.47597],[23.52476,42.47599],[23.52459,42.47612],[23.52442,42.47601],[23.52468,42.47574],[23.5247,42.47552],[23.52503,42.47543],[23.52501,42.47529],[23.52525,42.47514],[23.52529,42.47501],[23.52512,42.47472],[23.52523,42.47461],[23.52568,42.47451],[23.52584,42.47475],[23.52762,42.47366],[23.52825,42.47341]]]},"properties":{"osm_type":"way","osm_id":1426425927,"iso_country":"BG","leisure":"golf_course"}},{"type":"Feature","id":"way/1426425928","geometry":{"type":"Polygon","coordinates":[[[23.52466,42.475],[23.52482,42.4749],[23.52503,42.47493],[23.52506,42.475],[23.52499,42.47503],[23.52486,42.47504],[23.5248,42.47507],[23.52471,42.47506],[23.52466,42.475]]]},"properties":{"osm_type":"way","osm_id":1426425928,"iso_country":"BG","leisure":"golf_course"}},{"type":"Feature","id":"way/1426425929","geometry":{"type":"Polygon","coordinates":[[[23.52424,42.47517],[23.52432,42.4752],[23.52434,42.47553],[23.52446,42.47566],[23.52431,42.47606],[23.52418,42.47614],[23.52415,42.47657],[23.52454,42.47744],[23.52462,42.47792],[23.52555,42.47897],[23.5258,42.4789],[23.52722,42.47941],[23.52728,42.47933],[23.52685,42.47902],[23.52576,42.47869],[23.52567,42.47856],[23.52573,42.47845],[23.52525,42.47825],[23.52481,42.47698],[23.52485,42.4768],[23.52503,42.47682],[23.52512,42.47715],[23.52559,42.4776],[23.52574,42.47793],[23.52572,42.47833],[23.52586,42.47835],[23.52604,42.47819],[23.52665,42.47857],[23.52771,42.4789],[23.52881,42.47899],[23.52899,42.47922],[23.52886,42.47955],[23.52839,42.47971],[23.5284,42.47986],[23.52775,42.47988],[23.52765,42.47986],[23.52761,42.47973],[23.52794,42.47965],[23.528,42.47953],[23.52746,42.47941],[23.5274,42.47953],[23.52707,42.47962],[23.52624,42.47952],[23.52564,42.47936],[23.52549,42.47915],[23.52521,42.47913],[23.52508,42.47896],[23.52513,42.47876],[23.52431,42.4779],[23.52392,42.47713],[23.52357,42.47675],[23.52373,42.47578],[23.52357,42.47558],[23.52364,42.47536],[23.52424,42.47517]]]},"properties":{"osm_type":"way","osm_id":1426425929,"iso_country":"BG","leisure":"golf_course"}},{"type":"Feature","id":"way/1426425930","geometry":{"type":"Polygon","coordinates":[[[23.52393,42.47532],[23.52394,42.47528],[23.52398,42.47526],[23.52406,42.47528],[23.52405,42.47533],[23.52409,42.47537],[23.52406,42.47542],[23.524,42.47541],[23.52399,42.47536],[23.52401,42.47533],[23.52393,42.47532]]]},"properties":{"osm_type":"way","osm_id":1426425930,"iso_country":"BG","golf":"bunker"}},{"type":"Feature","id":"way/1426425931","geometry":{"type":"Polygon","coordinates":[[[23.5243,42.47594],[23.52423,42.47589],[23.5242,42.47583],[23.52427,42.47582],[23.52428,42.47587],[23.5243,42.4759],[23.5243,42.47594]]]},"properties":{"osm_type":"way","osm_id":1426425931,"iso_country":"BG","golf":"bunker"}},{"type":"Feature","id":"way/1426425932","geometry":{"type":"Polygon","coordinates":[[[23.52524,42.47547],[23.52521,42.47543],[23.52522,42.4754],[23.52539,42.4754],[23.52541,42.47547],[23.52538,42.47549],[23.52531,42.47546],[23.52529,42.47544],[23.52524,42.47547]]]},"properties":{"osm_type":"way","osm_id":1426425932,"iso_country":"BG","golf":"bunker"}},{"type":"Feature","id":"way/1426425933","geometry":{"type":"Polygon","coordinates":[[[23.52493,42.47553],[23.52496,42.47549],[23.52501,42.47551],[23.52501,42.47555],[23.52496,42.47556],[23.52493,42.47553]]]},"properties":{"osm_type":"way","osm_id":1426425933,"iso_country":"BG","golf":"bunker"}},{"type":"Feature","id":"way/1426425934","geometry":{"type":"Polygon","coordinates":[[[23.52511,42.47573],[23.52505,42.47575],[23.52508,42.47579],[23.52511,42.4758],[23.52513,42.47579],[23.52511,42.47573]]]},"properties":{"osm_type":"way","osm_id":1426425934,"iso_country":"BG","golf":"bunker"}},{"type":"Feature","id":"way/1426425935","geometry":{"type":"Polygon","coordinates":[[[23.52506,42.47563],[23.52514,42.47562],[23.52516,42.47565],[23.52507,42.47566],[23.52506,42.47563]]]},"properties":{"osm_type":"way","osm_id":1426425935,"iso_country":"BG","golf":"bunker"}},{"type":"Feature","id":"way/1426425936","geometry":{"type":"Polygon","coordinates":[[[23.52506,42.47569],[23.52513,42.47568],[23.52514,42.47571],[23.52508,42.47571],[23.52506,42.47569]]]},"properties":{"osm_type":"way","osm_id":1426425936,"iso_country":"BG","golf":"bunker"}},{"type":"Feature","id":"way/1426425937","geometry":{"type":"Polygon","coordinates":[[[23.52544,42.47618],[23.52549,42.47615],[23.52552,42.47619],[23.52546,42.47619],[23.52544,42.47618]]]},"properties":{"osm_type":"way","osm_id":1426425937,"iso_country":"BG","golf":"bunker"}},{"type":"Feature","id":"way/1426425938","geometry":{"type":"Polygon","coordinates":[[[23.52555,42.47581],[23.52557,42.47578],[23.5256,42.47581],[23.52557,42.47583],[23.52555,42.47581]]]},"properties":{"osm_type":"way","osm_id":1426425938,"iso_country":"BG","golf":"bunker"}},{"type":"Feature","id":"way/1426425939","geometry":{"type":"Polygon","coordinates":[[[23.52564,42.47586],[23.52563,42.47583],[23.52567,42.47582],[23.52571,42.47587],[23.5256,42.47594],[23.52556,42.47591],[23.5256,42.4759],[23.52559,42.47586],[23.52564,42.47586]]]},"properties":{"osm_type":"way","osm_id":1426425939,"iso_country":"BG","golf":"bunker"}},{"type":"Feature","id":"way/1426425940","geometry":{"type":"Polygon","coordinates":[[[23.52607,42.47554],[23.52613,42.47547],[23.52628,42.47548],[23.52633,42.47545],[23.52637,42.47548],[23.52631,42.47555],[23.52625,42.47556],[23.52626,42.47551],[23.52622,42.47553],[23.52615,42.47551],[23.5261,42.47556],[23.52607,42.47554]]]},"properties":{"osm_type":"way","osm_id":1426425940,"iso_country":"BG","golf":"bunker"}},{"type":"Feature","id":"way/1426425941","geometry":{"type":"Polygon","coordinates":[[[23.52785,42.47485],[23.52783,42.47488],[23.52792,42.47491],[23.52796,42.47488],[23.52803,42.47483],[23.52798,42.4748],[23.52791,42.47486],[23.52787,42.4748],[23.5278,42.47479],[23.5278,42.47483],[23.52785,42.47485]]]},"properties":{"osm_type":"way","osm_id":1426425941,"iso_country":"BG","golf":"bunker"}},{"type":"Feature","id":"way/1426425942","geometry":{"type":"Polygon","coordinates":[[[23.52884,42.4755],[23.52879,42.47547],[23.52882,42.47543],[23.52889,42.47547],[23.52884,42.4755]]]},"properties":{"osm_type":"way","osm_id":1426425942,"iso_country":"BG","golf":"bunker"}},{"type":"Feature","id":"way/1426425943","geometry":{"type":"Polygon","coordinates":[[[23.52847,42.4754],[23.52845,42.47537],[23.52853,42.47532],[23.5286,42.47535],[23.5286,42.47538],[23.52847,42.4754]]]},"properties":{"osm_type":"way","osm_id":1426425943,"iso_country":"BG","golf":"bunker"}},{"type":"Feature","id":"way/1426425944","geometry":{"type":"Polygon","coordinates":[[[23.52917,42.47478],[23.52927,42.47477],[23.52925,42.4748],[23.52933,42.47479],[23.52936,42.47481],[23.52932,42.47484],[23.52919,42.47481],[23.52917,42.47478]]]},"properties":{"osm_type":"way","osm_id":1426425944,"iso_country":"BG","golf":"bunker"}},{"type":"Feature","id":"way/1426425945","geometry":{"type":"Polygon","coordinates":[[[23.52947,42.47477],[23.52953,42.47479],[23.52955,42.47477],[23.52955,42.4747],[23.5295,42.47469],[23.52947,42.47477]]]},"properties":{"osm_type":"way","osm_id":1426425945,"iso_country":"BG","golf":"bunker"}},{"type":"Feature","id":"way/1426425946","geometry":{"type":"Polygon","coordinates":[[[23.52888,42.47562],[23.52883,42.47558],[23.52886,42.47556],[23.52892,42.47559],[23.52893,42.47561],[23.52888,42.47562]]]},"properties":{"osm_type":"way","osm_id":1426425946,"iso_country":"BG","golf":"bunker"}},{"type":"Feature","id":"way/1426425947","geometry":{"type":"Polygon","coordinates":[[[23.52903,42.47404],[23.52893,42.47399],[23.52893,42.47391],[23.52903,42.47386],[23.52914,42.47392],[23.52909,42.47401],[23.52903,42.47404]]]},"properties":{"osm_type":"way","osm_id":1426425947,"iso_country":"BG","leisure":"golf_course"}},{"type":"Feature","id":"way/1426425948","geometry":{"type":"Polygon","coordinates":[[[23.52918,42.47359],[23.52931,42.47352],[23.52927,42.47345],[23.52931,42.47334],[23.52923,42.47331],[23.52906,42.47339],[23.52908,42.4735],[23.52918,42.47359]]]},"properties":{"osm_type":"way","osm_id":1426425948,"iso_country":"BG","leisure":"golf_course"}},{"type":"Feature","id":"way/1426425949","geometry":{"type":"Polygon","coordinates":[[[23.53002,42.47472],[23.53016,42.47468],[23.53014,42.47459],[23.53015,42.47424],[23.53006,42.47418],[23.52984,42.47414],[23.52975,42.47425],[23.52981,42.47443],[23.52998,42.47451],[23.52997,42.47464],[23.53002,42.47472]]]},"properties":{"osm_type":"way","osm_id":1426425949,"iso_country":"BG","leisure":"golf_course"}},{"type":"Feature","id":"way/1426425950","geometry":{"type":"Polygon","coordinates":[[[23.52927,42.47581],[23.52955,42.47551],[23.5295,42.47522],[23.52974,42.47513],[23.5301,42.47538],[23.53016,42.47559],[23.52991,42.47569],[23.5298,42.47599],[23.52961,42.47607],[23.52942,42.47653],[23.52913,42.47667],[23.52913,42.47678],[23.52952,42.4767],[23.52996,42.47601],[23.53018,42.47599],[23.53012,42.47639],[23.52972,42.47689],[23.5298,42.4771],[23.52973,42.47729],[23.52943,42.47753],[23.5289,42.47829],[23.52898,42.47861],[23.52863,42.47872],[23.5281,42.4785],[23.5281,42.47836],[23.5284,42.4782],[23.52869,42.47761],[23.52856,42.47756],[23.5283,42.4776],[23.52785,42.47834],[23.52723,42.47849],[23.52715,42.4784],[23.52761,42.47826],[23.52787,42.47796],[23.52864,42.47655],[23.52904,42.47631],[23.52927,42.47581]]]},"properties":{"osm_type":"way","osm_id":1426425950,"iso_country":"BG","leisure":"golf_course"}},{"type":"Feature","id":"way/1426425951","geometry":{"type":"Polygon","coordinates":[[[23.52889,42.47645],[23.52893,42.47642],[23.52898,42.47646],[23.52905,42.47644],[23.52903,42.4765],[23.52897,42.4765],[23.52889,42.47645]]]},"properties":{"osm_type":"way","osm_id":1426425951,"iso_country":"BG","golf":"bunker"}},{"type":"Feature","id":"way/1426425952","geometry":{"type":"Polygon","coordinates":[[[23.52477,42.4766],[23.52463,42.47635],[23.52468,42.47626],[23.52481,42.47626],[23.52492,42.4764],[23.52494,42.47659],[23.52488,42.47662],[23.52477,42.4766]]]},"properties":{"osm_type":"way","osm_id":1426425952,"iso_country":"BG","leisure":"golf_course"}},{"type":"Feature","id":"way/1426425954","geometry":{"type":"Polygon","coordinates":[[[23.52637,42.47638],[23.52623,42.47632],[23.52626,42.47623],[23.52643,42.47619],[23.52652,42.47628],[23.52637,42.47638]]]},"properties":{"osm_type":"way","osm_id":1426425954,"iso_country":"BG","leisure":"golf_course"}},{"type":"Feature","id":"way/1426425955","geometry":{"type":"Polygon","coordinates":[[[23.52598,42.47648],[23.52631,42.47647],[23.52632,42.47656],[23.52618,42.47663],[23.52596,42.47674],[23.52591,42.47685],[23.52577,42.47684],[23.52572,42.47676],[23.52578,42.47671],[23.52591,42.47666],[23.52592,42.47656],[23.52598,42.47648]]]},"properties":{"osm_type":"way","osm_id":1426425955,"iso_country":"BG","leisure":"golf_course"}},{"type":"Feature","id":"way/1426425956","geometry":{"type":"Polygon","coordinates":[[[23.52542,42.47699],[23.52547,42.47704],[23.52564,42.47703],[23.52565,42.47694],[23.5256,42.47688],[23.52548,42.47689],[23.52542,42.47699]]]},"properties":{"osm_type":"way","osm_id":1426425956,"iso_country":"BG","leisure":"golf_course"}},{"type":"Feature","id":"way/1426425957","geometry":{"type":"Polygon","coordinates":[[[23.52578,42.47892],[23.52588,42.479],[23.52573,42.47901],[23.52578,42.47892]]]},"properties":{"osm_type":"way","osm_id":1426425957,"iso_country":"BG","golf":"bunker"}},{"type":"Feature","id":"way/1426425958","geometry":{"type":"Polygon","coordinates":[[[23.52802,42.47944],[23.52801,42.47941],[23.52804,42.47936],[23.52808,42.47935],[23.5281,42.47939],[23.52806,42.4794],[23.52807,42.47943],[23.52802,42.47944]]]},"properties":{"osm_type":"way","osm_id":1426425958,"iso_country":"BG","golf":"bunker"}},{"type":"Feature","id":"way/1426425959","geometry":{"type":"Polygon","coordinates":[[[23.52728,42.47912],[23.52728,42.47915],[23.52733,42.47918],[23.52738,42.47917],[23.52737,42.47913],[23.52728,42.47912]]]},"properties":{"osm_type":"way","osm_id":1426425959,"iso_country":"BG","golf":"bunker"}},{"type":"Feature","id":"way/1426425960","geometry":{"type":"Polygon","coordinates":[[[23.52724,42.47919],[23.52721,42.47919],[23.52719,42.47916],[23.52721,42.47912],[23.52725,42.47913],[23.52728,42.47917],[23.52724,42.47919]]]},"properties":{"osm_type":"way","osm_id":1426425960,"iso_country":"BG","golf":"bunker"}},{"type":"Feature","id":"way/1426425961","geometry":{"type":"Polygon","coordinates":[[[23.52751,42.47909],[23.52747,42.47908],[23.52745,42.47905],[23.52749,42.47903],[23.52754,42.47904],[23.52754,42.47907],[23.52751,42.47909]]]},"properties":{"osm_type":"way","osm_id":1426425961,"iso_country":"BG","golf":"bunker"}},{"type":"Feature","id":"way/1426425962","geometry":{"type":"Polygon","coordinates":[[[23.52776,42.47905],[23.52767,42.47903],[23.52773,42.47898],[23.52792,42.47898],[23.52776,42.47905]]]},"properties":{"osm_type":"way","osm_id":1426425962,"iso_country":"BG","golf":"bunker"}},{"type":"Feature","id":"way/1426425963","geometry":{"type":"Polygon","coordinates":[[[23.52797,42.47899],[23.52799,42.47902],[23.52804,42.47902],[23.52805,42.47899],[23.5281,42.47902],[23.52814,42.47902],[23.52816,42.47899],[23.52813,42.47897],[23.52805,42.47895],[23.52802,42.47899],[23.52799,42.47898],[23.52797,42.47899]]]},"properties":{"osm_type":"way","osm_id":1426425963,"iso_country":"BG","golf":"bunker"}},{"type":"Feature","id":"way/1426425964","geometry":{"type":"Polygon","coordinates":[[[23.52912,42.48026],[23.52918,42.48043],[23.52914,42.4808],[23.52902,42.48086],[23.52888,42.48079],[23.52887,42.48065],[23.5289,42.48046],[23.52892,42.48026],[23.52912,42.48026]]]},"properties":{"osm_type":"way","osm_id":1426425964,"iso_country":"BG","leisure":"golf_course"}},{"type":"Feature","id":"way/1426425965","geometry":{"type":"Polygon","coordinates":[[[23.52897,42.48066],[23.52898,42.48065],[23.52903,42.48065],[23.52906,42.48068],[23.52905,42.4807],[23.52901,42.48071],[23.52897,42.48066]]]},"properties":{"osm_type":"way","osm_id":1426425965,"iso_country":"BG","golf":"bunker"}},{"type":"Feature","id":"way/1426425966","geometry":{"type":"Polygon","coordinates":[[[23.52902,42.48055],[23.52903,42.48052],[23.52908,42.48054],[23.52907,42.48057],[23.5291,42.48058],[23.52909,42.4806],[23.52904,42.48061],[23.52904,42.48057],[23.52902,42.48055]]]},"properties":{"osm_type":"way","osm_id":1426425966,"iso_country":"BG","golf":"bunker"}},{"type":"Feature","id":"way/1426425967","geometry":{"type":"Polygon","coordinates":[[[23.52987,42.4813],[23.52987,42.48127],[23.5299,42.48125],[23.52989,42.48123],[23.52995,42.48124],[23.52993,42.48128],[23.5299,42.48127],[23.52987,42.4813]]]},"properties":{"osm_type":"way","osm_id":1426425967,"iso_country":"BG","golf":"bunker"}},{"type":"Feature","id":"way/1426425968","geometry":{"type":"Polygon","coordinates":[[[23.52982,42.48103],[23.52989,42.48102],[23.5299,42.48099],[23.52986,42.48098],[23.52982,42.481],[23.52982,42.48103]]]},"properties":{"osm_type":"way","osm_id":1426425968,"iso_country":"BG","golf":"bunker"}},{"type":"Feature","id":"way/1426425969","geometry":{"type":"Polygon","coordinates":[[[23.52956,42.48105],[23.52972,42.48141],[23.53,42.48144],[23.53012,42.4813],[23.53007,42.48075],[23.53024,42.48065],[23.52997,42.47986],[23.52953,42.4801],[23.52958,42.48035],[23.52947,42.4807],[23.52956,42.48105]]]},"properties":{"osm_type":"way","osm_id":1426425969,"iso_country":"BG","leisure":"golf_course"}},{"type":"Feature","id":"way/1426425970","geometry":{"type":"Polygon","coordinates":[[[23.52956,42.4786],[23.52987,42.47861],[23.52994,42.47882],[23.53002,42.47898],[23.5299,42.47932],[23.52985,42.47955],[23.52978,42.47954],[23.52966,42.47947],[23.52967,42.47937],[23.52972,42.479],[23.52971,42.47882],[23.52957,42.47866],[23.52956,42.4786]]]},"properties":{"osm_type":"way","osm_id":1426425970,"iso_country":"BG","leisure":"golf_course"}},{"type":"Feature","id":"way/1426427686","geometry":{"type":"Polygon","coordinates":[[[23.52723,42.47629],[23.5281,42.47585],[23.52866,42.47608],[23.52816,42.47721],[23.52766,42.47804],[23.52705,42.47835],[23.52668,42.47836],[23.52624,42.4782],[23.52577,42.47716],[23.52597,42.47691],[23.52678,42.47673],[23.52723,42.47629]]]},"properties":{"osm_type":"way","osm_id":1426427686,"iso_country":"BG","leisure":"golf_course"}},{"type":"Feature","id":"way/1427655118","geometry":{"type":"LineString","coordinates":[[23.88643,42.90888],[23.8865,42.90885]]},"properties":{"osm_type":"way","osm_id":1427655118,"iso_country":"BG","golf":"cartpath"}},{"type":"Feature","id":"way/1427655119","geometry":{"type":"LineString","coordinates":[[23.88733,42.90952],[23.88745,42.90961],[23.88798,42.9099],[23.88833,42.91003],[23.88875,42.91008],[23.88994,42.91013],[23.8902,42.91021],[23.89039,42.91034],[23.89054,42.91054]]},"properties":{"osm_type":"way","osm_id":1427655119,"iso_country":"BG","golf":"cartpath"}},{"type":"Feature","id":"way/1427655120","geometry":{"type":"LineString","coordinates":[[23.88725,42.90946],[23.88733,42.90952]]},"properties":{"osm_type":"way","osm_id":1427655120,"iso_country":"BG","golf":"cartpath"}},{"type":"Feature","id":"way/1530544236","geometry":{"type":"LineString","coordinates":[[23.53543,42.67101],[23.53408,42.67221],[23.53335,42.67346],[23.53235,42.67425]]},"properties":{"osm_type":"way","osm_id":1530544236,"iso_country":"BG","golf":"hole"}},{"type":"Feature","id":"way/1530544237","geometry":{"type":"LineString","coordinates":[[23.53163,42.67451],[23.53213,42.67386],[23.53218,42.67379],[23.53289,42.67285],[23.53306,42.67175]]},"properties":{"osm_type":"way","osm_id":1530544237,"iso_country":"BG","golf":"hole"}},{"type":"Feature","id":"way/1530544238","geometry":{"type":"LineString","coordinates":[[23.53258,42.67161],[23.53233,42.67201],[23.53229,42.67208],[23.5315,42.67338],[23.53028,42.67414]]},"properties":{"osm_type":"way","osm_id":1530544238,"iso_country":"BG","golf":"hole"}},{"type":"Feature","id":"way/1530544239","geometry":{"type":"LineString","coordinates":[[23.53014,42.67481],[23.53003,42.67634]]},"properties":{"osm_type":"way","osm_id":1530544239,"iso_country":"BG","golf":"hole"}},{"type":"Feature","id":"way/1530544240","geometry":{"type":"LineString","coordinates":[[23.52998,42.67683],[23.52935,42.67912],[23.52782,42.67936]]},"properties":{"osm_type":"way","osm_id":1530544240,"iso_country":"BG","golf":"hole"}},{"type":"Feature","id":"way/1530544241","geometry":{"type":"LineString","coordinates":[[23.52724,42.67938],[23.52568,42.67936]]},"properties":{"osm_type":"way","osm_id":1530544241,"iso_country":"BG","golf":"hole"}},{"type":"Feature","id":"way/1530544242","geometry":{"type":"LineString","coordinates":[[23.525,42.67982],[23.52951,42.68005]]},"properties":{"osm_type":"way","osm_id":1530544242,"iso_country":"BG","golf":"hole"}},{"type":"Feature","id":"way/1530544243","geometry":{"type":"LineString","coordinates":[[23.52971,42.67957],[23.53099,42.67761],[23.53086,42.67625]]},"properties":{"osm_type":"way","osm_id":1530544243,"iso_country":"BG","golf":"hole"}},{"type":"Feature","id":"way/1530544244","geometry":{"type":"LineString","coordinates":[[23.53136,42.67554],[23.53378,42.67388],[23.53535,42.67214]]},"properties":{"osm_type":"way","osm_id":1530544244,"iso_country":"BG","golf":"hole"}},{"type":"Feature","id":"way/1530544245","geometry":{"type":"LineString","coordinates":[[23.53589,42.67236],[23.53571,42.6726],[23.53562,42.67271],[23.53517,42.67328],[23.53456,42.67404],[23.53328,42.67495]]},"properties":{"osm_type":"way","osm_id":1530544245,"iso_country":"BG","golf":"hole"}},{"type":"Feature","id":"way/1530544246","geometry":{"type":"LineString","coordinates":[[23.5337,42.67527],[23.53248,42.67702],[23.53225,42.67798]]},"properties":{"osm_type":"way","osm_id":1530544246,"iso_country":"BG","golf":"hole"}},{"type":"Feature","id":"way/1530544247","geometry":{"type":"LineString","coordinates":[[23.5317,42.67806],[23.53073,42.67907],[23.53031,42.67952]]},"properties":{"osm_type":"way","osm_id":1530544247,"iso_country":"BG","golf":"hole"}},{"type":"Feature","id":"way/1530544248","geometry":{"type":"LineString","coordinates":[[23.53015,42.6811],[23.52812,42.6808],[23.52626,42.68028]]},"properties":{"osm_type":"way","osm_id":1530544248,"iso_country":"BG","golf":"hole"}},{"type":"Feature","id":"way/1530544249","geometry":{"type":"LineString","coordinates":[[23.52716,42.6811],[23.52963,42.68233]]},"properties":{"osm_type":"way","osm_id":1530544249,"iso_country":"BG","golf":"hole"}},{"type":"Feature","id":"way/1530544250","geometry":{"type":"LineString","coordinates":[[23.53011,42.68285],[23.53031,42.68181]]},"properties":{"osm_type":"way","osm_id":1530544250,"iso_country":"BG","golf":"hole"}},{"type":"Feature","id":"way/1530544251","geometry":{"type":"LineString","coordinates":[[23.53131,42.68232],[23.53122,42.68212],[23.5305,42.68044],[23.53206,42.6786]]},"properties":{"osm_type":"way","osm_id":1530544251,"iso_country":"BG","golf":"hole"}},{"type":"Feature","id":"way/1530544252","geometry":{"type":"LineString","coordinates":[[23.53266,42.67828],[23.5341,42.67634],[23.53429,42.67533]]},"properties":{"osm_type":"way","osm_id":1530544252,"iso_country":"BG","golf":"hole"}},{"type":"Feature","id":"way/1530544253","geometry":{"type":"LineString","coordinates":[[23.53479,42.67501],[23.53595,42.67314],[23.53707,42.67211]]},"properties":{"osm_type":"way","osm_id":1530544253,"iso_country":"BG","golf":"hole"}},{"type":"Feature","id":"way/1530544254","geometry":{"type":"Polygon","coordinates":[[[23.53236,42.67436],[23.53254,42.67423],[23.53251,42.67411],[23.53221,42.67426],[23.53222,42.67434],[23.53236,42.67436]]]},"properties":{"osm_type":"way","osm_id":1530544254,"iso_country":"BG","golf":"green"}},{"type":"Feature","id":"way/1530544255","geometry":{"type":"Polygon","coordinates":[[[23.53292,42.67398],[23.53242,42.67436],[23.53217,42.67433],[23.53225,42.67416],[23.53284,42.67379],[23.53299,42.67381],[23.53292,42.67398]]]},"properties":{"osm_type":"way","osm_id":1530544255,"iso_country":"BG","golf":"fairway"}},{"type":"Feature","id":"way/1530544256","geometry":{"type":"Polygon","coordinates":[[[23.53322,42.67381],[23.53311,42.67381],[23.53312,42.67358],[23.5337,42.67253],[23.5341,42.67203],[23.53438,42.67199],[23.53445,42.67216],[23.53385,42.6727],[23.5336,42.67331],[23.53322,42.67381]]]},"properties":{"osm_type":"way","osm_id":1530544256,"iso_country":"BG","golf":"fairway"}},{"type":"Feature","id":"way/1530544257","geometry":{"type":"Polygon","coordinates":[[[23.53226,42.67446],[23.53323,42.67385],[23.53371,42.67329],[23.53393,42.67275],[23.53446,42.67245],[23.53455,42.67221],[23.53503,42.67161],[23.53529,42.67151],[23.53565,42.6709],[23.53527,42.67078],[23.53509,42.67087],[23.5345,42.67166],[23.53385,42.67215],[23.53356,42.67249],[23.53297,42.67351],[23.53212,42.67421],[23.53208,42.67438],[23.53226,42.67446]]]},"properties":{"osm_type":"way","osm_id":1530544257,"iso_country":"BG","golf":"rough"}},{"type":"Feature","id":"way/1530544258","geometry":{"type":"Polygon","coordinates":[[[23.53468,42.67166],[23.53473,42.67169],[23.5348,42.67162],[23.53474,42.6716],[23.53468,42.67166]]]},"properties":{"osm_type":"way","osm_id":1530544258,"iso_country":"BG","golf":"tee"}},{"type":"Feature","id":"way/1530544259","geometry":{"type":"Polygon","coordinates":[[[23.53514,42.67125],[23.53521,42.67128],[23.53526,42.67122],[23.53519,42.67119],[23.53514,42.67125]]]},"properties":{"osm_type":"way","osm_id":1530544259,"iso_country":"BG","golf":"tee"}},{"type":"Feature","id":"way/1530544260","geometry":{"type":"Polygon","coordinates":[[[23.53536,42.67103],[23.53545,42.67107],[23.53553,42.67097],[23.53543,42.67093],[23.53536,42.67103]]]},"properties":{"osm_type":"way","osm_id":1530544260,"iso_country":"BG","golf":"tee"}},{"type":"Feature","id":"way/1530544261","geometry":{"type":"Polygon","coordinates":[[[23.53156,42.67454],[23.53165,42.67457],[23.53172,42.67446],[23.53164,42.67443],[23.53156,42.67454]]]},"properties":{"osm_type":"way","osm_id":1530544261,"iso_country":"BG","golf":"tee"}},{"type":"Feature","id":"way/1530544262","geometry":{"type":"Polygon","coordinates":[[[23.53174,42.67422],[23.53186,42.67426],[23.53197,42.67411],[23.53184,42.67406],[23.53174,42.67422]]]},"properties":{"osm_type":"way","osm_id":1530544262,"iso_country":"BG","golf":"tee"}},{"type":"Feature","id":"way/1530544263","geometry":{"type":"Polygon","coordinates":[[[23.53213,42.67386],[23.53224,42.67389],[23.53228,42.67382],[23.53218,42.67379],[23.53213,42.67386]]]},"properties":{"osm_type":"way","osm_id":1530544263,"iso_country":"BG","golf":"tee"}},{"type":"Feature","id":"way/1530544264","geometry":{"type":"Polygon","coordinates":[[[23.53302,42.67188],[23.5332,42.67182],[23.53315,42.67165],[23.53294,42.6717],[23.53302,42.67188]]]},"properties":{"osm_type":"way","osm_id":1530544264,"iso_country":"BG","golf":"green"}},{"type":"Feature","id":"way/1530544265","geometry":{"type":"Polygon","coordinates":[[[23.53267,42.6732],[23.53286,42.67315],[23.53323,42.67253],[23.53325,42.67175],[23.53317,42.67162],[23.5329,42.67169],[23.53296,42.67222],[23.53258,42.6731],[23.53267,42.6732]]]},"properties":{"osm_type":"way","osm_id":1530544265,"iso_country":"BG","golf":"fairway"}},{"type":"Feature","id":"way/1530544266","geometry":{"type":"Polygon","coordinates":[[[23.53236,42.67309],[23.53253,42.67329],[23.53251,42.67358],[23.53288,42.67328],[23.53347,42.67232],[23.53348,42.67209],[23.53326,42.67163],[23.53294,42.67156],[23.5327,42.67188],[23.53265,42.67212],[23.5328,42.67228],[23.53236,42.67309]]]},"properties":{"osm_type":"way","osm_id":1530544266,"iso_country":"BG","golf":"rough"}},{"type":"Feature","id":"way/1530544267","geometry":{"type":"Polygon","coordinates":[[[23.53172,42.67466],[23.53119,42.67434],[23.53118,42.67411],[23.53175,42.67368],[23.532,42.6732],[23.53224,42.67322],[23.53203,42.67349],[23.53208,42.67364],[23.53199,42.67385],[23.53228,42.6737],[23.53241,42.67381],[23.53198,42.67418],[23.53184,42.67438],[23.53181,42.67464],[23.53172,42.67466]]]},"properties":{"osm_type":"way","osm_id":1530544267,"iso_country":"BG","golf":"rough"}},{"type":"Feature","id":"way/1530563736","geometry":{"type":"Polygon","coordinates":[[[23.53235,42.67211],[23.53229,42.67208],[23.53233,42.67201],[23.5324,42.67204],[23.53235,42.67211]]]},"properties":{"osm_type":"way","osm_id":1530563736,"iso_country":"BG","golf":"tee"}},{"type":"Feature","id":"way/1530563737","geometry":{"type":"Polygon","coordinates":[[[23.53236,42.67186],[23.53245,42.67189],[23.53249,42.67182],[23.53239,42.67179],[23.53236,42.67186]]]},"properties":{"osm_type":"way","osm_id":1530563737,"iso_country":"BG","golf":"tee"}},{"type":"Feature","id":"way/1530563738","geometry":{"type":"Polygon","coordinates":[[[23.5325,42.67165],[23.5326,42.67168],[23.53266,42.67156],[23.53257,42.67153],[23.5325,42.67165]]]},"properties":{"osm_type":"way","osm_id":1530563738,"iso_country":"BG","golf":"tee"}},{"type":"Feature","id":"way/1530563739","geometry":{"type":"Polygon","coordinates":[[[23.53022,42.67427],[23.5304,42.67423],[23.53042,42.67406],[23.53019,42.67406],[23.53022,42.67427]]]},"properties":{"osm_type":"way","osm_id":1530563739,"iso_country":"BG","golf":"green"}},{"type":"Feature","id":"way/1530563740","geometry":{"type":"Polygon","coordinates":[[[23.53015,42.6743],[23.53042,42.67435],[23.53138,42.67376],[23.53193,42.67301],[23.53205,42.67267],[23.53184,42.6726],[23.53175,42.67267],[23.53113,42.67357],[23.53046,42.67397],[23.53019,42.674],[23.53009,42.67414],[23.53015,42.6743]]]},"properties":{"osm_type":"way","osm_id":1530563740,"iso_country":"BG","golf":"fairway"}},{"type":"Feature","id":"way/1530563741","geometry":{"type":"Polygon","coordinates":[[[23.53278,42.67143],[23.53226,42.67253],[23.53221,42.67287],[23.53175,42.67368],[23.53051,42.67438],[23.53025,42.67441],[23.53006,42.6743],[23.53003,42.67407],[23.53017,42.67392],[23.53109,42.67347],[23.53128,42.67309],[23.53188,42.67244],[23.53239,42.67169],[23.53267,42.6714],[23.53278,42.67143]]]},"properties":{"osm_type":"way","osm_id":1530563741,"iso_country":"BG","golf":"rough"}},{"type":"Feature","id":"way/1530563742","geometry":{"type":"Polygon","coordinates":[[[23.53009,42.67485],[23.53019,42.67485],[23.53018,42.67475],[23.53009,42.67475],[23.53009,42.67485]]]},"properties":{"osm_type":"way","osm_id":1530563742,"iso_country":"BG","golf":"tee"}},{"type":"Feature","id":"way/1530563743","geometry":{"type":"Polygon","coordinates":[[[23.53006,42.67509],[23.53022,42.67509],[23.53021,42.67496],[23.53006,42.67496],[23.53006,42.67509]]]},"properties":{"osm_type":"way","osm_id":1530563743,"iso_country":"BG","golf":"tee"}},{"type":"Feature","id":"way/1530563744","geometry":{"type":"Polygon","coordinates":[[[23.53013,42.67536],[23.5302,42.67536],[23.5302,42.67526],[23.53014,42.67526],[23.53013,42.67536]]]},"properties":{"osm_type":"way","osm_id":1530563744,"iso_country":"BG","golf":"tee"}},{"type":"Feature","id":"way/1530563745","geometry":{"type":"Polygon","coordinates":[[[23.52995,42.67647],[23.53013,42.67644],[23.5302,42.67627],[23.52989,42.67628],[23.52995,42.67647]]]},"properties":{"osm_type":"way","osm_id":1530563745,"iso_country":"BG","golf":"green"}},{"type":"Feature","id":"way/1530563746","geometry":{"type":"Polygon","coordinates":[[[23.52979,42.67656],[23.5299,42.6761],[23.53024,42.676],[23.53024,42.67565],[23.52993,42.67535],[23.53,42.67464],[23.53034,42.67469],[23.53066,42.67586],[23.53042,42.67651],[23.53006,42.6766],[23.52979,42.67656]]]},"properties":{"osm_type":"way","osm_id":1530563746,"iso_country":"BG","golf":"rough"}},{"type":"Feature","id":"way/1530563747","geometry":{"type":"Polygon","coordinates":[[[23.52993,42.67688],[23.53003,42.67688],[23.53004,42.67677],[23.52995,42.67677],[23.52993,42.67688]]]},"properties":{"osm_type":"way","osm_id":1530563747,"iso_country":"BG","golf":"tee"}},{"type":"Feature","id":"way/1530563748","geometry":{"type":"Polygon","coordinates":[[[23.52998,42.67719],[23.53007,42.67719],[23.5301,42.67705],[23.53001,42.67705],[23.52998,42.67719]]]},"properties":{"osm_type":"way","osm_id":1530563748,"iso_country":"BG","golf":"tee"}},{"type":"Feature","id":"way/1530563749","geometry":{"type":"Polygon","coordinates":[[[23.53009,42.6775],[23.53014,42.67751],[23.53015,42.67745],[23.5301,42.67745],[23.53009,42.6775]]]},"properties":{"osm_type":"way","osm_id":1530563749,"iso_country":"BG","golf":"tee"}},{"type":"Feature","id":"way/1530563750","geometry":{"type":"Polygon","coordinates":[[[23.52783,42.67947],[23.528,42.67938],[23.52793,42.67922],[23.52762,42.67934],[23.52768,42.67946],[23.52783,42.67947]]]},"properties":{"osm_type":"way","osm_id":1530563750,"iso_country":"BG","golf":"green"}},{"type":"Feature","id":"way/1530563751","geometry":{"type":"Polygon","coordinates":[[[23.52756,42.67938],[23.52775,42.6795],[23.52857,42.67953],[23.52936,42.67944],[23.52946,42.67933],[23.52939,42.67921],[23.52959,42.67903],[23.52987,42.67833],[23.52967,42.67823],[23.52953,42.67828],[23.52903,42.67921],[23.52863,42.67928],[23.52794,42.67919],[23.52765,42.67926],[23.52756,42.67938]]]},"properties":{"osm_type":"way","osm_id":1530563751,"iso_country":"BG","golf":"fairway"}},{"type":"Feature","id":"way/1530563752","geometry":{"type":"Polygon","coordinates":[[[23.5298,42.67674],[23.53012,42.6767],[23.53035,42.67688],[23.53036,42.67745],[23.5302,42.67827],[23.52946,42.67954],[23.52863,42.67971],[23.52793,42.67973],[23.52738,42.6796],[23.52738,42.67931],[23.52778,42.67916],[23.52857,42.67924],[23.52905,42.67911],[23.52921,42.67862],[23.52982,42.67764],[23.5298,42.67674]]]},"properties":{"osm_type":"way","osm_id":1530563752,"iso_country":"BG","golf":"rough"}},{"type":"Feature","id":"way/1530589510","geometry":{"type":"Polygon","coordinates":[[[23.52714,42.6794],[23.52728,42.67939],[23.52728,42.67935],[23.52713,42.67936],[23.52714,42.6794]]]},"properties":{"osm_type":"way","osm_id":1530589510,"iso_country":"BG","golf":"tee"}},{"type":"Feature","id":"way/1530589511","geometry":{"type":"Polygon","coordinates":[[[23.52677,42.67956],[23.52701,42.67959],[23.52703,42.6795],[23.52679,42.67947],[23.52677,42.67956]]]},"properties":{"osm_type":"way","osm_id":1530589511,"iso_country":"BG","golf":"tee"}},{"type":"Feature","id":"way/1530589512","geometry":{"type":"Polygon","coordinates":[[[23.52664,42.67965],[23.52676,42.67967],[23.52679,42.6796],[23.52667,42.67957],[23.52664,42.67965]]]},"properties":{"osm_type":"way","osm_id":1530589512,"iso_country":"BG","golf":"tee"}},{"type":"Feature","id":"way/1530589513","geometry":{"type":"Polygon","coordinates":[[[23.52549,42.6794],[23.5259,42.6794],[23.52583,42.67928],[23.52557,42.67927],[23.52549,42.6794]]]},"properties":{"osm_type":"way","osm_id":1530589513,"iso_country":"BG","golf":"green"}},{"type":"Feature","id":"way/1530589514","geometry":{"type":"Polygon","coordinates":[[[23.52542,42.67938],[23.52555,42.67947],[23.52629,42.67958],[23.52584,42.67925],[23.52554,42.67924],[23.52542,42.67938]]]},"properties":{"osm_type":"way","osm_id":1530589514,"iso_country":"BG","golf":"fairway"}},{"type":"Feature","id":"way/1530589515","geometry":{"type":"Polygon","coordinates":[[[23.52532,42.67944],[23.52528,42.67936],[23.52563,42.67918],[23.52646,42.67963],[23.52706,42.67928],[23.52738,42.67923],[23.52734,42.67948],[23.52669,42.67971],[23.52635,42.67972],[23.52532,42.67944]]]},"properties":{"osm_type":"way","osm_id":1530589515,"iso_country":"BG","golf":"rough"}},{"type":"Feature","id":"way/1530589516","geometry":{"type":"Polygon","coordinates":[[[23.52494,42.67985],[23.52508,42.67986],[23.52508,42.67979],[23.52494,42.67979],[23.52494,42.67985]]]},"properties":{"osm_type":"way","osm_id":1530589516,"iso_country":"BG","golf":"tee"}},{"type":"Feature","id":"way/1530589517","geometry":{"type":"Polygon","coordinates":[[[23.52517,42.67989],[23.52532,42.67991],[23.52533,42.67981],[23.52517,42.6798],[23.52517,42.67989]]]},"properties":{"osm_type":"way","osm_id":1530589517,"iso_country":"BG","golf":"tee"}},{"type":"Feature","id":"way/1530589518","geometry":{"type":"Polygon","coordinates":[[[23.52588,42.67995],[23.526,42.67995],[23.52599,42.67989],[23.52586,42.67989],[23.52588,42.67995]]]},"properties":{"osm_type":"way","osm_id":1530589518,"iso_country":"BG","golf":"tee"}},{"type":"Feature","id":"way/1530589519","geometry":{"type":"Polygon","coordinates":[[[23.52937,42.68015],[23.52963,42.68017],[23.52972,42.68005],[23.52937,42.67996],[23.5293,42.68006],[23.52937,42.68015]]]},"properties":{"osm_type":"way","osm_id":1530589519,"iso_country":"BG","golf":"green"}},{"type":"Feature","id":"way/1530589520","geometry":{"type":"Polygon","coordinates":[[[23.52865,42.68011],[23.52907,42.6801],[23.52938,42.68023],[23.52965,42.6802],[23.52976,42.68006],[23.52965,42.67997],[23.52869,42.67987],[23.52856,42.67995],[23.52865,42.68011]]]},"properties":{"osm_type":"way","osm_id":1530589520,"iso_country":"BG","golf":"fairway"}},{"type":"Feature","id":"way/1530589521","geometry":{"type":"Polygon","coordinates":[[[23.52665,42.6801],[23.52817,42.68017],[23.52836,42.68011],[23.52841,42.67997],[23.52825,42.67985],[23.52705,42.6798],[23.52661,42.67989],[23.52656,42.67998],[23.52665,42.6801]]]},"properties":{"osm_type":"way","osm_id":1530589521,"iso_country":"BG","golf":"fairway"}},{"type":"Feature","id":"way/1530589522","geometry":{"type":"Polygon","coordinates":[[[23.52486,42.67975],[23.52494,42.67991],[23.52592,42.67998],[23.52669,42.6802],[23.52947,42.68029],[23.52976,42.68028],[23.52985,42.68018],[23.52983,42.6799],[23.52938,42.67973],[23.52824,42.67972],[23.52755,42.67981],[23.52709,42.67973],[23.52669,42.67981],[23.52655,42.67969],[23.52573,42.67982],[23.52549,42.67967],[23.52514,42.67961],[23.52486,42.67975]]]},"properties":{"osm_type":"way","osm_id":1530589522,"iso_country":"BG","golf":"rough"}},{"type":"Feature","id":"way/1530589523","geometry":{"type":"Polygon","coordinates":[[[23.52964,42.6796],[23.52973,42.67962],[23.52988,42.67938],[23.52979,42.67934],[23.52964,42.6796]]]},"properties":{"osm_type":"way","osm_id":1530589523,"iso_country":"BG","golf":"tee"}},{"type":"Feature","id":"way/1530589524","geometry":{"type":"Polygon","coordinates":[[[23.53002,42.67916],[23.53006,42.67917],[23.53011,42.67909],[23.53006,42.67908],[23.53002,42.67916]]]},"properties":{"osm_type":"way","osm_id":1530589524,"iso_country":"BG","golf":"tee"}},{"type":"Feature","id":"way/1530589525","geometry":{"type":"Polygon","coordinates":[[[23.53084,42.67636],[23.53099,42.67629],[23.53101,42.67618],[23.5308,42.67613],[23.53071,42.6762],[23.53084,42.67636]]]},"properties":{"osm_type":"way","osm_id":1530589525,"iso_country":"BG","golf":"green"}},{"type":"Feature","id":"way/1530589526","geometry":{"type":"Polygon","coordinates":[[[23.53046,42.67829],[23.53059,42.67841],[23.53079,42.67833],[23.53113,42.67771],[23.53118,42.67712],[23.53101,42.67679],[23.53107,42.67623],[23.53092,42.6761],[23.53065,42.67622],[23.53075,42.67637],[23.53068,42.67668],[23.53084,42.67754],[23.53046,42.67829]]]},"properties":{"osm_type":"way","osm_id":1530589526,"iso_country":"BG","golf":"fairway"}},{"type":"Feature","id":"way/1530589527","geometry":{"type":"Polygon","coordinates":[[[23.52951,42.67948],[23.52953,42.67962],[23.52982,42.67967],[23.53032,42.67894],[23.53093,42.67829],[23.53107,42.67818],[23.53129,42.67821],[23.53148,42.6779],[23.53146,42.67743],[23.5312,42.67665],[23.53139,42.67623],[23.53136,42.6761],[23.5309,42.67605],[23.53056,42.67615],[23.53035,42.67688],[23.53036,42.67745],[23.5302,42.67827],[23.52951,42.67948]]]},"properties":{"osm_type":"way","osm_id":1530589527,"iso_country":"BG","golf":"rough"}},{"type":"Feature","id":"way/1530589528","geometry":{"type":"Polygon","coordinates":[[[23.53128,42.67552],[23.53137,42.67557],[23.53148,42.67548],[23.5314,42.67544],[23.53128,42.67552]]]},"properties":{"osm_type":"way","osm_id":1530589528,"iso_country":"BG","golf":"tee"}},{"type":"Feature","id":"way/1530589529","geometry":{"type":"Polygon","coordinates":[[[23.53159,42.67527],[23.53171,42.67535],[23.53181,42.67527],[23.53169,42.67519],[23.53159,42.67527]]]},"properties":{"osm_type":"way","osm_id":1530589529,"iso_country":"BG","golf":"tee"}},{"type":"Feature","id":"way/1530589530","geometry":{"type":"Polygon","coordinates":[[[23.53191,42.67503],[23.53196,42.67507],[23.53203,42.67502],[23.53199,42.67498],[23.53191,42.67503]]]},"properties":{"osm_type":"way","osm_id":1530589530,"iso_country":"BG","golf":"tee"}},{"type":"Feature","id":"way/1530589531","geometry":{"type":"Polygon","coordinates":[[[23.53521,42.67218],[23.53527,42.67201],[23.53553,42.67214],[23.53541,42.67226],[23.53521,42.67218]]]},"properties":{"osm_type":"way","osm_id":1530589531,"iso_country":"BG","golf":"green"}},{"type":"Feature","id":"way/1530589532","geometry":{"type":"Polygon","coordinates":[[[23.53273,42.67441],[23.53271,42.67452],[23.53281,42.67461],[23.53301,42.6746],[23.53367,42.67413],[23.53408,42.67376],[23.5343,42.67333],[23.53512,42.67258],[23.53516,42.67244],[23.53558,42.67219],[23.53553,42.67205],[23.5352,42.67202],[23.53519,42.67216],[23.53412,42.67304],[23.53392,42.67352],[23.53355,42.67393],[23.53273,42.67441]]]},"properties":{"osm_type":"way","osm_id":1530589532,"iso_country":"BG","golf":"fairway"}},{"type":"Feature","id":"way/1530589533","geometry":{"type":"Polygon","coordinates":[[[23.53114,42.67548],[23.53136,42.67573],[23.53152,42.67569],[23.53164,42.67549],[23.53197,42.67532],[23.53206,42.67514],[23.5324,42.67506],[23.53313,42.67465],[23.53408,42.674],[23.53405,42.67386],[23.53435,42.6734],[23.53577,42.67219],[23.53572,42.6721],[23.53515,42.67185],[23.53494,42.67201],[23.53487,42.67228],[23.5342,42.67278],[23.53377,42.67352],[23.5335,42.67377],[23.53114,42.67548]]]},"properties":{"osm_type":"way","osm_id":1530589533,"iso_country":"BG","golf":"rough"}},{"type":"Feature","id":"way/1530594795","geometry":{"type":"Polygon","coordinates":[[[23.53583,42.67238],[23.5359,42.67241],[23.53594,42.67234],[23.53587,42.67233],[23.53583,42.67238]]]},"properties":{"osm_type":"way","osm_id":1530594795,"iso_country":"BG","golf":"tee"}},{"type":"Feature","id":"way/1530594796","geometry":{"type":"Polygon","coordinates":[[[23.53573,42.67274],[23.53581,42.67264],[23.53571,42.6726],[23.53562,42.67271],[23.53573,42.67274]]]},"properties":{"osm_type":"way","osm_id":1530594796,"iso_country":"BG","golf":"tee"}},{"type":"Feature","id":"way/1530594797","geometry":{"type":"Polygon","coordinates":[[[23.53548,42.67294],[23.53554,42.67297],[23.53561,42.67288],[23.53554,42.67286],[23.53548,42.67294]]]},"properties":{"osm_type":"way","osm_id":1530594797,"iso_country":"BG","golf":"tee"}},{"type":"Feature","id":"way/1530594798","geometry":{"type":"Polygon","coordinates":[[[23.53317,42.67506],[23.53333,42.67504],[23.53343,42.67487],[23.53319,42.6749],[23.53317,42.67506]]]},"properties":{"osm_type":"way","osm_id":1530594798,"iso_country":"BG","golf":"green"}},{"type":"Feature","id":"way/1530594799","geometry":{"type":"Polygon","coordinates":[[[23.53318,42.67488],[23.5331,42.67504],[23.53331,42.67508],[23.53439,42.67438],[23.53475,42.67402],[23.5352,42.67331],[23.53497,42.67329],[23.5344,42.67384],[23.53437,42.67401],[23.53318,42.67488]]]},"properties":{"osm_type":"way","osm_id":1530594799,"iso_country":"BG","golf":"fairway"}},{"type":"Feature","id":"way/1530594800","geometry":{"type":"Polygon","coordinates":[[[23.53294,42.67475],[23.53305,42.67506],[23.53333,42.67512],[23.53393,42.67492],[23.53449,42.67456],[23.53494,42.67409],[23.53511,42.67365],[23.53599,42.67261],[23.53611,42.67233],[23.53594,42.67222],[23.53579,42.67224],[23.53575,42.67241],[23.5342,42.6739],[23.53294,42.67475]]]},"properties":{"osm_type":"way","osm_id":1530594800,"iso_country":"BG","golf":"rough"}},{"type":"Feature","id":"way/1530750901","geometry":{"type":"Polygon","coordinates":[[[23.53362,42.67529],[23.53372,42.67532],[23.53377,42.67524],[23.53366,42.67521],[23.53362,42.67529]]]},"properties":{"osm_type":"way","osm_id":1530750901,"iso_country":"BG","golf":"tee"}},{"type":"Feature","id":"way/1530750902","geometry":{"type":"Polygon","coordinates":[[[23.53344,42.67558],[23.53357,42.67562],[23.53363,42.67549],[23.53351,42.67547],[23.53344,42.67558]]]},"properties":{"osm_type":"way","osm_id":1530750902,"iso_country":"BG","golf":"tee"}},{"type":"Feature","id":"way/1530750903","geometry":{"type":"Polygon","coordinates":[[[23.53316,42.67578],[23.53324,42.67581],[23.53328,42.67573],[23.5332,42.67571],[23.53316,42.67578]]]},"properties":{"osm_type":"way","osm_id":1530750903,"iso_country":"BG","golf":"tee"}},{"type":"Feature","id":"way/1530750904","geometry":{"type":"Polygon","coordinates":[[[23.53212,42.67807],[23.53233,42.67807],[23.53234,42.67783],[23.53225,42.67782],[23.53212,42.67807]]]},"properties":{"osm_type":"way","osm_id":1530750904,"iso_country":"BG","golf":"green"}},{"type":"Feature","id":"way/1530750905","geometry":{"type":"Polygon","coordinates":[[[23.53208,42.67797],[23.53217,42.67812],[23.53241,42.67803],[23.53238,42.67784],[23.53253,42.6777],[23.5327,42.67686],[23.53309,42.67627],[23.53307,42.67611],[23.53268,42.67619],[23.53247,42.6765],[23.53234,42.67704],[23.5322,42.67723],[23.53229,42.67747],[23.53225,42.6778],[23.53208,42.67797]]]},"properties":{"osm_type":"way","osm_id":1530750905,"iso_country":"BG","golf":"fairway"}},{"type":"Feature","id":"way/1530750906","geometry":{"type":"Polygon","coordinates":[[[23.53203,42.67793],[23.53191,42.67804],[23.53207,42.67818],[23.53243,42.67816],[23.5325,42.67806],[23.53271,42.67762],[23.53266,42.67718],[23.53277,42.67686],[23.53374,42.6756],[23.53389,42.67511],[23.53362,42.67514],[23.53292,42.67575],[23.53275,42.67601],[23.53217,42.67631],[23.53214,42.67654],[23.53176,42.67725],[23.53184,42.67739],[23.53222,42.67747],[23.53224,42.67776],[23.53216,42.67791],[23.53203,42.67793]]]},"properties":{"osm_type":"way","osm_id":1530750906,"iso_country":"BG","golf":"rough"}},{"type":"Feature","id":"way/1530750907","geometry":{"type":"Polygon","coordinates":[[[23.53161,42.67808],[23.53172,42.67813],[23.53178,42.67805],[23.53167,42.67801],[23.53161,42.67808]]]},"properties":{"osm_type":"way","osm_id":1530750907,"iso_country":"BG","golf":"tee"}},{"type":"Feature","id":"way/1530750908","geometry":{"type":"Polygon","coordinates":[[[23.53147,42.67818],[23.53162,42.67825],[23.53171,42.67815],[23.53156,42.67808],[23.53147,42.67818]]]},"properties":{"osm_type":"way","osm_id":1530750908,"iso_country":"BG","golf":"tee"}},{"type":"Feature","id":"way/1530750909","geometry":{"type":"Polygon","coordinates":[[[23.53142,42.67851],[23.5315,42.67856],[23.53159,42.6785],[23.53149,42.67844],[23.53142,42.67851]]]},"properties":{"osm_type":"way","osm_id":1530750909,"iso_country":"BG","golf":"tee"}},{"type":"Feature","id":"way/1530750910","geometry":{"type":"Polygon","coordinates":[[[23.53021,42.67963],[23.53036,42.67962],[23.53046,42.67939],[23.53015,42.67949],[23.53021,42.67963]]]},"properties":{"osm_type":"way","osm_id":1530750910,"iso_country":"BG","golf":"green"}},{"type":"Feature","id":"way/1530750911","geometry":{"type":"Polygon","coordinates":[[[23.5301,42.67945],[23.53014,42.67966],[23.5304,42.67967],[23.53073,42.67907],[23.53057,42.67905],[23.5301,42.67945]]]},"properties":{"osm_type":"way","osm_id":1530750911,"iso_country":"BG","golf":"fairway"}},{"type":"Feature","id":"way/1530750912","geometry":{"type":"Polygon","coordinates":[[[23.53178,42.67827],[23.53184,42.67802],[23.53173,42.67795],[23.5315,42.67803],[23.53139,42.67818],[23.53162,42.67833],[23.53178,42.67827]]]},"properties":{"osm_type":"way","osm_id":1530750912,"iso_country":"BG","golf":"rough"}},{"type":"Feature","id":"way/1530750913","geometry":{"type":"Polygon","coordinates":[[[23.53166,42.67845],[23.53048,42.6798],[23.5302,42.67983],[23.53003,42.67967],[23.53001,42.67945],[23.53017,42.67923],[23.53095,42.67851],[23.53153,42.67838],[23.53166,42.67845]]]},"properties":{"osm_type":"way","osm_id":1530750913,"iso_country":"BG","golf":"rough"}},{"type":"Feature","id":"way/1530750914","geometry":{"type":"Polygon","coordinates":[[[23.53008,42.68113],[23.53008,42.68106],[23.53018,42.68106],[23.53018,42.68113],[23.53008,42.68113]]]},"properties":{"osm_type":"way","osm_id":1530750914,"iso_country":"BG","golf":"tee"}},{"type":"Feature","id":"way/1530750915","geometry":{"type":"Polygon","coordinates":[[[23.52967,42.68111],[23.52986,42.68113],[23.52986,42.68104],[23.52969,42.68102],[23.52967,42.68111]]]},"properties":{"osm_type":"way","osm_id":1530750915,"iso_country":"BG","golf":"tee"}},{"type":"Feature","id":"way/1530750916","geometry":{"type":"Polygon","coordinates":[[[23.52932,42.68087],[23.52943,42.68087],[23.52942,42.68079],[23.52932,42.6808],[23.52932,42.68087]]]},"properties":{"osm_type":"way","osm_id":1530750916,"iso_country":"BG","golf":"tee"}},{"type":"Feature","id":"way/1530750917","geometry":{"type":"Polygon","coordinates":[[[23.52618,42.68034],[23.52636,42.68042],[23.52643,42.68036],[23.52624,42.68019],[23.52618,42.68034]]]},"properties":{"osm_type":"way","osm_id":1530750917,"iso_country":"BG","golf":"green"}},{"type":"Feature","id":"way/1530750918","geometry":{"type":"Polygon","coordinates":[[[23.52616,42.68021],[23.52617,42.68036],[23.52662,42.68063],[23.52789,42.68089],[23.5291,42.68092],[23.52906,42.6808],[23.52846,42.68067],[23.5267,42.68037],[23.52649,42.68044],[23.52632,42.68019],[23.52616,42.68021]]]},"properties":{"osm_type":"way","osm_id":1530750918,"iso_country":"BG","golf":"fairway"}},{"type":"Feature","id":"way/1530750919","geometry":{"type":"Polygon","coordinates":[[[23.52589,42.68016],[23.52668,42.68081],[23.52848,42.68135],[23.52882,42.68132],[23.52919,42.68111],[23.52993,42.68129],[23.53035,42.68113],[23.53017,42.6808],[23.52989,42.68068],[23.5291,42.68068],[23.52905,42.68053],[23.52841,42.68043],[23.52723,42.68039],[23.5267,42.68027],[23.52656,42.68011],[23.52633,42.68007],[23.52589,42.68016]]]},"properties":{"osm_type":"way","osm_id":1530750919,"iso_country":"BG","golf":"rough"}},{"type":"Feature","id":"way/1530750920","geometry":{"type":"Polygon","coordinates":[[[23.5271,42.68109],[23.52721,42.68115],[23.52725,42.68111],[23.52712,42.68106],[23.5271,42.68109]]]},"properties":{"osm_type":"way","osm_id":1530750920,"iso_country":"BG","golf":"tee"}},{"type":"Feature","id":"way/1530750921","geometry":{"type":"Polygon","coordinates":[[[23.52735,42.68123],[23.52754,42.68134],[23.5276,42.68127],[23.5274,42.68117],[23.52735,42.68123]]]},"properties":{"osm_type":"way","osm_id":1530750921,"iso_country":"BG","golf":"tee"}},{"type":"Feature","id":"way/1530750922","geometry":{"type":"Polygon","coordinates":[[[23.52762,42.68137],[23.52771,42.68142],[23.52776,42.68136],[23.52767,42.68131],[23.52762,42.68137]]]},"properties":{"osm_type":"way","osm_id":1530750922,"iso_country":"BG","golf":"tee"}},{"type":"Feature","id":"way/1530750923","geometry":{"type":"Polygon","coordinates":[[[23.52947,42.68235],[23.52972,42.68243],[23.52981,42.68233],[23.52956,42.68223],[23.52944,42.68227],[23.52947,42.68235]]]},"properties":{"osm_type":"way","osm_id":1530750923,"iso_country":"BG","golf":"green"}},{"type":"Feature","id":"way/1530750924","geometry":{"type":"Polygon","coordinates":[[[23.5296,42.68242],[23.52983,42.68241],[23.52975,42.68224],[23.52912,42.68224],[23.52863,42.68168],[23.52844,42.68157],[23.52814,42.68166],[23.52819,42.68185],[23.52887,42.68236],[23.52913,42.68245],[23.5296,42.68242]]]},"properties":{"osm_type":"way","osm_id":1530750924,"iso_country":"BG","golf":"fairway"}},{"type":"Feature","id":"way/1530750925","geometry":{"type":"Polygon","coordinates":[[[23.52693,42.68106],[23.52709,42.68099],[23.52857,42.68141],[23.5291,42.68171],[23.52918,42.68182],[23.52907,42.68202],[23.52915,42.68217],[23.52962,42.68209],[23.52991,42.6822],[23.52993,42.68247],[23.52943,42.68264],[23.52884,42.68262],[23.52693,42.68106]]]},"properties":{"osm_type":"way","osm_id":1530750925,"iso_country":"BG","golf":"rough"}},{"type":"Feature","id":"way/1530750926","geometry":{"type":"Polygon","coordinates":[[[23.53005,42.68288],[23.53013,42.68287],[23.53018,42.68286],[23.53019,42.68282],[23.53005,42.68282],[23.53005,42.68288]]]},"properties":{"osm_type":"way","osm_id":1530750926,"iso_country":"BG","golf":"tee"}},{"type":"Feature","id":"way/1530750927","geometry":{"type":"Polygon","coordinates":[[[23.53018,42.68278],[23.53035,42.68277],[23.53034,42.68268],[23.53018,42.68269],[23.53018,42.68278]]]},"properties":{"osm_type":"way","osm_id":1530750927,"iso_country":"BG","golf":"tee"}},{"type":"Feature","id":"way/1530750928","geometry":{"type":"Polygon","coordinates":[[[23.53045,42.68263],[23.53057,42.68261],[23.53055,42.68254],[23.53043,42.68256],[23.53045,42.68263]]]},"properties":{"osm_type":"way","osm_id":1530750928,"iso_country":"BG","golf":"tee"}},{"type":"Feature","id":"way/1530750929","geometry":{"type":"Polygon","coordinates":[[[23.53017,42.68185],[23.53034,42.68191],[23.53048,42.68177],[23.53021,42.68169],[23.53017,42.68185]]]},"properties":{"osm_type":"way","osm_id":1530750929,"iso_country":"BG","golf":"green"}},{"type":"Feature","id":"way/1530750930","geometry":{"type":"Polygon","coordinates":[[[23.53054,42.68187],[23.53065,42.68175],[23.53069,42.68167],[23.53069,42.6816],[23.53061,42.68153],[23.53047,42.68152],[23.5302,42.6816],[23.53009,42.68167],[23.53004,42.68182],[23.53005,42.68193],[23.53016,42.68198],[23.53032,42.682],[23.53039,42.68197],[23.53054,42.68187]]]},"properties":{"osm_type":"way","osm_id":1530750930,"iso_country":"BG","golf":"rough"}},{"type":"Feature","id":"way/1530750931","geometry":{"type":"Polygon","coordinates":[[[23.52991,42.68277],[23.52995,42.68292],[23.53004,42.683],[23.53077,42.6827],[23.5306,42.68242],[23.53042,42.68236],[23.53007,42.68262],[23.52991,42.68277]]]},"properties":{"osm_type":"way","osm_id":1530750931,"iso_country":"BG","golf":"rough"}},{"type":"Feature","id":"way/1530750932","geometry":{"type":"Polygon","coordinates":[[[23.53127,42.68236],[23.53137,42.68234],[23.53133,42.68227],[23.53124,42.68229],[23.53127,42.68236]]]},"properties":{"osm_type":"way","osm_id":1530750932,"iso_country":"BG","golf":"tee"}},{"type":"Feature","id":"way/1530750933","geometry":{"type":"Polygon","coordinates":[[[23.53112,42.68206],[23.53123,42.68203],[23.53117,42.68191],[23.53106,42.68193],[23.53112,42.68206]]]},"properties":{"osm_type":"way","osm_id":1530750933,"iso_country":"BG","golf":"tee"}},{"type":"Feature","id":"way/1530750934","geometry":{"type":"Polygon","coordinates":[[[23.5306,42.68128],[23.53068,42.68127],[23.53067,42.68118],[23.53059,42.68118],[23.5306,42.68128]]]},"properties":{"osm_type":"way","osm_id":1530750934,"iso_country":"BG","golf":"tee"}},{"type":"Feature","id":"way/1530750935","geometry":{"type":"Polygon","coordinates":[[[23.53194,42.67871],[23.53205,42.67872],[23.5322,42.67855],[23.53202,42.67852],[23.53194,42.67871]]]},"properties":{"osm_type":"way","osm_id":1530750935,"iso_country":"BG","golf":"green"}},{"type":"Feature","id":"way/1530750936","geometry":{"type":"Polygon","coordinates":[[[23.53178,42.67869],[23.53204,42.67849],[23.53222,42.67853],[23.53188,42.6789],[23.53173,42.67886],[23.53178,42.67869]]]},"properties":{"osm_type":"way","osm_id":1530750936,"iso_country":"BG","golf":"fairway"}},{"type":"Feature","id":"way/1530750937","geometry":{"type":"Polygon","coordinates":[[[23.53047,42.68081],[23.53036,42.68045],[23.53056,42.68007],[23.53116,42.67935],[23.53141,42.6792],[23.53157,42.6792],[23.53162,42.67937],[23.53067,42.68057],[23.53069,42.68081],[23.53047,42.68081]]]},"properties":{"osm_type":"way","osm_id":1530750937,"iso_country":"BG","golf":"fairway"}},{"type":"Feature","id":"way/1530750938","geometry":{"type":"Polygon","coordinates":[[[23.53076,42.68189],[23.53109,42.68247],[23.5315,42.68237],[23.53124,42.6816],[23.53095,42.68163],[23.53076,42.68189]]]},"properties":{"osm_type":"way","osm_id":1530750938,"iso_country":"BG","golf":"rough"}},{"type":"Feature","id":"way/1530750939","geometry":{"type":"Polygon","coordinates":[[[23.53099,42.68134],[23.53118,42.68126],[23.53075,42.68061],[23.53189,42.67924],[23.53165,42.67917],[23.53154,42.67897],[23.53124,42.67884],[23.53067,42.67963],[23.53028,42.67995],[23.53016,42.68038],[23.53019,42.68069],[23.53041,42.68093],[23.53047,42.68132],[23.53055,42.6814],[23.53099,42.68134]]]},"properties":{"osm_type":"way","osm_id":1530750939,"iso_country":"BG","golf":"rough"}},{"type":"Feature","id":"way/1530750940","geometry":{"type":"Polygon","coordinates":[[[23.53124,42.67884],[23.53154,42.67897],[23.53166,42.67885],[23.53192,42.67894],[23.53196,42.679],[23.5318,42.67919],[23.53189,42.67924],[23.53257,42.67851],[23.53242,42.6784],[23.5319,42.67841],[23.53124,42.67884]]]},"properties":{"osm_type":"way","osm_id":1530750940,"iso_country":"BG","golf":"rough"}},{"type":"Feature","id":"way/1530754027","geometry":{"type":"Polygon","coordinates":[[[23.53263,42.67828],[23.53268,42.6783],[23.53273,42.67822],[23.53268,42.6782],[23.53263,42.67828]]]},"properties":{"osm_type":"way","osm_id":1530754027,"iso_country":"BG","golf":"tee"}},{"type":"Feature","id":"way/1530754028","geometry":{"type":"Polygon","coordinates":[[[23.53273,42.67807],[23.53281,42.6781],[23.53287,42.678],[23.53278,42.67798],[23.53273,42.67807]]]},"properties":{"osm_type":"way","osm_id":1530754028,"iso_country":"BG","golf":"tee"}},{"type":"Feature","id":"way/1530754029","geometry":{"type":"Polygon","coordinates":[[[23.53284,42.67786],[23.53289,42.67788],[23.53293,42.67782],[23.53287,42.67781],[23.53284,42.67786]]]},"properties":{"osm_type":"way","osm_id":1530754029,"iso_country":"BG","golf":"tee"}},{"type":"Feature","id":"way/1530754030","geometry":{"type":"Polygon","coordinates":[[[23.53412,42.67528],[23.53428,42.67545],[23.53441,42.6754],[23.53429,42.6752],[23.53413,42.6752],[23.53412,42.67528]]]},"properties":{"osm_type":"way","osm_id":1530754030,"iso_country":"BG","golf":"green"}},{"type":"Feature","id":"way/1530754031","geometry":{"type":"Polygon","coordinates":[[[23.53415,42.67532],[23.53408,42.67524],[23.53419,42.67516],[23.53444,42.67536],[23.53428,42.67636],[23.53336,42.67752],[23.53315,42.67754],[23.53313,42.67746],[23.53346,42.67697],[23.53381,42.67662],[23.53402,42.67577],[23.53424,42.67546],[23.53415,42.67532]]]},"properties":{"osm_type":"way","osm_id":1530754031,"iso_country":"BG","golf":"fairway"}},{"type":"Feature","id":"way/1530754032","geometry":{"type":"Polygon","coordinates":[[[23.53273,42.67842],[23.53249,42.6783],[23.53265,42.6781],[23.53271,42.67762],[23.53299,42.67719],[23.53331,42.67691],[23.53394,42.67574],[23.53394,42.67561],[23.53376,42.67548],[23.53378,42.67536],[23.53399,42.67511],[23.53452,42.67517],[23.53462,42.67544],[23.53463,42.67627],[23.53273,42.67842]]]},"properties":{"osm_type":"way","osm_id":1530754032,"iso_country":"BG","golf":"rough"}},{"type":"Feature","id":"way/1530754033","geometry":{"type":"Polygon","coordinates":[[[23.53474,42.67501],[23.53481,42.67503],[23.53485,42.67496],[23.53478,42.67494],[23.53474,42.67501]]]},"properties":{"osm_type":"way","osm_id":1530754033,"iso_country":"BG","golf":"tee"}},{"type":"Feature","id":"way/1530754034","geometry":{"type":"Polygon","coordinates":[[[23.53492,42.67485],[23.53502,42.67488],[23.53509,42.67475],[23.53499,42.67472],[23.53492,42.67485]]]},"properties":{"osm_type":"way","osm_id":1530754034,"iso_country":"BG","golf":"tee"}},{"type":"Feature","id":"way/1530754035","geometry":{"type":"Polygon","coordinates":[[[23.53499,42.67438],[23.5351,42.67441],[23.53514,42.67433],[23.53503,42.6743],[23.53499,42.67438]]]},"properties":{"osm_type":"way","osm_id":1530754035,"iso_country":"BG","golf":"tee"}},{"type":"Feature","id":"way/1530754036","geometry":{"type":"Polygon","coordinates":[[[23.53699,42.67224],[23.53715,42.67224],[23.53726,42.67206],[23.53697,42.67201],[23.5369,42.67214],[23.53699,42.67224]]]},"properties":{"osm_type":"way","osm_id":1530754036,"iso_country":"BG","golf":"green"}},{"type":"Feature","id":"way/1530754037","geometry":{"type":"Polygon","coordinates":[[[23.53727,42.67203],[23.53729,42.67219],[23.53605,42.67326],[23.53557,42.674],[23.5353,42.67401],[23.53528,42.67384],[23.53567,42.67325],[23.53631,42.67257],[23.53694,42.67199],[23.53727,42.67203]]]},"properties":{"osm_type":"way","osm_id":1530754037,"iso_country":"BG","golf":"fairway"}},{"type":"Feature","id":"way/1530754038","geometry":{"type":"Polygon","coordinates":[[[23.53447,42.675],[23.53483,42.67516],[23.53573,42.67426],[23.53711,42.67262],[23.5375,42.67229],[23.53749,42.67199],[23.53737,42.67185],[23.53684,42.67184],[23.53684,42.67195],[23.53657,42.67205],[23.53623,42.67251],[23.5356,42.67308],[23.53508,42.67384],[23.53475,42.67466],[23.53447,42.675]]]},"properties":{"osm_type":"way","osm_id":1530754038,"iso_country":"BG","golf":"rough"}},{"type":"Feature","id":"way/1530754039","geometry":{"type":"LineString","coordinates":[[23.53113,42.67658],[23.53132,42.67623],[23.5312,42.67591],[23.53139,42.67575],[23.53118,42.67551],[23.53192,42.67491],[23.53192,42.67477]]},"properties":{"osm_type":"way","osm_id":1530754039,"iso_country":"BG","golf":"cartpath"}},{"type":"Feature","id":"way/1530754040","geometry":{"type":"LineString","coordinates":[[23.53511,42.67147],[23.53498,42.6715],[23.53483,42.67151],[23.53473,42.67149],[23.53466,42.67152],[23.53449,42.67165],[23.53436,42.67165],[23.53421,42.67162],[23.53391,42.67155],[23.53381,42.67154],[23.53371,42.67155]]},"properties":{"osm_type":"way","osm_id":1530754040,"iso_country":"BG","golf":"cartpath"}},{"type":"Feature","id":"way/1530754041","geometry":{"type":"LineString","coordinates":[[23.52673,42.67968],[23.52664,42.67969],[23.52659,42.67967],[23.52651,42.67967],[23.52645,42.67967],[23.52637,42.67965],[23.52629,42.67962]]},"properties":{"osm_type":"way","osm_id":1530754041,"iso_country":"BG","golf":"cartpath"}},{"type":"Feature","id":"way/1530754042","geometry":{"type":"LineString","coordinates":[[23.52837,42.67988],[23.52839,42.67986],[23.52842,42.67985],[23.5285,42.67984],[23.52856,42.67983]]},"properties":{"osm_type":"way","osm_id":1530754042,"iso_country":"BG","golf":"cartpath"}},{"type":"Feature","id":"way/1530754043","geometry":{"type":"LineString","coordinates":[[23.53548,42.67121],[23.53585,42.67216],[23.53577,42.67244],[23.53545,42.67276]]},"properties":{"osm_type":"way","osm_id":1530754043,"iso_country":"BG","golf":"cartpath"}},{"type":"Feature","id":"way/1530754044","geometry":{"type":"LineString","coordinates":[[23.53575,42.67185],[23.53575,42.67179],[23.53575,42.67176],[23.53583,42.67169],[23.5359,42.67165],[23.53608,42.67157],[23.53623,42.67152],[23.53635,42.67152]]},"properties":{"osm_type":"way","osm_id":1530754044,"iso_country":"BG","golf":"cartpath"}},{"type":"Feature","id":"way/1530754045","geometry":{"type":"LineString","coordinates":[[23.53351,42.67506],[23.53379,42.67498],[23.53392,42.67512],[23.53367,42.67567]]},"properties":{"osm_type":"way","osm_id":1530754045,"iso_country":"BG","golf":"cartpath"}},{"type":"Feature","id":"way/1530754046","geometry":{"type":"LineString","coordinates":[[23.53455,42.67571],[23.53468,42.67533],[23.53462,42.67498],[23.53491,42.6747]]},"properties":{"osm_type":"way","osm_id":1530754046,"iso_country":"BG","golf":"cartpath"}},{"type":"Feature","id":"way/1530754047","geometry":{"type":"LineString","coordinates":[[23.53159,42.67856],[23.53165,42.67851],[23.5317,42.67847],[23.53178,42.67843],[23.53188,42.67836],[23.5319,42.67832],[23.53189,42.67829],[23.53186,42.67826],[23.53184,42.67822],[23.53183,42.6782]]},"properties":{"osm_type":"way","osm_id":1530754047,"iso_country":"BG","golf":"cartpath"}},{"type":"Feature","id":"way/1530754048","geometry":{"type":"LineString","coordinates":[[23.5319,42.67832],[23.53194,42.6783],[23.53203,42.6783],[23.53219,42.67827],[23.53228,42.67826],[23.53239,42.67823],[23.53247,42.67819],[23.53254,42.67809],[23.53256,42.67805],[23.5326,42.67797],[23.53263,42.6779],[23.53265,42.67784],[23.53267,42.67781]]},"properties":{"osm_type":"way","osm_id":1530754048,"iso_country":"BG","golf":"cartpath"}},{"type":"Feature","id":"way/1530754049","geometry":{"type":"LineString","coordinates":[[23.52987,42.67968],[23.52989,42.6798],[23.52991,42.67984],[23.52997,42.67986],[23.53009,42.67987],[23.53022,42.67986],[23.53033,42.67985],[23.53048,42.6798]]},"properties":{"osm_type":"way","osm_id":1530754049,"iso_country":"BG","golf":"cartpath"}},{"type":"Feature","id":"way/1530754050","geometry":{"type":"LineString","coordinates":[[23.52997,42.67986],[23.53009,42.68017],[23.52999,42.6808],[23.52959,42.6809]]},"properties":{"osm_type":"way","osm_id":1530754050,"iso_country":"BG","golf":"cartpath"}},{"type":"Feature","id":"way/1530754051","geometry":{"type":"LineString","coordinates":[[23.52651,42.68063],[23.52662,42.6807],[23.52671,42.68076],[23.52679,42.68085],[23.52686,42.68092],[23.52694,42.68101],[23.52703,42.68111],[23.52717,42.68123],[23.52737,42.68133],[23.52757,42.68142],[23.52771,42.68149]]},"properties":{"osm_type":"way","osm_id":1530754051,"iso_country":"BG","golf":"cartpath"}},{"type":"Feature","id":"way/1530754052","geometry":{"type":"LineString","coordinates":[[23.52878,42.68256],[23.52946,42.6826],[23.53,42.68276],[23.53066,42.68224],[23.53128,42.68209],[23.5313,42.68191],[23.53101,42.68124]]},"properties":{"osm_type":"way","osm_id":1530754052,"iso_country":"BG","golf":"cartpath"}},{"type":"Feature","id":"way/1530754053","geometry":{"type":"LineString","coordinates":[[23.53075,42.68221],[23.53079,42.68218],[23.53082,42.68212],[23.53081,42.68206],[23.53075,42.68199]]},"properties":{"osm_type":"way","osm_id":1530754053,"iso_country":"BG","golf":"cartpath"}},{"type":"Feature","id":"way/1531508434","geometry":{"type":"Polygon","coordinates":[[[28.21869,43.41004],[28.21854,43.41001],[28.21851,43.40984],[28.21861,43.40982],[28.21875,43.40986],[28.21879,43.40995],[28.21877,43.41003],[28.21869,43.41004]]]},"properties":{"osm_type":"way","osm_id":1531508434,"iso_country":"BG","golf":"green"}},{"type":"Feature","id":"way/1531508435","geometry":{"type":"Polygon","coordinates":[[[28.22035,43.41096],[28.22068,43.41094],[28.22083,43.41118],[28.2213,43.41126],[28.22182,43.41171],[28.22327,43.41234],[28.22339,43.41248],[28.22341,43.41271],[28.22332,43.41283],[28.22313,43.41281],[28.22275,43.41243],[28.22192,43.41208],[28.22166,43.41184],[28.22144,43.41182],[28.22118,43.41158],[28.22082,43.41151],[28.22034,43.41116],[28.22035,43.41096]]]},"properties":{"osm_type":"way","osm_id":1531508435,"iso_country":"BG","golf":"fairway"}},{"type":"Feature","id":"way/1531508436","geometry":{"type":"Polygon","coordinates":[[[28.22105,43.41164],[28.22127,43.41166],[28.22135,43.41176],[28.2211,43.41176],[28.22105,43.41164]]]},"properties":{"osm_type":"way","osm_id":1531508436,"iso_country":"BG","golf":"bunker"}},{"type":"Feature","id":"way/1531508437","geometry":{"type":"Polygon","coordinates":[[[28.22299,43.41214],[28.22303,43.41207],[28.22313,43.41208],[28.22313,43.41214],[28.22318,43.41213],[28.22321,43.41216],[28.22319,43.41219],[28.22314,43.4122],[28.22314,43.41223],[28.22307,43.41223],[28.22307,43.41219],[28.223,43.41218],[28.22299,43.41214]]]},"properties":{"osm_type":"way","osm_id":1531508437,"iso_country":"BG","golf":"bunker"}},{"type":"Feature","id":"way/1531508438","geometry":{"type":"Polygon","coordinates":[[[28.223,43.4126],[28.22308,43.4125],[28.22319,43.41261],[28.22305,43.4127],[28.223,43.4126]]]},"properties":{"osm_type":"way","osm_id":1531508438,"iso_country":"BG","golf":"bunker"}},{"type":"Feature","id":"way/1531508439","geometry":{"type":"Polygon","coordinates":[[[28.22321,43.41256],[28.22326,43.4125],[28.22342,43.4126],[28.22341,43.41276],[28.22334,43.41282],[28.22313,43.4128],[28.22307,43.41276],[28.22315,43.41267],[28.22319,43.41259],[28.22321,43.41256]]]},"properties":{"osm_type":"way","osm_id":1531508439,"iso_country":"BG","golf":"green"}},{"type":"Feature","id":"way/1531508441","geometry":{"type":"Polygon","coordinates":[[[28.219,43.40989],[28.21906,43.40993],[28.21902,43.40996],[28.21896,43.40993],[28.219,43.40989]]]},"properties":{"osm_type":"way","osm_id":1531508441,"iso_country":"BG","golf":"tee"}},{"type":"Feature","id":"way/1531508442","geometry":{"type":"Polygon","coordinates":[[[28.21926,43.41017],[28.21933,43.41023],[28.21927,43.41026],[28.21921,43.41021],[28.21926,43.41017]]]},"properties":{"osm_type":"way","osm_id":1531508442,"iso_country":"BG","golf":"tee"}},{"type":"Feature","id":"way/1531508443","geometry":{"type":"Polygon","coordinates":[[[28.21948,43.41041],[28.21956,43.41045],[28.21951,43.41048],[28.21944,43.41045],[28.21948,43.41041]]]},"properties":{"osm_type":"way","osm_id":1531508443,"iso_country":"BG","golf":"tee"}},{"type":"Feature","id":"way/1531508444","geometry":{"type":"Polygon","coordinates":[[[28.21976,43.41072],[28.21982,43.41075],[28.21979,43.41079],[28.21972,43.41077],[28.21976,43.41072]]]},"properties":{"osm_type":"way","osm_id":1531508444,"iso_country":"BG","golf":"tee"}},{"type":"Feature","id":"way/1531508445","geometry":{"type":"Polygon","coordinates":[[[28.22294,43.41297],[28.22305,43.41299],[28.22303,43.41305],[28.22289,43.41303],[28.22292,43.41299],[28.22294,43.41297]]]},"properties":{"osm_type":"way","osm_id":1531508445,"iso_country":"BG","golf":"tee"}},{"type":"Feature","id":"way/1531508446","geometry":{"type":"Polygon","coordinates":[[[28.22349,43.41309],[28.22372,43.41313],[28.22371,43.4132],[28.22343,43.41316],[28.22349,43.41309]]]},"properties":{"osm_type":"way","osm_id":1531508446,"iso_country":"BG","golf":"tee"}},{"type":"Feature","id":"way/1531508447","geometry":{"type":"Polygon","coordinates":[[[28.22431,43.4134],[28.22431,43.41334],[28.22443,43.41334],[28.22442,43.41339],[28.22431,43.4134]]]},"properties":{"osm_type":"way","osm_id":1531508447,"iso_country":"BG","golf":"tee"}},{"type":"Feature","id":"way/1531508448","geometry":{"type":"Polygon","coordinates":[[[28.22515,43.41356],[28.22502,43.41352],[28.22508,43.41336],[28.22542,43.41334],[28.22549,43.41326],[28.22587,43.41339],[28.22762,43.41314],[28.22785,43.41328],[28.22779,43.41337],[28.2272,43.41339],[28.22593,43.41364],[28.22515,43.41356]]]},"properties":{"osm_type":"way","osm_id":1531508448,"iso_country":"BG","golf":"fairway"}},{"type":"Feature","id":"way/1531508449","geometry":{"type":"Polygon","coordinates":[[[28.2261,43.41375],[28.22621,43.41368],[28.22628,43.41378],[28.2261,43.41375]]]},"properties":{"osm_type":"way","osm_id":1531508449,"iso_country":"BG","golf":"bunker"}},{"type":"Feature","id":"way/1531508450","geometry":{"type":"Polygon","coordinates":[[[28.22779,43.41316],[28.2277,43.41314],[28.2277,43.4131],[28.22777,43.41309],[28.2278,43.4131],[28.22778,43.41313],[28.2278,43.41315],[28.22779,43.41316]]]},"properties":{"osm_type":"way","osm_id":1531508450,"iso_country":"BG","golf":"bunker"}},{"type":"Feature","id":"way/1531508451","geometry":{"type":"Polygon","coordinates":[[[28.22764,43.41338],[28.22751,43.41334],[28.22742,43.4133],[28.22743,43.41326],[28.22748,43.41322],[28.2275,43.41321],[28.22762,43.41314],[28.22779,43.41318],[28.22785,43.41328],[28.22779,43.41337],[28.22764,43.41338]]]},"properties":{"osm_type":"way","osm_id":1531508451,"iso_country":"BG","golf":"green"}},{"type":"Feature","id":"way/1531508452","geometry":{"type":"Polygon","coordinates":[[[28.22794,43.41362],[28.22799,43.41357],[28.22803,43.41359],[28.22798,43.41365],[28.22794,43.41362]]]},"properties":{"osm_type":"way","osm_id":1531508452,"iso_country":"BG","golf":"tee"}},{"type":"Feature","id":"way/1531508453","geometry":{"type":"Polygon","coordinates":[[[28.22841,43.41345],[28.22846,43.41341],[28.2285,43.41343],[28.22843,43.41348],[28.22841,43.41345]]]},"properties":{"osm_type":"way","osm_id":1531508453,"iso_country":"BG","golf":"tee"}},{"type":"Feature","id":"way/1531508454","geometry":{"type":"Polygon","coordinates":[[[28.22875,43.41336],[28.2288,43.41331],[28.22884,43.41334],[28.2288,43.41339],[28.22875,43.41336]]]},"properties":{"osm_type":"way","osm_id":1531508454,"iso_country":"BG","golf":"tee"}},{"type":"Feature","id":"way/1531508455","geometry":{"type":"Polygon","coordinates":[[[28.22918,43.41312],[28.22923,43.41307],[28.22929,43.41309],[28.22923,43.41315],[28.22918,43.41312]]]},"properties":{"osm_type":"way","osm_id":1531508455,"iso_country":"BG","golf":"tee"}},{"type":"Feature","id":"way/1531508456","geometry":{"type":"Polygon","coordinates":[[[28.2295,43.41265],[28.22938,43.41252],[28.2303,43.41193],[28.23067,43.41125],[28.23084,43.41122],[28.231,43.41136],[28.23098,43.41149],[28.23069,43.41152],[28.23078,43.41175],[28.23037,43.41221],[28.2295,43.41265]]]},"properties":{"osm_type":"way","osm_id":1531508456,"iso_country":"BG","golf":"fairway"}},{"type":"Feature","id":"way/1531508457","geometry":{"type":"Polygon","coordinates":[[[28.23002,43.41203],[28.22999,43.41193],[28.23018,43.41186],[28.23002,43.41203]]]},"properties":{"osm_type":"way","osm_id":1531508457,"iso_country":"BG","golf":"bunker"}},{"type":"Feature","id":"way/1531508458","geometry":{"type":"Polygon","coordinates":[[[28.23095,43.41188],[28.23091,43.41187],[28.23092,43.41183],[28.23096,43.41182],[28.231,43.41183],[28.231,43.41186],[28.23095,43.41188]]]},"properties":{"osm_type":"way","osm_id":1531508458,"iso_country":"BG","golf":"bunker"}},{"type":"Feature","id":"way/1531508459","geometry":{"type":"Polygon","coordinates":[[[28.23086,43.41162],[28.23077,43.41157],[28.2308,43.41149],[28.23103,43.41156],[28.23086,43.41162]]]},"properties":{"osm_type":"way","osm_id":1531508459,"iso_country":"BG","golf":"bunker"}},{"type":"Feature","id":"way/1531508460","geometry":{"type":"Polygon","coordinates":[[[28.2306,43.41132],[28.23084,43.41122],[28.23103,43.41147],[28.23073,43.41145],[28.2306,43.41132]]]},"properties":{"osm_type":"way","osm_id":1531508460,"iso_country":"BG","golf":"green"}},{"type":"Feature","id":"way/1531508461","geometry":{"type":"Polygon","coordinates":[[[28.23021,43.41113],[28.23027,43.41109],[28.23031,43.41111],[28.23025,43.41116],[28.23021,43.41113]]]},"properties":{"osm_type":"way","osm_id":1531508461,"iso_country":"BG","golf":"tee"}},{"type":"Feature","id":"way/1531508462","geometry":{"type":"Polygon","coordinates":[[[28.22987,43.4116],[28.22992,43.41155],[28.22998,43.41158],[28.22992,43.41163],[28.22987,43.4116]]]},"properties":{"osm_type":"way","osm_id":1531508462,"iso_country":"BG","golf":"tee"}},{"type":"Feature","id":"way/1531508463","geometry":{"type":"Polygon","coordinates":[[[28.22972,43.41172],[28.22977,43.41176],[28.22971,43.4118],[28.22966,43.41176],[28.22972,43.41172]]]},"properties":{"osm_type":"way","osm_id":1531508463,"iso_country":"BG","golf":"tee"}},{"type":"Feature","id":"way/1531508464","geometry":{"type":"Polygon","coordinates":[[[28.22935,43.41193],[28.22939,43.41198],[28.2293,43.41201],[28.22925,43.41196],[28.22935,43.41193]]]},"properties":{"osm_type":"way","osm_id":1531508464,"iso_country":"BG","golf":"tee"}},{"type":"Feature","id":"way/1531508465","geometry":{"type":"Polygon","coordinates":[[[28.22865,43.41213],[28.22881,43.41218],[28.22878,43.41225],[28.22848,43.41254],[28.22787,43.41281],[28.22625,43.4128],[28.22575,43.41269],[28.22553,43.41254],[28.22568,43.41238],[28.22592,43.41257],[28.22767,43.41262],[28.22803,43.41255],[28.22865,43.41213]]]},"properties":{"osm_type":"way","osm_id":1531508465,"iso_country":"BG","golf":"fairway"}},{"type":"Feature","id":"way/1531508466","geometry":{"type":"Polygon","coordinates":[[[28.22592,43.41257],[28.22591,43.41263],[28.22587,43.41266],[28.22584,43.41268],[28.22575,43.41269],[28.2256,43.41263],[28.22553,43.41254],[28.22553,43.41246],[28.22558,43.41239],[28.22568,43.41238],[28.22578,43.41241],[28.22583,43.41249],[28.22588,43.41254],[28.22592,43.41257]]]},"properties":{"osm_type":"way","osm_id":1531508466,"iso_country":"BG","golf":"green"}},{"type":"Feature","id":"way/1531508467","geometry":{"type":"Polygon","coordinates":[[[28.2258,43.413],[28.22603,43.41306],[28.22599,43.41312],[28.22576,43.41307],[28.2258,43.413]]]},"properties":{"osm_type":"way","osm_id":1531508467,"iso_country":"BG","golf":"tee"}},{"type":"Feature","id":"way/1531508468","geometry":{"type":"Polygon","coordinates":[[[28.22551,43.41297],[28.22555,43.4129],[28.22565,43.41293],[28.2256,43.413],[28.22551,43.41297]]]},"properties":{"osm_type":"way","osm_id":1531508468,"iso_country":"BG","golf":"tee"}},{"type":"Feature","id":"way/1531508469","geometry":{"type":"Polygon","coordinates":[[[28.2253,43.41294],[28.22545,43.41299],[28.2254,43.41304],[28.22526,43.41299],[28.2253,43.41294]]]},"properties":{"osm_type":"way","osm_id":1531508469,"iso_country":"BG","golf":"tee"}},{"type":"Feature","id":"way/1531508470","geometry":{"type":"Polygon","coordinates":[[[28.22512,43.41292],[28.22505,43.41289],[28.22509,43.41285],[28.22516,43.41288],[28.22512,43.41292]]]},"properties":{"osm_type":"way","osm_id":1531508470,"iso_country":"BG","golf":"tee"}},{"type":"Feature","id":"way/1531508471","geometry":{"type":"Polygon","coordinates":[[[28.22457,43.4126],[28.22432,43.41236],[28.22434,43.41227],[28.2246,43.41224],[28.22472,43.41231],[28.22457,43.4126]]]},"properties":{"osm_type":"way","osm_id":1531508471,"iso_country":"BG","golf":"fairway"}},{"type":"Feature","id":"way/1531508472","geometry":{"type":"Polygon","coordinates":[[[28.22464,43.41243],[28.22436,43.4124],[28.22432,43.4123],[28.22468,43.41226],[28.22464,43.41243]]]},"properties":{"osm_type":"way","osm_id":1531508472,"iso_country":"BG","golf":"green"}},{"type":"Feature","id":"way/1531508473","geometry":{"type":"Polygon","coordinates":[[[28.22433,43.41247],[28.22431,43.41245],[28.22427,43.41247],[28.22423,43.41245],[28.22424,43.41243],[28.22425,43.41242],[28.22423,43.41239],[28.22429,43.41238],[28.22431,43.41241],[28.22436,43.41242],[28.22437,43.41244],[28.22436,43.41247],[28.22433,43.41247]]]},"properties":{"osm_type":"way","osm_id":1531508473,"iso_country":"BG","golf":"bunker"}},{"type":"Feature","id":"way/1531508474","geometry":{"type":"Polygon","coordinates":[[[28.22443,43.41224],[28.22439,43.41224],[28.22436,43.41222],[28.22434,43.4122],[28.22435,43.41218],[28.2244,43.41219],[28.22443,43.4122],[28.22445,43.41217],[28.22449,43.41217],[28.22451,43.4122],[28.22449,43.41223],[28.22447,43.41224],[28.22443,43.41224]]]},"properties":{"osm_type":"way","osm_id":1531508474,"iso_country":"BG","golf":"bunker"}},{"type":"Feature","id":"way/1531508475","geometry":{"type":"Polygon","coordinates":[[[28.22464,43.41223],[28.2246,43.41223],[28.2246,43.41219],[28.22461,43.41217],[28.22465,43.41217],[28.22467,43.41215],[28.2247,43.41218],[28.2247,43.41221],[28.22467,43.41224],[28.22464,43.41223]]]},"properties":{"osm_type":"way","osm_id":1531508475,"iso_country":"BG","golf":"bunker"}},{"type":"Feature","id":"way/1531508476","geometry":{"type":"Polygon","coordinates":[[[28.22473,43.41231],[28.22473,43.41229],[28.22472,43.41227],[28.22475,43.41226],[28.22478,43.41225],[28.22482,43.41229],[28.22489,43.41229],[28.22491,43.41231],[28.22492,43.41233],[28.22484,43.41233],[28.22481,43.41232],[28.22473,43.41231]]]},"properties":{"osm_type":"way","osm_id":1531508476,"iso_country":"BG","golf":"bunker"}},{"type":"Feature","id":"way/1531508477","geometry":{"type":"Polygon","coordinates":[[[28.22491,43.41219],[28.22491,43.41213],[28.22503,43.41213],[28.22503,43.41217],[28.22491,43.41219]]]},"properties":{"osm_type":"way","osm_id":1531508477,"iso_country":"BG","golf":"tee"}},{"type":"Feature","id":"way/1531508478","geometry":{"type":"Polygon","coordinates":[[[28.22537,43.41204],[28.22537,43.41197],[28.2255,43.41196],[28.2255,43.41203],[28.22543,43.41203],[28.22537,43.41204]]]},"properties":{"osm_type":"way","osm_id":1531508478,"iso_country":"BG","golf":"tee"}},{"type":"Feature","id":"way/1531508479","geometry":{"type":"Polygon","coordinates":[[[28.22569,43.41198],[28.22569,43.41192],[28.22581,43.41191],[28.22581,43.41197],[28.22569,43.41198]]]},"properties":{"osm_type":"way","osm_id":1531508479,"iso_country":"BG","golf":"tee"}},{"type":"Feature","id":"way/1531508480","geometry":{"type":"Polygon","coordinates":[[[28.22629,43.41189],[28.22629,43.41185],[28.22629,43.41182],[28.22638,43.41182],[28.22638,43.41188],[28.22629,43.41189]]]},"properties":{"osm_type":"way","osm_id":1531508480,"iso_country":"BG","golf":"tee"}},{"type":"Feature","id":"way/1531508481","geometry":{"type":"Polygon","coordinates":[[[28.22712,43.41198],[28.22698,43.41193],[28.22698,43.41184],[28.22728,43.4118],[28.22732,43.41167],[28.22819,43.41168],[28.22879,43.4113],[28.22904,43.41132],[28.22911,43.41111],[28.22941,43.4112],[28.22923,43.4114],[28.22866,43.41154],[28.22816,43.41192],[28.22712,43.41198]]]},"properties":{"osm_type":"way","osm_id":1531508481,"iso_country":"BG","golf":"fairway"}},{"type":"Feature","id":"way/1531508482","geometry":{"type":"Polygon","coordinates":[[[28.22802,43.41152],[28.22819,43.41154],[28.22819,43.41166],[28.22797,43.41162],[28.22802,43.41152]]]},"properties":{"osm_type":"way","osm_id":1531508482,"iso_country":"BG","golf":"bunker"}},{"type":"Feature","id":"way/1531508483","geometry":{"type":"Polygon","coordinates":[[[28.22897,43.41127],[28.22893,43.41124],[28.22895,43.4112],[28.22898,43.41121],[28.229,43.4112],[28.22904,43.41122],[28.22904,43.41125],[28.22897,43.41127]]]},"properties":{"osm_type":"way","osm_id":1531508483,"iso_country":"BG","golf":"bunker"}},{"type":"Feature","id":"way/1531508484","geometry":{"type":"Polygon","coordinates":[[[28.22938,43.41143],[28.22933,43.41139],[28.22933,43.41134],[28.22936,43.41131],[28.2294,43.41134],[28.22944,43.41132],[28.22947,43.41134],[28.22947,43.41137],[28.22943,43.41138],[28.22943,43.41142],[28.22938,43.41143]]]},"properties":{"osm_type":"way","osm_id":1531508484,"iso_country":"BG","golf":"bunker"}},{"type":"Feature","id":"way/1531508485","geometry":{"type":"Polygon","coordinates":[[[28.22934,43.41112],[28.22928,43.41108],[28.22927,43.41102],[28.22928,43.41098],[28.22931,43.41097],[28.22934,43.41099],[28.22938,43.41096],[28.22941,43.411],[28.22939,43.41103],[28.22934,43.41103],[28.22934,43.41105],[28.22938,43.41107],[28.22939,43.41111],[28.22934,43.41112]]]},"properties":{"osm_type":"way","osm_id":1531508485,"iso_country":"BG","golf":"bunker"}},{"type":"Feature","id":"way/1531508486","geometry":{"type":"Polygon","coordinates":[[[28.22928,43.41132],[28.22921,43.41131],[28.22914,43.41127],[28.22908,43.41123],[28.22908,43.41117],[28.22911,43.41111],[28.22919,43.41109],[28.22929,43.4111],[28.22936,43.41114],[28.22941,43.4112],[28.22941,43.41126],[28.22928,43.41132]]]},"properties":{"osm_type":"way","osm_id":1531508486,"iso_country":"BG","golf":"green"}},{"type":"Feature","id":"way/1533000231","geometry":{"type":"Polygon","coordinates":[[[28.2038,43.41076],[28.20384,43.41078],[28.20376,43.41086],[28.20372,43.41084],[28.2038,43.41076]]]},"properties":{"osm_type":"way","osm_id":1533000231,"iso_country":"BG","golf":"tee"}},{"type":"Feature","id":"way/1533000232","geometry":{"type":"Polygon","coordinates":[[[28.20368,43.41091],[28.20376,43.41094],[28.20368,43.41103],[28.2036,43.411],[28.20368,43.41091]]]},"properties":{"osm_type":"way","osm_id":1533000232,"iso_country":"BG","golf":"tee"}},{"type":"Feature","id":"way/1533000233","geometry":{"type":"Polygon","coordinates":[[[28.20358,43.41106],[28.20365,43.41109],[28.20356,43.41119],[28.20349,43.41115],[28.20358,43.41106]]]},"properties":{"osm_type":"way","osm_id":1533000233,"iso_country":"BG","golf":"tee"}},{"type":"Feature","id":"way/1533000234","geometry":{"type":"Polygon","coordinates":[[[28.20339,43.41119],[28.20347,43.41122],[28.20337,43.41131],[28.20329,43.41128],[28.20339,43.41119]]]},"properties":{"osm_type":"way","osm_id":1533000234,"iso_country":"BG","golf":"tee"}},{"type":"Feature","id":"way/1533000235","geometry":{"type":"Polygon","coordinates":[[[28.20288,43.41158],[28.20309,43.41177],[28.20292,43.41206],[28.20254,43.41222],[28.20263,43.41254],[28.20255,43.41278],[28.20231,43.413],[28.20202,43.4131],[28.20186,43.41365],[28.20152,43.41363],[28.20154,43.41352],[28.20175,43.41343],[28.20166,43.41322],[28.20182,43.41279],[28.20213,43.41255],[28.20209,43.41231],[28.20288,43.41158]]]},"properties":{"osm_type":"way","osm_id":1533000235,"iso_country":"BG","golf":"fairway"}},{"type":"Feature","id":"way/1533000236","geometry":{"type":"Polygon","coordinates":[[[28.20175,43.41343],[28.20181,43.41345],[28.20186,43.4135],[28.2019,43.41354],[28.2019,43.41357],[28.20186,43.41365],[28.20171,43.41367],[28.20159,43.41367],[28.20152,43.41363],[28.20147,43.41359],[28.20154,43.41352],[28.20166,43.41346],[28.20175,43.41343]]]},"properties":{"osm_type":"way","osm_id":1533000236,"iso_country":"BG","golf":"green"}},{"type":"Feature","id":"way/1533000237","geometry":{"type":"Polygon","coordinates":[[[28.20142,43.41351],[28.20141,43.4134],[28.20162,43.41336],[28.20162,43.41346],[28.2015,43.41341],[28.20142,43.41351]]]},"properties":{"osm_type":"way","osm_id":1533000237,"iso_country":"BG","golf":"bunker"}},{"type":"Feature","id":"way/1533000238","geometry":{"type":"Polygon","coordinates":[[[28.20198,43.41359],[28.20194,43.41345],[28.20201,43.41346],[28.20198,43.41359]]]},"properties":{"osm_type":"way","osm_id":1533000238,"iso_country":"BG","golf":"bunker"}},{"type":"Feature","id":"way/1533000239","geometry":{"type":"Polygon","coordinates":[[[28.20209,43.41313],[28.20211,43.41311],[28.20212,43.41309],[28.20214,43.41307],[28.20218,43.41307],[28.2022,43.4131],[28.20219,43.41313],[28.20218,43.41316],[28.20213,43.41316],[28.2021,43.41315],[28.20209,43.41313]]]},"properties":{"osm_type":"way","osm_id":1533000239,"iso_country":"BG","golf":"bunker"}},{"type":"Feature","id":"way/1533000240","geometry":{"type":"Polygon","coordinates":[[[28.20264,43.41276],[28.20265,43.41273],[28.20266,43.41268],[28.20262,43.41267],[28.2026,43.4127],[28.20256,43.41271],[28.20254,43.41274],[28.20258,43.41276],[28.20264,43.41276]]]},"properties":{"osm_type":"way","osm_id":1533000240,"iso_country":"BG","golf":"bunker"}},{"type":"Feature","id":"way/1533000241","geometry":{"type":"Polygon","coordinates":[[[28.20205,43.41258],[28.20198,43.41258],[28.20198,43.41254],[28.20202,43.41253],[28.20205,43.41253],[28.20206,43.41251],[28.20211,43.4125],[28.20211,43.41254],[28.20208,43.41257],[28.20205,43.41258]]]},"properties":{"osm_type":"way","osm_id":1533000241,"iso_country":"BG","golf":"bunker"}},{"type":"Feature","id":"way/1533000242","geometry":{"type":"Polygon","coordinates":[[[28.20197,43.41246],[28.20187,43.41245],[28.20196,43.41235],[28.20208,43.41241],[28.20197,43.41246]]]},"properties":{"osm_type":"way","osm_id":1533000242,"iso_country":"BG","golf":"bunker"}},{"type":"Feature","id":"way/1533000243","geometry":{"type":"Polygon","coordinates":[[[28.20262,43.41239],[28.20261,43.41237],[28.20259,43.41236],[28.20257,43.41236],[28.20255,43.41236],[28.20255,43.41232],[28.20258,43.41229],[28.20263,43.41228],[28.20267,43.41229],[28.20268,43.41231],[28.20268,43.41234],[28.20267,43.41238],[28.20266,43.4124],[28.20262,43.41239]]]},"properties":{"osm_type":"way","osm_id":1533000243,"iso_country":"BG","golf":"bunker"}},{"type":"Feature","id":"way/1533003305","geometry":{"type":"Polygon","coordinates":[[[28.20082,43.41405],[28.20099,43.41406],[28.20098,43.41414],[28.2008,43.41414],[28.20082,43.41405]]]},"properties":{"osm_type":"way","osm_id":1533003305,"iso_country":"BG","golf":"tee"}},{"type":"Feature","id":"way/1533003306","geometry":{"type":"Polygon","coordinates":[[[28.20113,43.4142],[28.20131,43.41421],[28.2013,43.41429],[28.20113,43.41429],[28.20113,43.4142]]]},"properties":{"osm_type":"way","osm_id":1533003306,"iso_country":"BG","golf":"tee"}},{"type":"Feature","id":"way/1533003307","geometry":{"type":"Polygon","coordinates":[[[28.2014,43.41421],[28.20158,43.41422],[28.20157,43.4143],[28.20139,43.41429],[28.2014,43.41421]]]},"properties":{"osm_type":"way","osm_id":1533003307,"iso_country":"BG","golf":"tee"}},{"type":"Feature","id":"way/1533003308","geometry":{"type":"Polygon","coordinates":[[[28.20186,43.41422],[28.20203,43.41421],[28.20202,43.4143],[28.20185,43.4143],[28.20186,43.41422]]]},"properties":{"osm_type":"way","osm_id":1533003308,"iso_country":"BG","golf":"tee"}},{"type":"Feature","id":"way/1533003309","geometry":{"type":"Polygon","coordinates":[[[28.20258,43.41422],[28.20272,43.41411],[28.20325,43.41406],[28.20465,43.41421],[28.20503,43.41398],[28.20554,43.41419],[28.20564,43.41435],[28.20554,43.41453],[28.20532,43.41456],[28.20521,43.41451],[28.20525,43.41427],[28.2051,43.41426],[28.20495,43.4145],[28.20467,43.41459],[28.20436,43.41448],[28.20392,43.4145],[28.20377,43.41435],[28.20342,43.41449],[28.20289,43.41442],[28.20267,43.41436],[28.20258,43.41422]]]},"properties":{"osm_type":"way","osm_id":1533003309,"iso_country":"BG","golf":"fairway"}},{"type":"Feature","id":"way/1533003310","geometry":{"type":"Polygon","coordinates":[[[28.20359,43.4145],[28.20353,43.41447],[28.20352,43.41444],[28.20354,43.41443],[28.20358,43.41445],[28.20362,43.41446],[28.20363,43.41448],[28.20363,43.4145],[28.20359,43.4145]]]},"properties":{"osm_type":"way","osm_id":1533003310,"iso_country":"BG","golf":"bunker"}},{"type":"Feature","id":"way/1533003311","geometry":{"type":"Polygon","coordinates":[[[28.20371,43.41448],[28.20368,43.41446],[28.20368,43.41444],[28.20369,43.41439],[28.20373,43.41439],[28.20375,43.41441],[28.20376,43.41447],[28.20371,43.41448]]]},"properties":{"osm_type":"way","osm_id":1533003311,"iso_country":"BG","golf":"bunker"}},{"type":"Feature","id":"way/1533003312","geometry":{"type":"Polygon","coordinates":[[[28.20399,43.41413],[28.204,43.41411],[28.20404,43.41411],[28.20407,43.41412],[28.20408,43.41414],[28.20406,43.41416],[28.20402,43.41416],[28.20399,43.41415],[28.20399,43.41413]]]},"properties":{"osm_type":"way","osm_id":1533003312,"iso_country":"BG","golf":"bunker"}},{"type":"Feature","id":"way/1533003313","geometry":{"type":"Polygon","coordinates":[[[28.20533,43.41409],[28.20527,43.41408],[28.20525,43.41407],[28.20525,43.41403],[28.20526,43.41401],[28.20533,43.41401],[28.2054,43.41402],[28.20541,43.41405],[28.20539,43.41408],[28.20536,43.41409],[28.20533,43.41409]]]},"properties":{"osm_type":"way","osm_id":1533003313,"iso_country":"BG","golf":"bunker"}},{"type":"Feature","id":"way/1533003314","geometry":{"type":"Polygon","coordinates":[[[28.20525,43.41433],[28.20532,43.41427],[28.20537,43.41423],[28.20548,43.41418],[28.20554,43.41419],[28.20563,43.41425],[28.20564,43.41435],[28.20561,43.41445],[28.20554,43.41453],[28.20543,43.41457],[28.20532,43.41456],[28.20521,43.41451],[28.20521,43.41441],[28.20525,43.41433]]]},"properties":{"osm_type":"way","osm_id":1533003314,"iso_country":"BG","golf":"green"}},{"type":"Feature","id":"way/1533003315","geometry":{"type":"Polygon","coordinates":[[[28.20494,43.41476],[28.20521,43.41483],[28.20518,43.41502],[28.20503,43.41507],[28.20402,43.41508],[28.20379,43.41495],[28.20348,43.41507],[28.20284,43.41494],[28.20245,43.41505],[28.20201,43.41489],[28.20165,43.41513],[28.20079,43.41485],[28.20074,43.41465],[28.20084,43.41459],[28.20139,43.41485],[28.20189,43.41459],[28.20258,43.41472],[28.20326,43.41464],[28.20443,43.4148],[28.20494,43.41476]]]},"properties":{"osm_type":"way","osm_id":1533003315,"iso_country":"BG","golf":"fairway"}},{"type":"Feature","id":"way/1533003316","geometry":{"type":"Polygon","coordinates":[[[28.20386,43.41506],[28.20383,43.41505],[28.20377,43.41505],[28.20376,43.41504],[28.20376,43.41501],[28.20382,43.415],[28.20389,43.415],[28.2039,43.41503],[28.2039,43.41505],[28.20386,43.41506]]]},"properties":{"osm_type":"way","osm_id":1533003316,"iso_country":"BG","golf":"bunker"}},{"type":"Feature","id":"way/1533003317","geometry":{"type":"Polygon","coordinates":[[[28.20218,43.41507],[28.20214,43.41507],[28.20214,43.41503],[28.20218,43.415],[28.20222,43.415],[28.20224,43.41501],[28.20224,43.41505],[28.20218,43.41507]]]},"properties":{"osm_type":"way","osm_id":1533003317,"iso_country":"BG","golf":"bunker"}},{"type":"Feature","id":"way/1533003318","geometry":{"type":"Polygon","coordinates":[[[28.20207,43.41498],[28.20203,43.41496],[28.20204,43.41493],[28.20207,43.41491],[28.20211,43.41491],[28.20214,43.41494],[28.20213,43.41497],[28.20211,43.41498],[28.20207,43.41498]]]},"properties":{"osm_type":"way","osm_id":1533003318,"iso_country":"BG","golf":"bunker"}},{"type":"Feature","id":"way/1533003319","geometry":{"type":"Polygon","coordinates":[[[28.20144,43.41483],[28.20139,43.41482],[28.20137,43.41479],[28.20141,43.41476],[28.20147,43.41477],[28.20149,43.4148],[28.20144,43.41483]]]},"properties":{"osm_type":"way","osm_id":1533003319,"iso_country":"BG","golf":"bunker"}},{"type":"Feature","id":"way/1533003320","geometry":{"type":"Polygon","coordinates":[[[28.2012,43.41473],[28.20115,43.41472],[28.20114,43.41469],[28.20115,43.41467],[28.20119,43.41466],[28.20125,43.41467],[28.20126,43.41469],[28.20124,43.41472],[28.2012,43.41473]]]},"properties":{"osm_type":"way","osm_id":1533003320,"iso_country":"BG","golf":"bunker"}},{"type":"Feature","id":"way/1533003321","geometry":{"type":"Polygon","coordinates":[[[28.20103,43.41464],[28.20101,43.41461],[28.20102,43.41458],[28.20105,43.41456],[28.20111,43.41456],[28.20112,43.41459],[28.2011,43.41462],[28.20107,43.41463],[28.20103,43.41464]]]},"properties":{"osm_type":"way","osm_id":1533003321,"iso_country":"BG","golf":"bunker"}},{"type":"Feature","id":"way/1533003323","geometry":{"type":"Polygon","coordinates":[[[28.19675,43.41444],[28.19667,43.41443],[28.1967,43.41432],[28.1968,43.41433],[28.19675,43.41444]]]},"properties":{"osm_type":"way","osm_id":1533003323,"iso_country":"BG","golf":"tee"}},{"type":"Feature","id":"way/1533003324","geometry":{"type":"Polygon","coordinates":[[[28.19669,43.41406],[28.19672,43.41394],[28.19683,43.41396],[28.1968,43.41408],[28.19669,43.41406]]]},"properties":{"osm_type":"way","osm_id":1533003324,"iso_country":"BG","golf":"tee"}},{"type":"Feature","id":"way/1533003325","geometry":{"type":"Polygon","coordinates":[[[28.19673,43.41383],[28.19676,43.41371],[28.19687,43.41373],[28.19684,43.41385],[28.19673,43.41383]]]},"properties":{"osm_type":"way","osm_id":1533003325,"iso_country":"BG","golf":"tee"}},{"type":"Feature","id":"way/1533003326","geometry":{"type":"Polygon","coordinates":[[[28.19709,43.41376],[28.19712,43.41365],[28.19721,43.41365],[28.19719,43.41377],[28.19709,43.41376]]]},"properties":{"osm_type":"way","osm_id":1533003326,"iso_country":"BG","golf":"tee"}},{"type":"Feature","id":"way/1533003327","geometry":{"type":"Polygon","coordinates":[[[28.19727,43.41301],[28.19712,43.41287],[28.19742,43.41217],[28.19719,43.41155],[28.19733,43.41133],[28.19725,43.41103],[28.19752,43.41068],[28.19787,43.41053],[28.19806,43.41014],[28.19837,43.41005],[28.19849,43.41023],[28.19807,43.41039],[28.1981,43.41064],[28.19775,43.41089],[28.19792,43.41121],[28.19782,43.41193],[28.19764,43.41219],[28.1977,43.41256],[28.19752,43.41293],[28.19727,43.41301]]]},"properties":{"osm_type":"way","osm_id":1533003327,"iso_country":"BG","golf":"fairway"}},{"type":"Feature","id":"way/1533003328","geometry":{"type":"Polygon","coordinates":[[[28.19731,43.41226],[28.1973,43.41224],[28.19731,43.4122],[28.19734,43.41219],[28.19735,43.41217],[28.19739,43.41217],[28.19739,43.41219],[28.19738,43.41223],[28.19734,43.41226],[28.19731,43.41226]]]},"properties":{"osm_type":"way","osm_id":1533003328,"iso_country":"BG","golf":"bunker"}},{"type":"Feature","id":"way/1533003329","geometry":{"type":"Polygon","coordinates":[[[28.19725,43.41217],[28.19723,43.41216],[28.19725,43.41212],[28.19728,43.41211],[28.19729,43.41213],[28.19727,43.41215],[28.19725,43.41217]]]},"properties":{"osm_type":"way","osm_id":1533003329,"iso_country":"BG","golf":"bunker"}},{"type":"Feature","id":"way/1533003330","geometry":{"type":"Polygon","coordinates":[[[28.19727,43.41137],[28.19724,43.41135],[28.19724,43.41133],[28.19725,43.4113],[28.19728,43.41129],[28.1973,43.4113],[28.1973,43.41133],[28.19727,43.41137]]]},"properties":{"osm_type":"way","osm_id":1533003330,"iso_country":"BG","golf":"bunker"}},{"type":"Feature","id":"way/1533003331","geometry":{"type":"Polygon","coordinates":[[[28.1979,43.41099],[28.19788,43.41096],[28.19787,43.41092],[28.19791,43.41092],[28.19792,43.41094],[28.19793,43.41096],[28.1979,43.41099]]]},"properties":{"osm_type":"way","osm_id":1533003331,"iso_country":"BG","golf":"bunker"}},{"type":"Feature","id":"way/1533003332","geometry":{"type":"Polygon","coordinates":[[[28.19781,43.4109],[28.19779,43.4109],[28.19778,43.41088],[28.19781,43.41085],[28.19784,43.41086],[28.19784,43.41088],[28.19781,43.4109]]]},"properties":{"osm_type":"way","osm_id":1533003332,"iso_country":"BG","golf":"bunker"}},{"type":"Feature","id":"way/1533003333","geometry":{"type":"Polygon","coordinates":[[[28.19797,43.41088],[28.19793,43.41087],[28.19792,43.41086],[28.19795,43.41084],[28.19799,43.41084],[28.198,43.41086],[28.19797,43.41088]]]},"properties":{"osm_type":"way","osm_id":1533003333,"iso_country":"BG","golf":"bunker"}},{"type":"Feature","id":"way/1533003334","geometry":{"type":"Polygon","coordinates":[[[28.1978,43.41054],[28.19774,43.41055],[28.19772,43.41054],[28.19774,43.41052],[28.19779,43.41051],[28.19782,43.41052],[28.1978,43.41054]]]},"properties":{"osm_type":"way","osm_id":1533003334,"iso_country":"BG","golf":"bunker"}},{"type":"Feature","id":"way/1533003335","geometry":{"type":"Polygon","coordinates":[[[28.19813,43.41045],[28.19811,43.41044],[28.19811,43.4104],[28.19816,43.41041],[28.19816,43.41043],[28.19813,43.41045]]]},"properties":{"osm_type":"way","osm_id":1533003335,"iso_country":"BG","golf":"bunker"}},{"type":"Feature","id":"way/1533003336","geometry":{"type":"Polygon","coordinates":[[[28.19831,43.41039],[28.19828,43.41038],[28.19829,43.41035],[28.19833,43.41034],[28.19837,43.41035],[28.19835,43.41038],[28.19831,43.41039]]]},"properties":{"osm_type":"way","osm_id":1533003336,"iso_country":"BG","golf":"bunker"}},{"type":"Feature","id":"way/1533003337","geometry":{"type":"Polygon","coordinates":[[[28.19809,43.41028],[28.19809,43.4102],[28.19818,43.41012],[28.19829,43.41009],[28.19841,43.41011],[28.19844,43.41018],[28.19841,43.41024],[28.19834,43.4103],[28.19821,43.41032],[28.19813,43.41031],[28.19809,43.41028]]]},"properties":{"osm_type":"way","osm_id":1533003337,"iso_country":"BG","golf":"green"}},{"type":"Feature","id":"way/1533003340","geometry":{"type":"Polygon","coordinates":[[[28.1968,43.41075],[28.1968,43.41068],[28.19688,43.41069],[28.19686,43.41076],[28.1968,43.41075]]]},"properties":{"osm_type":"way","osm_id":1533003340,"iso_country":"BG","golf":"tee"}},{"type":"Feature","id":"way/1533003341","geometry":{"type":"Polygon","coordinates":[[[28.19678,43.41046],[28.19682,43.41034],[28.1969,43.41036],[28.19685,43.41048],[28.19678,43.41046]]]},"properties":{"osm_type":"way","osm_id":1533003341,"iso_country":"BG","golf":"tee"}},{"type":"Feature","id":"way/1533008911","geometry":{"type":"Polygon","coordinates":[[[28.19708,43.41026],[28.19716,43.41005],[28.19724,43.41005],[28.19717,43.41027],[28.19708,43.41026]]]},"properties":{"osm_type":"way","osm_id":1533008911,"iso_country":"BG","golf":"tee"}},{"type":"Feature","id":"way/1533008912","geometry":{"type":"Polygon","coordinates":[[[28.19732,43.41],[28.19735,43.40989],[28.19743,43.40989],[28.1974,43.41002],[28.19732,43.41]]]},"properties":{"osm_type":"way","osm_id":1533008912,"iso_country":"BG","golf":"tee"}},{"type":"Feature","id":"way/1533008913","geometry":{"type":"Polygon","coordinates":[[[28.19747,43.40947],[28.19748,43.40928],[28.19728,43.40905],[28.19737,43.40895],[28.19763,43.40901],[28.19771,43.40913],[28.19764,43.40939],[28.19747,43.40947]]]},"properties":{"osm_type":"way","osm_id":1533008913,"iso_country":"BG","golf":"fairway"}},{"type":"Feature","id":"way/1533008914","geometry":{"type":"Polygon","coordinates":[[[28.19748,43.40928],[28.19728,43.40905],[28.19737,43.40895],[28.19769,43.40906],[28.19766,43.40925],[28.19748,43.40928]]]},"properties":{"osm_type":"way","osm_id":1533008914,"iso_country":"BG","golf":"green"}},{"type":"Feature","id":"way/1533008915","geometry":{"type":"Polygon","coordinates":[[[28.19721,43.40907],[28.1972,43.40906],[28.1972,43.40902],[28.19724,43.40902],[28.19726,43.40904],[28.19725,43.40907],[28.19721,43.40907]]]},"properties":{"osm_type":"way","osm_id":1533008915,"iso_country":"BG","golf":"bunker"}},{"type":"Feature","id":"way/1533008916","geometry":{"type":"Polygon","coordinates":[[[28.19736,43.40922],[28.19733,43.4092],[28.19733,43.40917],[28.19736,43.40917],[28.19741,43.40918],[28.19739,43.40921],[28.19736,43.40922]]]},"properties":{"osm_type":"way","osm_id":1533008916,"iso_country":"BG","golf":"bunker"}},{"type":"Feature","id":"way/1533008917","geometry":{"type":"Polygon","coordinates":[[[28.19743,43.40932],[28.1974,43.40929],[28.19742,43.40928],[28.19746,43.40928],[28.19747,43.4093],[28.19743,43.40932]]]},"properties":{"osm_type":"way","osm_id":1533008917,"iso_country":"BG","golf":"bunker"}},{"type":"Feature","id":"way/1533008918","geometry":{"type":"Polygon","coordinates":[[[28.1971,43.40874],[28.19722,43.40864],[28.19729,43.40869],[28.19717,43.40878],[28.1971,43.40874]]]},"properties":{"osm_type":"way","osm_id":1533008918,"iso_country":"BG","golf":"tee"}},{"type":"Feature","id":"way/1533008919","geometry":{"type":"Polygon","coordinates":[[[28.19833,43.4087],[28.1984,43.40857],[28.19849,43.4086],[28.19842,43.40873],[28.19833,43.4087]]]},"properties":{"osm_type":"way","osm_id":1533008919,"iso_country":"BG","golf":"tee"}},{"type":"Feature","id":"way/1533008920","geometry":{"type":"Polygon","coordinates":[[[28.19857,43.40861],[28.19869,43.40842],[28.19878,43.40844],[28.19866,43.40864],[28.19857,43.40861]]]},"properties":{"osm_type":"way","osm_id":1533008920,"iso_country":"BG","golf":"tee"}},{"type":"Feature","id":"way/1533008921","geometry":{"type":"Polygon","coordinates":[[[28.19873,43.40838],[28.19881,43.40823],[28.1989,43.40826],[28.1988,43.4084],[28.19873,43.40838]]]},"properties":{"osm_type":"way","osm_id":1533008921,"iso_country":"BG","golf":"tee"}},{"type":"Feature","id":"way/1533008922","geometry":{"type":"Polygon","coordinates":[[[28.19901,43.40777],[28.19897,43.40762],[28.19933,43.40717],[28.19934,43.40701],[28.19946,43.4069],[28.19974,43.40685],[28.19973,43.40656],[28.20001,43.40627],[28.20021,43.4062],[28.20084,43.40632],[28.2009,43.4064],[28.20078,43.40652],[28.20042,43.40641],[28.20019,43.40646],[28.20002,43.40689],[28.19979,43.40705],[28.19976,43.4073],[28.19922,43.40774],[28.19901,43.40777]]]},"properties":{"osm_type":"way","osm_id":1533008922,"iso_country":"BG","golf":"fairway"}},{"type":"Feature","id":"way/1533008923","geometry":{"type":"Polygon","coordinates":[[[28.19958,43.40686],[28.19958,43.40683],[28.19961,43.40682],[28.19961,43.40677],[28.19966,43.40676],[28.1997,43.40678],[28.1997,43.40681],[28.19967,43.40683],[28.19965,43.40684],[28.19962,43.40686],[28.19958,43.40686]]]},"properties":{"osm_type":"way","osm_id":1533008923,"iso_country":"BG","golf":"bunker"}},{"type":"Feature","id":"way/1533008924","geometry":{"type":"Polygon","coordinates":[[[28.2006,43.40663],[28.20056,43.40662],[28.20056,43.40658],[28.20056,43.40655],[28.20054,43.40654],[28.20052,43.40651],[28.20056,43.40649],[28.20063,43.40652],[28.20067,43.40656],[28.20067,43.40661],[28.2006,43.40663]]]},"properties":{"osm_type":"way","osm_id":1533008924,"iso_country":"BG","golf":"bunker"}},{"type":"Feature","id":"way/1533008925","geometry":{"type":"Polygon","coordinates":[[[28.2005,43.40626],[28.20053,43.40617],[28.20085,43.40621],[28.20084,43.40628],[28.2005,43.40626]]]},"properties":{"osm_type":"way","osm_id":1533008925,"iso_country":"BG","golf":"bunker"}},{"type":"Feature","id":"way/1533008926","geometry":{"type":"Polygon","coordinates":[[[28.2005,43.40645],[28.20047,43.40636],[28.20049,43.4063],[28.20054,43.40628],[28.20057,43.40628],[28.20073,43.40628],[28.20084,43.40632],[28.2009,43.4064],[28.20087,43.40649],[28.20078,43.40652],[28.20067,43.40651],[28.20058,43.40649],[28.2005,43.40645]]]},"properties":{"osm_type":"way","osm_id":1533008926,"iso_country":"BG","golf":"green"}},{"type":"Feature","id":"way/1533008928","geometry":{"type":"Polygon","coordinates":[[[28.20072,43.40699],[28.20072,43.40692],[28.20086,43.40691],[28.20087,43.40696],[28.20072,43.40699]]]},"properties":{"osm_type":"way","osm_id":1533008928,"iso_country":"BG","golf":"tee"}},{"type":"Feature","id":"way/1533008929","geometry":{"type":"Polygon","coordinates":[[[28.20104,43.40702],[28.20101,43.40695],[28.20126,43.40688],[28.20129,43.40695],[28.20104,43.40702]]]},"properties":{"osm_type":"way","osm_id":1533008929,"iso_country":"BG","golf":"tee"}},{"type":"Feature","id":"way/1533008930","geometry":{"type":"Polygon","coordinates":[[[28.20131,43.40675],[28.2013,43.40669],[28.20148,43.40668],[28.20148,43.40673],[28.20131,43.40675]]]},"properties":{"osm_type":"way","osm_id":1533008930,"iso_country":"BG","golf":"tee"}},{"type":"Feature","id":"way/1533008933","geometry":{"type":"Polygon","coordinates":[[[28.20205,43.40677],[28.20195,43.40671],[28.20203,43.40658],[28.20232,43.40662],[28.20248,43.40649],[28.20268,43.40675],[28.20205,43.40677]]]},"properties":{"osm_type":"way","osm_id":1533008933,"iso_country":"BG","golf":"fairway"}},{"type":"Feature","id":"way/1533008934","geometry":{"type":"Polygon","coordinates":[[[28.20238,43.4067],[28.20232,43.40667],[28.20232,43.40662],[28.20239,43.40658],[28.20241,43.40651],[28.20248,43.40649],[28.20256,43.40651],[28.20261,43.40658],[28.20267,43.40666],[28.20268,43.40675],[28.20262,43.40677],[28.20247,43.40674],[28.20238,43.4067]]]},"properties":{"osm_type":"way","osm_id":1533008934,"iso_country":"BG","golf":"green"}},{"type":"Feature","id":"way/1533008935","geometry":{"type":"Polygon","coordinates":[[[28.20232,43.40659],[28.20229,43.40659],[28.20228,43.40656],[28.20228,43.40654],[28.20229,43.40652],[28.20233,43.40652],[28.20237,43.40653],[28.20236,43.40655],[28.20232,43.40659]]]},"properties":{"osm_type":"way","osm_id":1533008935,"iso_country":"BG","golf":"bunker"}},{"type":"Feature","id":"way/1533008936","geometry":{"type":"Polygon","coordinates":[[[28.20235,43.40682],[28.20232,43.4068],[28.20232,43.40678],[28.20233,43.40675],[28.20237,43.40676],[28.20239,43.40678],[28.20237,43.40681],[28.20235,43.40682]]]},"properties":{"osm_type":"way","osm_id":1533008936,"iso_country":"BG","golf":"bunker"}},{"type":"Feature","id":"way/1533008937","geometry":{"type":"Polygon","coordinates":[[[28.20246,43.40685],[28.20242,43.40685],[28.20241,43.40684],[28.20243,43.40681],[28.20243,43.40679],[28.20244,43.40678],[28.20248,43.40678],[28.20251,43.4068],[28.20251,43.40683],[28.20249,43.40685],[28.20246,43.40685]]]},"properties":{"osm_type":"way","osm_id":1533008937,"iso_country":"BG","golf":"bunker"}},{"type":"Feature","id":"way/1533008941","geometry":{"type":"Polygon","coordinates":[[[28.20381,43.40714],[28.20387,43.4071],[28.20395,43.40721],[28.20389,43.40724],[28.20381,43.40714]]]},"properties":{"osm_type":"way","osm_id":1533008941,"iso_country":"BG","golf":"tee"}},{"type":"Feature","id":"way/1533008942","geometry":{"type":"Polygon","coordinates":[[[28.20399,43.40737],[28.20405,43.40734],[28.20413,43.40744],[28.20405,43.40747],[28.20399,43.40737]]]},"properties":{"osm_type":"way","osm_id":1533008942,"iso_country":"BG","golf":"tee"}},{"type":"Feature","id":"way/1533008943","geometry":{"type":"Polygon","coordinates":[[[28.20411,43.40755],[28.20418,43.40753],[28.20427,43.40764],[28.2042,43.40767],[28.20411,43.40755]]]},"properties":{"osm_type":"way","osm_id":1533008943,"iso_country":"BG","golf":"tee"}},{"type":"Feature","id":"way/1533008944","geometry":{"type":"Polygon","coordinates":[[[28.20431,43.40779],[28.20438,43.40777],[28.20446,43.40788],[28.20439,43.40791],[28.20431,43.40779]]]},"properties":{"osm_type":"way","osm_id":1533008944,"iso_country":"BG","golf":"tee"}},{"type":"Feature","id":"way/1533008945","geometry":{"type":"Polygon","coordinates":[[[28.20484,43.40837],[28.205,43.40838],[28.20541,43.40878],[28.20565,43.40916],[28.20568,43.40938],[28.20605,43.40971],[28.20601,43.41002],[28.20629,43.41009],[28.20629,43.41034],[28.20606,43.41039],[28.20596,43.41032],[28.20573,43.40972],[28.2052,43.40915],[28.20518,43.40895],[28.20491,43.40866],[28.20484,43.40837]]]},"properties":{"osm_type":"way","osm_id":1533008945,"iso_country":"BG","golf":"fairway"}},{"type":"Feature","id":"way/1533008946","geometry":{"type":"Polygon","coordinates":[[[28.20606,43.40994],[28.20609,43.40994],[28.20613,43.40994],[28.20616,43.40996],[28.20617,43.40998],[28.20616,43.41],[28.20614,43.41],[28.2061,43.41],[28.20607,43.41],[28.20605,43.40998],[28.20606,43.40994]]]},"properties":{"osm_type":"way","osm_id":1533008946,"iso_country":"BG","golf":"bunker"}},{"type":"Feature","id":"way/1533008947","geometry":{"type":"Polygon","coordinates":[[[28.20628,43.41005],[28.20625,43.41004],[28.20624,43.41001],[28.20623,43.40996],[28.20626,43.40994],[28.20631,43.40996],[28.20635,43.40998],[28.20634,43.41001],[28.20632,43.41003],[28.20628,43.41005]]]},"properties":{"osm_type":"way","osm_id":1533008947,"iso_country":"BG","golf":"bunker"}},{"type":"Feature","id":"way/1533008948","geometry":{"type":"Polygon","coordinates":[[[28.20638,43.41016],[28.20635,43.41016],[28.20633,43.41014],[28.20633,43.41011],[28.20634,43.41008],[28.20638,43.41007],[28.20643,43.41007],[28.20646,43.41008],[28.20646,43.41012],[28.20643,43.41014],[28.2064,43.41015],[28.20638,43.41016]]]},"properties":{"osm_type":"way","osm_id":1533008948,"iso_country":"BG","golf":"bunker"}},{"type":"Feature","id":"way/1533008949","geometry":{"type":"Polygon","coordinates":[[[28.20596,43.41032],[28.20607,43.41006],[28.20629,43.41009],[28.20629,43.41034],[28.20606,43.41039],[28.20596,43.41032]]]},"properties":{"osm_type":"way","osm_id":1533008949,"iso_country":"BG","golf":"green"}},{"type":"Feature","id":"way/1533008950","geometry":{"type":"Polygon","coordinates":[[[28.20599,43.41087],[28.20607,43.41088],[28.20604,43.411],[28.20596,43.411],[28.20599,43.41087]]]},"properties":{"osm_type":"way","osm_id":1533008950,"iso_country":"BG","golf":"tee"}},{"type":"Feature","id":"way/1533008951","geometry":{"type":"Polygon","coordinates":[[[28.20609,43.41115],[28.20618,43.41116],[28.20615,43.41128],[28.20605,43.41128],[28.20609,43.41115]]]},"properties":{"osm_type":"way","osm_id":1533008951,"iso_country":"BG","golf":"tee"}},{"type":"Feature","id":"way/1533008952","geometry":{"type":"Polygon","coordinates":[[[28.20605,43.41132],[28.20614,43.41133],[28.20611,43.41146],[28.20601,43.41145],[28.20605,43.41132]]]},"properties":{"osm_type":"way","osm_id":1533008952,"iso_country":"BG","golf":"tee"}},{"type":"Feature","id":"way/1533008953","geometry":{"type":"Polygon","coordinates":[[[28.20568,43.41144],[28.20577,43.41144],[28.20575,43.41156],[28.20566,43.41156],[28.20568,43.41144]]]},"properties":{"osm_type":"way","osm_id":1533008953,"iso_country":"BG","golf":"tee"}},{"type":"Feature","id":"way/1533008954","geometry":{"type":"Polygon","coordinates":[[[28.20575,43.41197],[28.20598,43.41199],[28.206,43.41207],[28.20578,43.41264],[28.20583,43.41283],[28.2054,43.41319],[28.20562,43.41333],[28.20602,43.41303],[28.20625,43.41306],[28.20614,43.41346],[28.2065,43.41387],[28.20635,43.41402],[28.20635,43.41429],[28.20614,43.4144],[28.2059,43.41432],[28.20627,43.41401],[28.20628,43.41374],[28.20572,43.41366],[28.20562,43.4134],[28.2052,43.41315],[28.20549,43.41264],[28.20549,43.4124],[28.2056,43.4123],[28.20562,43.41209],[28.20575,43.41197]]]},"properties":{"osm_type":"way","osm_id":1533008954,"iso_country":"BG","golf":"fairway"}},{"type":"Feature","id":"way/1533008955","geometry":{"type":"Polygon","coordinates":[[[28.20542,43.41267],[28.2054,43.41267],[28.20539,43.41264],[28.2054,43.41261],[28.20543,43.41259],[28.20546,43.41261],[28.20546,43.41262],[28.20544,43.41264],[28.20544,43.41266],[28.20542,43.41267]]]},"properties":{"osm_type":"way","osm_id":1533008955,"iso_country":"BG","golf":"bunker"}},{"type":"Feature","id":"way/1533008956","geometry":{"type":"Polygon","coordinates":[[[28.20585,43.41288],[28.20598,43.41294],[28.20582,43.41301],[28.20577,43.41291],[28.20585,43.41288]]]},"properties":{"osm_type":"way","osm_id":1533008956,"iso_country":"BG","golf":"bunker"}},{"type":"Feature","id":"way/1533008957","geometry":{"type":"Polygon","coordinates":[[[28.20572,43.41318],[28.20568,43.41317],[28.20567,43.41314],[28.20567,43.41309],[28.20571,43.41307],[28.20575,43.41309],[28.20575,43.41314],[28.20575,43.41317],[28.20572,43.41318]]]},"properties":{"osm_type":"way","osm_id":1533008957,"iso_country":"BG","golf":"bunker"}},{"type":"Feature","id":"way/1533008958","geometry":{"type":"Polygon","coordinates":[[[28.20557,43.41325],[28.20553,43.41323],[28.20552,43.4132],[28.20553,43.41317],[28.20556,43.41316],[28.2056,43.41319],[28.20563,43.41321],[28.20565,43.41323],[28.20563,43.41325],[28.20557,43.41325]]]},"properties":{"osm_type":"way","osm_id":1533008958,"iso_country":"BG","golf":"bunker"}},{"type":"Feature","id":"way/1533008959","geometry":{"type":"Polygon","coordinates":[[[28.20613,43.41377],[28.20611,43.41375],[28.20612,43.41373],[28.20617,43.41373],[28.2062,43.41375],[28.20622,43.41378],[28.20621,43.41381],[28.20617,43.41383],[28.2061,43.41383],[28.20608,43.41381],[28.20609,43.41379],[28.20612,43.41379],[28.20613,43.41378],[28.20613,43.41377]]]},"properties":{"osm_type":"way","osm_id":1533008959,"iso_country":"BG","golf":"bunker"}},{"type":"Feature","id":"way/1533008960","geometry":{"type":"Polygon","coordinates":[[[28.20608,43.41404],[28.20605,43.41403],[28.20604,43.41399],[28.20602,43.41395],[28.20604,43.41392],[28.20609,43.41393],[28.20613,43.41396],[28.20613,43.414],[28.20611,43.41402],[28.20608,43.41404]]]},"properties":{"osm_type":"way","osm_id":1533008960,"iso_country":"BG","golf":"bunker"}},{"type":"Feature","id":"way/1533008961","geometry":{"type":"Polygon","coordinates":[[[28.20594,43.41402],[28.2059,43.41402],[28.20588,43.414],[28.20588,43.41397],[28.20587,43.41394],[28.20589,43.41392],[28.20593,43.41392],[28.20597,43.41394],[28.20598,43.41398],[28.20598,43.41402],[28.20597,43.41403],[28.20594,43.41402]]]},"properties":{"osm_type":"way","osm_id":1533008961,"iso_country":"BG","golf":"bunker"}},{"type":"Feature","id":"way/1533008962","geometry":{"type":"Polygon","coordinates":[[[28.20587,43.41414],[28.20586,43.41412],[28.20586,43.41409],[28.20588,43.41409],[28.20592,43.41409],[28.20599,43.41409],[28.20602,43.41413],[28.20601,43.41416],[28.20597,43.41418],[28.20592,43.41417],[28.20589,43.41416],[28.20587,43.41414]]]},"properties":{"osm_type":"way","osm_id":1533008962,"iso_country":"BG","golf":"bunker"}},{"type":"Feature","id":"way/1533008963","geometry":{"type":"Polygon","coordinates":[[[28.20609,43.4141],[28.2064,43.4142],[28.20626,43.41437],[28.20601,43.41438],[28.2059,43.41432],[28.20609,43.4141]]]},"properties":{"osm_type":"way","osm_id":1533008963,"iso_country":"BG","golf":"green"}},{"type":"Feature","id":"way/1533008964","geometry":{"type":"Polygon","coordinates":[[[28.20634,43.41479],[28.20634,43.41473],[28.2065,43.41472],[28.2065,43.41478],[28.20634,43.41479]]]},"properties":{"osm_type":"way","osm_id":1533008964,"iso_country":"BG","golf":"tee"}},{"type":"Feature","id":"way/1533008965","geometry":{"type":"Polygon","coordinates":[[[28.20662,43.41478],[28.20661,43.4147],[28.20688,43.41468],[28.20689,43.41476],[28.20662,43.41478]]]},"properties":{"osm_type":"way","osm_id":1533008965,"iso_country":"BG","golf":"tee"}},{"type":"Feature","id":"way/1533008966","geometry":{"type":"Polygon","coordinates":[[[28.20698,43.41471],[28.20698,43.41463],[28.20714,43.41462],[28.20714,43.4147],[28.20698,43.41471]]]},"properties":{"osm_type":"way","osm_id":1533008966,"iso_country":"BG","golf":"tee"}},{"type":"Feature","id":"way/1533008967","geometry":{"type":"Polygon","coordinates":[[[28.2082,43.4146],[28.20809,43.41454],[28.20816,43.41445],[28.20875,43.4144],[28.20896,43.4145],[28.20903,43.41469],[28.20883,43.41478],[28.20851,43.41456],[28.2082,43.4146]]]},"properties":{"osm_type":"way","osm_id":1533008967,"iso_country":"BG","golf":"fairway"}},{"type":"Feature","id":"way/1533008968","geometry":{"type":"Polygon","coordinates":[[[28.20851,43.41456],[28.20859,43.4144],[28.20888,43.41443],[28.20903,43.41469],[28.20883,43.41478],[28.20851,43.41456]]]},"properties":{"osm_type":"way","osm_id":1533008968,"iso_country":"BG","golf":"green"}},{"type":"Feature","id":"way/1533008969","geometry":{"type":"Polygon","coordinates":[[[28.20836,43.41463],[28.20832,43.41462],[28.20833,43.41458],[28.20838,43.41458],[28.20844,43.41456],[28.20847,43.41458],[28.20853,43.41459],[28.20855,43.41461],[28.20853,43.41463],[28.20846,43.41463],[28.20842,43.41463],[28.2084,43.41461],[28.20836,43.41463]]]},"properties":{"osm_type":"way","osm_id":1533008969,"iso_country":"BG","golf":"bunker"}},{"type":"Feature","id":"way/1533008970","geometry":{"type":"Polygon","coordinates":[[[28.20855,43.41471],[28.20853,43.41469],[28.20855,43.41465],[28.20859,43.41465],[28.20859,43.41468],[28.20855,43.41471]]]},"properties":{"osm_type":"way","osm_id":1533008970,"iso_country":"BG","golf":"bunker"}},{"type":"Feature","id":"way/1533008971","geometry":{"type":"Polygon","coordinates":[[[28.20863,43.41479],[28.20859,43.41479],[28.20859,43.41476],[28.20863,43.41474],[28.20866,43.41471],[28.20869,43.41474],[28.20867,43.41477],[28.20863,43.41479]]]},"properties":{"osm_type":"way","osm_id":1533008971,"iso_country":"BG","golf":"bunker"}},{"type":"Feature","id":"way/1533008972","geometry":{"type":"Polygon","coordinates":[[[28.20971,43.41495],[28.20969,43.41485],[28.20977,43.41484],[28.2098,43.41494],[28.20971,43.41495]]]},"properties":{"osm_type":"way","osm_id":1533008972,"iso_country":"BG","golf":"tee"}},{"type":"Feature","id":"way/1533008973","geometry":{"type":"Polygon","coordinates":[[[28.20975,43.41467],[28.20972,43.41457],[28.20981,43.41455],[28.20984,43.41467],[28.20975,43.41467]]]},"properties":{"osm_type":"way","osm_id":1533008973,"iso_country":"BG","golf":"tee"}},{"type":"Feature","id":"way/1533008974","geometry":{"type":"Polygon","coordinates":[[[28.20967,43.41446],[28.20962,43.41434],[28.20971,43.41432],[28.20977,43.41444],[28.20967,43.41446]]]},"properties":{"osm_type":"way","osm_id":1533008974,"iso_country":"BG","golf":"tee"}},{"type":"Feature","id":"way/1533008975","geometry":{"type":"Polygon","coordinates":[[[28.20921,43.41431],[28.20919,43.41419],[28.2093,43.41418],[28.20933,43.41431],[28.20921,43.41431]]]},"properties":{"osm_type":"way","osm_id":1533008975,"iso_country":"BG","golf":"tee"}},{"type":"Feature","id":"way/1533008977","geometry":{"type":"Polygon","coordinates":[[[28.20934,43.41383],[28.20914,43.41374],[28.20912,43.41351],[28.20891,43.41338],[28.20887,43.41322],[28.209,43.41307],[28.20871,43.4125],[28.20879,43.41221],[28.20875,43.41159],[28.20903,43.41133],[28.20811,43.4108],[28.20817,43.4106],[28.20831,43.41054],[28.20867,43.41056],[28.20877,43.41083],[28.20921,43.41103],[28.20933,43.41127],[28.20916,43.41156],[28.20931,43.41191],[28.20927,43.41214],[28.20906,43.41242],[28.20907,43.41256],[28.20923,43.41267],[28.20922,43.41289],[28.20937,43.41306],[28.20952,43.4135],[28.2095,43.41379],[28.20934,43.41383]]]},"properties":{"osm_type":"way","osm_id":1533008977,"iso_country":"BG","golf":"fairway"}},{"type":"Feature","id":"way/1533008978","geometry":{"type":"Polygon","coordinates":[[[28.20914,43.41257],[28.2091,43.41255],[28.20908,43.41251],[28.20912,43.41249],[28.20916,43.41253],[28.20916,43.41256],[28.20914,43.41257]]]},"properties":{"osm_type":"way","osm_id":1533008978,"iso_country":"BG","golf":"bunker"}},{"type":"Feature","id":"way/1533008979","geometry":{"type":"Polygon","coordinates":[[[28.20923,43.41251],[28.20919,43.4125],[28.20916,43.41246],[28.20913,43.41244],[28.20915,43.4124],[28.2092,43.4124],[28.20925,43.41244],[28.20928,43.41248],[28.20926,43.41251],[28.20923,43.41251]]]},"properties":{"osm_type":"way","osm_id":1533008979,"iso_country":"BG","golf":"bunker"}},{"type":"Feature","id":"way/1533008980","geometry":{"type":"Polygon","coordinates":[[[28.20889,43.41139],[28.20885,43.41138],[28.20885,43.41134],[28.2089,43.41131],[28.20895,43.41133],[28.20896,43.41137],[28.20893,43.41139],[28.20889,43.41139]]]},"properties":{"osm_type":"way","osm_id":1533008980,"iso_country":"BG","golf":"bunker"}},{"type":"Feature","id":"way/1533008981","geometry":{"type":"Polygon","coordinates":[[[28.20883,43.41129],[28.2088,43.41128],[28.20878,43.41124],[28.20878,43.41121],[28.20883,43.41121],[28.20887,43.41123],[28.20886,43.41128],[28.20885,43.41129],[28.20883,43.41129]]]},"properties":{"osm_type":"way","osm_id":1533008981,"iso_country":"BG","golf":"bunker"}},{"type":"Feature","id":"way/1533008982","geometry":{"type":"Polygon","coordinates":[[[28.2085,43.41088],[28.20846,43.41087],[28.20846,43.41081],[28.20851,43.41079],[28.20855,43.41081],[28.20856,43.41085],[28.20853,43.41087],[28.2085,43.41088]]]},"properties":{"osm_type":"way","osm_id":1533008982,"iso_country":"BG","golf":"bunker"}},{"type":"Feature","id":"way/1533008983","geometry":{"type":"Polygon","coordinates":[[[28.20832,43.41084],[28.20822,43.41082],[28.20817,43.41073],[28.20821,43.41065],[28.20832,43.41058],[28.20847,43.41054],[28.20865,43.41059],[28.20868,43.41066],[28.20866,43.41072],[28.20857,43.41075],[28.20847,43.41077],[28.20837,43.41079],[28.20832,43.41084]]]},"properties":{"osm_type":"way","osm_id":1533008983,"iso_country":"BG","golf":"green"}},{"type":"Feature","id":"way/1533013730","geometry":{"type":"Polygon","coordinates":[[[28.20715,43.41055],[28.20709,43.41044],[28.20718,43.41041],[28.20726,43.41051],[28.20716,43.41055],[28.20715,43.41055]]]},"properties":{"osm_type":"way","osm_id":1533013730,"iso_country":"BG","golf":"tee"}},{"type":"Feature","id":"way/1533013731","geometry":{"type":"Polygon","coordinates":[[[28.20709,43.41035],[28.20697,43.41017],[28.20706,43.41012],[28.20719,43.41032],[28.20709,43.41035]]]},"properties":{"osm_type":"way","osm_id":1533013731,"iso_country":"BG","golf":"tee"}},{"type":"Feature","id":"way/1533013732","geometry":{"type":"Polygon","coordinates":[[[28.20703,43.41003],[28.20692,43.40993],[28.20699,43.4099],[28.2071,43.41001],[28.20703,43.41003]]]},"properties":{"osm_type":"way","osm_id":1533013732,"iso_country":"BG","golf":"tee"}},{"type":"Feature","id":"way/1533013733","geometry":{"type":"Polygon","coordinates":[[[28.20651,43.40957],[28.20633,43.40949],[28.20615,43.40914],[28.20594,43.40898],[28.20587,43.40868],[28.20558,43.40848],[28.20574,43.40827],[28.2057,43.40801],[28.20578,43.40792],[28.20603,43.40785],[28.2062,43.40799],[28.20628,43.40819],[28.20603,43.40853],[28.20666,43.40941],[28.20662,43.40957],[28.20651,43.40957]]]},"properties":{"osm_type":"way","osm_id":1533013733,"iso_country":"BG","golf":"fairway"}},{"type":"Feature","id":"way/1533013734","geometry":{"type":"Polygon","coordinates":[[[28.20582,43.40882],[28.20578,43.40878],[28.20576,43.40875],[28.20579,43.40872],[28.20583,43.40873],[28.20586,43.40878],[28.20586,43.40881],[28.20582,43.40882]]]},"properties":{"osm_type":"way","osm_id":1533013734,"iso_country":"BG","golf":"bunker"}},{"type":"Feature","id":"way/1533013735","geometry":{"type":"Polygon","coordinates":[[[28.20566,43.40871],[28.20563,43.4087],[28.20561,43.40867],[28.20563,43.40865],[28.20568,43.40865],[28.2057,43.40867],[28.20571,43.40869],[28.20569,43.40871],[28.20566,43.40871]]]},"properties":{"osm_type":"way","osm_id":1533013735,"iso_country":"BG","golf":"bunker"}},{"type":"Feature","id":"way/1533013736","geometry":{"type":"Polygon","coordinates":[[[28.20634,43.40889],[28.20632,43.40887],[28.20631,43.40883],[28.20634,43.4088],[28.20638,43.40882],[28.20639,43.40886],[28.20638,43.40888],[28.20634,43.40889]]]},"properties":{"osm_type":"way","osm_id":1533013736,"iso_country":"BG","golf":"bunker"}},{"type":"Feature","id":"way/1533013737","geometry":{"type":"Polygon","coordinates":[[[28.20592,43.40826],[28.20593,43.40815],[28.20609,43.40815],[28.20592,43.40826]]]},"properties":{"osm_type":"way","osm_id":1533013737,"iso_country":"BG","golf":"bunker"}},{"type":"Feature","id":"way/1533013738","geometry":{"type":"Polygon","coordinates":[[[28.20587,43.40811],[28.20571,43.40811],[28.20578,43.40792],[28.20603,43.40785],[28.2062,43.40799],[28.20587,43.40811]]]},"properties":{"osm_type":"way","osm_id":1533013738,"iso_country":"BG","golf":"green"}},{"type":"Feature","id":"way/1533013739","geometry":{"type":"Polygon","coordinates":[[[28.20625,43.40795],[28.20622,43.40795],[28.20621,43.40792],[28.20619,43.40789],[28.20616,43.40787],[28.20616,43.40785],[28.20619,43.40784],[28.20626,43.40787],[28.2063,43.4079],[28.20627,43.40791],[28.20625,43.40795]]]},"properties":{"osm_type":"way","osm_id":1533013739,"iso_country":"BG","golf":"bunker"}},{"type":"Feature","id":"way/1533013741","geometry":{"type":"Polygon","coordinates":[[[28.20675,43.40761],[28.20677,43.40755],[28.20693,43.40757],[28.20692,43.40764],[28.20675,43.40761]]]},"properties":{"osm_type":"way","osm_id":1533013741,"iso_country":"BG","golf":"tee"}},{"type":"Feature","id":"way/1533013742","geometry":{"type":"Polygon","coordinates":[[[28.2064,43.40754],[28.20641,43.40747],[28.20666,43.40751],[28.20665,43.40758],[28.2064,43.40754]]]},"properties":{"osm_type":"way","osm_id":1533013742,"iso_country":"BG","golf":"tee"}},{"type":"Feature","id":"way/1533013743","geometry":{"type":"Polygon","coordinates":[[[28.20617,43.40736],[28.20617,43.40729],[28.20633,43.4073],[28.20633,43.40737],[28.20617,43.40736]]]},"properties":{"osm_type":"way","osm_id":1533013743,"iso_country":"BG","golf":"tee"}},{"type":"Feature","id":"way/1533013744","geometry":{"type":"Polygon","coordinates":[[[28.20533,43.40727],[28.20496,43.40724],[28.20463,43.40735],[28.20448,43.40726],[28.20468,43.40708],[28.20508,43.40712],[28.20533,43.40727]]]},"properties":{"osm_type":"way","osm_id":1533013744,"iso_country":"BG","golf":"fairway"}},{"type":"Feature","id":"way/1533013745","geometry":{"type":"Polygon","coordinates":[[[28.20491,43.40736],[28.20487,43.40736],[28.20485,43.40734],[28.20487,43.40731],[28.20491,43.40731],[28.20495,43.40733],[28.20498,43.40732],[28.20499,43.4073],[28.205,43.40727],[28.20504,43.40727],[28.20506,43.40728],[28.20506,43.40731],[28.20504,43.40733],[28.20503,43.40735],[28.20501,43.40736],[28.20498,43.40737],[28.20496,43.40738],[28.20494,43.40738],[28.20491,43.40736]]]},"properties":{"osm_type":"way","osm_id":1533013745,"iso_country":"BG","golf":"bunker"}},{"type":"Feature","id":"way/1533013746","geometry":{"type":"Polygon","coordinates":[[[28.20487,43.4071],[28.20485,43.40707],[28.20483,43.40705],[28.20484,43.40702],[28.20488,43.40702],[28.20493,43.40704],[28.20493,43.40707],[28.2049,43.4071],[28.20487,43.4071]]]},"properties":{"osm_type":"way","osm_id":1533013746,"iso_country":"BG","golf":"bunker"}},{"type":"Feature","id":"way/1533013747","geometry":{"type":"Polygon","coordinates":[[[28.20487,43.4071],[28.2049,43.40716],[28.2049,43.40722],[28.20488,43.40727],[28.20475,43.40732],[28.20463,43.40735],[28.20453,43.40732],[28.20448,43.40726],[28.20449,43.40718],[28.20458,43.4071],[28.20468,43.40708],[28.20478,43.40708],[28.20487,43.4071]]]},"properties":{"osm_type":"way","osm_id":1533013747,"iso_country":"BG","golf":"green"}},{"type":"Feature","id":"way/1533013751","geometry":{"type":"Polygon","coordinates":[[[28.20372,43.40699],[28.20377,43.40704],[28.20366,43.4071],[28.20361,43.40706],[28.20372,43.40699]]]},"properties":{"osm_type":"way","osm_id":1533013751,"iso_country":"BG","golf":"tee"}},{"type":"Feature","id":"way/1533013752","geometry":{"type":"Polygon","coordinates":[[[28.20349,43.40713],[28.20354,43.40718],[28.20332,43.40733],[28.20326,43.40728],[28.20349,43.40713]]]},"properties":{"osm_type":"way","osm_id":1533013752,"iso_country":"BG","golf":"tee"}},{"type":"Feature","id":"way/1533013753","geometry":{"type":"Polygon","coordinates":[[[28.20314,43.40735],[28.2032,43.4074],[28.20307,43.40748],[28.203,43.40743],[28.20314,43.40735]]]},"properties":{"osm_type":"way","osm_id":1533013753,"iso_country":"BG","golf":"tee"}},{"type":"Feature","id":"way/1533013754","geometry":{"type":"Polygon","coordinates":[[[28.20252,43.40773],[28.20258,43.4078],[28.20204,43.40817],[28.20193,43.40839],[28.20154,43.40859],[28.2011,43.40923],[28.20079,43.40938],[28.20082,43.40965],[28.20057,43.40962],[28.20048,43.4094],[28.20095,43.40889],[28.20117,43.40845],[28.20252,43.40773]]]},"properties":{"osm_type":"way","osm_id":1533013754,"iso_country":"BG","golf":"fairway"}},{"type":"Feature","id":"way/1533013755","geometry":{"type":"Polygon","coordinates":[[[28.20166,43.40863],[28.20163,43.40863],[28.20161,43.40862],[28.20162,43.40858],[28.20164,43.40855],[28.20169,43.40855],[28.20172,43.40856],[28.20171,43.4086],[28.20166,43.40863]]]},"properties":{"osm_type":"way","osm_id":1533013755,"iso_country":"BG","golf":"bunker"}},{"type":"Feature","id":"way/1533013756","geometry":{"type":"Polygon","coordinates":[[[28.20155,43.40885],[28.20152,43.40884],[28.2015,43.40881],[28.2015,43.40877],[28.2015,43.40873],[28.20153,43.40873],[28.20156,43.40874],[28.20156,43.40877],[28.20159,43.4088],[28.20159,43.40883],[28.20158,43.40885],[28.20155,43.40885]]]},"properties":{"osm_type":"way","osm_id":1533013756,"iso_country":"BG","golf":"bunker"}},{"type":"Feature","id":"way/1533013757","geometry":{"type":"Polygon","coordinates":[[[28.20051,43.40934],[28.2008,43.40942],[28.20082,43.40965],[28.20057,43.40962],[28.20048,43.40948],[28.20051,43.40934]]]},"properties":{"osm_type":"way","osm_id":1533013757,"iso_country":"BG","golf":"green"}},{"type":"Feature","id":"way/1533013758","geometry":{"type":"Polygon","coordinates":[[[28.19996,43.40988],[28.20003,43.4099],[28.19996,43.41001],[28.19989,43.40999],[28.19996,43.40988]]]},"properties":{"osm_type":"way","osm_id":1533013758,"iso_country":"BG","golf":"tee"}},{"type":"Feature","id":"way/1533013759","geometry":{"type":"Polygon","coordinates":[[[28.19973,43.41018],[28.19979,43.4102],[28.19971,43.41031],[28.19964,43.41029],[28.19973,43.41018]]]},"properties":{"osm_type":"way","osm_id":1533013759,"iso_country":"BG","golf":"tee"}},{"type":"Feature","id":"way/1533013760","geometry":{"type":"Polygon","coordinates":[[[28.19941,43.41033],[28.19948,43.41035],[28.19941,43.41047],[28.19934,43.41047],[28.19941,43.41033]]]},"properties":{"osm_type":"way","osm_id":1533013760,"iso_country":"BG","golf":"tee"}},{"type":"Feature","id":"way/1533013761","geometry":{"type":"Polygon","coordinates":[[[28.19929,43.41055],[28.19935,43.41057],[28.19929,43.41066],[28.19921,43.41064],[28.19929,43.41055]]]},"properties":{"osm_type":"way","osm_id":1533013761,"iso_country":"BG","golf":"tee"}},{"type":"Feature","id":"way/1533013763","geometry":{"type":"Polygon","coordinates":[[[28.19882,43.41101],[28.19898,43.41098],[28.19913,43.41108],[28.19906,43.41128],[28.19879,43.41147],[28.19888,43.41171],[28.19878,43.41195],[28.19883,43.41271],[28.19893,43.41293],[28.19886,43.41324],[28.1992,43.41366],[28.19959,43.41379],[28.19945,43.4139],[28.19917,43.41376],[28.19896,43.41376],[28.19857,43.41346],[28.19857,43.41314],[28.19844,43.41293],[28.19849,43.41273],[28.19835,43.41247],[28.1983,43.41165],[28.19866,43.41132],[28.19882,43.41101]]]},"properties":{"osm_type":"way","osm_id":1533013763,"iso_country":"BG","golf":"fairway"}},{"type":"Feature","id":"way/1533013764","geometry":{"type":"Polygon","coordinates":[[[28.19883,43.41148],[28.19883,43.41145],[28.19886,43.41145],[28.19888,43.41148],[28.19888,43.41152],[28.19885,43.41154],[28.19882,43.41155],[28.19881,43.41154],[28.19881,43.41151],[28.19883,43.4115],[28.19883,43.41148]]]},"properties":{"osm_type":"way","osm_id":1533013764,"iso_country":"BG","golf":"bunker"}},{"type":"Feature","id":"way/1533013765","geometry":{"type":"Polygon","coordinates":[[[28.19896,43.41148],[28.19893,43.41148],[28.19892,43.41144],[28.19892,43.41143],[28.19894,43.41142],[28.19896,43.41142],[28.19898,43.41145],[28.19898,43.41147],[28.19896,43.41148]]]},"properties":{"osm_type":"way","osm_id":1533013765,"iso_country":"BG","golf":"bunker"}},{"type":"Feature","id":"way/1533013766","geometry":{"type":"Polygon","coordinates":[[[28.19821,43.41194],[28.19824,43.4119],[28.19825,43.41186],[28.19828,43.41184],[28.1983,43.41185],[28.1983,43.41189],[28.19829,43.41193],[28.19829,43.41196],[28.19827,43.41198],[28.19823,43.41198],[28.19821,43.41194]]]},"properties":{"osm_type":"way","osm_id":1533013766,"iso_country":"BG","golf":"bunker"}},{"type":"Feature","id":"way/1533013767","geometry":{"type":"Polygon","coordinates":[[[28.19868,43.41365],[28.19863,43.41362],[28.19862,43.41359],[28.19865,43.41355],[28.19871,43.41359],[28.19872,43.41364],[28.19868,43.41365]]]},"properties":{"osm_type":"way","osm_id":1533013767,"iso_country":"BG","golf":"bunker"}},{"type":"Feature","id":"way/1533013768","geometry":{"type":"Polygon","coordinates":[[[28.19874,43.41371],[28.1987,43.41371],[28.19867,43.41369],[28.19869,43.41367],[28.19876,43.41366],[28.19878,43.41369],[28.19874,43.41371]]]},"properties":{"osm_type":"way","osm_id":1533013768,"iso_country":"BG","golf":"bunker"}},{"type":"Feature","id":"way/1533013769","geometry":{"type":"Polygon","coordinates":[[[28.19904,43.41389],[28.199,43.41384],[28.19902,43.41381],[28.19907,43.41382],[28.1991,43.41386],[28.19908,43.41389],[28.19904,43.41389]]]},"properties":{"osm_type":"way","osm_id":1533013769,"iso_country":"BG","golf":"bunker"}},{"type":"Feature","id":"way/1533013770","geometry":{"type":"Polygon","coordinates":[[[28.20026,43.41415],[28.20024,43.41402],[28.20035,43.41401],[28.20036,43.41415],[28.20026,43.41415]]]},"properties":{"osm_type":"way","osm_id":1533013770,"iso_country":"BG","golf":"tee"}},{"type":"Feature","id":"way/1533013771","geometry":{"type":"Polygon","coordinates":[[[28.20088,43.41313],[28.20094,43.41303],[28.20107,43.41306],[28.201,43.41318],[28.20088,43.41313]]]},"properties":{"osm_type":"way","osm_id":1533013771,"iso_country":"BG","golf":"tee"}},{"type":"Feature","id":"way/1533013772","geometry":{"type":"Polygon","coordinates":[[[28.20093,43.41284],[28.201,43.41273],[28.20113,43.41276],[28.20105,43.41288],[28.20093,43.41284]]]},"properties":{"osm_type":"way","osm_id":1533013772,"iso_country":"BG","golf":"tee"}},{"type":"Feature","id":"way/1533013773","geometry":{"type":"Polygon","coordinates":[[[28.201,43.41262],[28.20108,43.4125],[28.20116,43.41254],[28.2011,43.41265],[28.201,43.41262]]]},"properties":{"osm_type":"way","osm_id":1533013773,"iso_country":"BG","golf":"tee"}},{"type":"Feature","id":"way/1533013774","geometry":{"type":"Polygon","coordinates":[[[28.20121,43.41234],[28.20129,43.41223],[28.20138,43.41226],[28.20129,43.41238],[28.20121,43.41234]]]},"properties":{"osm_type":"way","osm_id":1533013774,"iso_country":"BG","golf":"tee"}},{"type":"Feature","id":"way/1533013775","geometry":{"type":"Polygon","coordinates":[[[28.20174,43.41201],[28.20166,43.41185],[28.20191,43.41147],[28.20205,43.41096],[28.20239,43.4108],[28.20265,43.41051],[28.20341,43.41033],[28.20362,43.40985],[28.20397,43.40994],[28.20398,43.41004],[28.20371,43.41012],[28.20365,43.41047],[28.20294,43.4108],[28.20282,43.41102],[28.20232,43.41115],[28.20232,43.41157],[28.202,43.41191],[28.20174,43.41201]]]},"properties":{"osm_type":"way","osm_id":1533013775,"iso_country":"BG","golf":"fairway"}},{"type":"Feature","id":"way/1533013776","geometry":{"type":"Polygon","coordinates":[[[28.2024,43.4114],[28.20234,43.4114],[28.20235,43.41136],[28.20234,43.41133],[28.20235,43.4113],[28.2024,43.41131],[28.20241,43.41133],[28.20242,43.41135],[28.20243,43.41138],[28.2024,43.4114]]]},"properties":{"osm_type":"way","osm_id":1533013776,"iso_country":"BG","golf":"bunker"}},{"type":"Feature","id":"way/1533013777","geometry":{"type":"Polygon","coordinates":[[[28.20242,43.41121],[28.20239,43.4112],[28.20239,43.41116],[28.20244,43.41114],[28.2025,43.41114],[28.20252,43.41117],[28.20248,43.4112],[28.20242,43.41121]]]},"properties":{"osm_type":"way","osm_id":1533013777,"iso_country":"BG","golf":"bunker"}},{"type":"Feature","id":"way/1533013778","geometry":{"type":"Polygon","coordinates":[[[28.20336,43.41032],[28.20332,43.41031],[28.20334,43.41027],[28.20331,43.41025],[28.20333,43.41022],[28.2034,43.41019],[28.20344,43.4102],[28.20344,43.41022],[28.2034,43.41024],[28.20337,43.41025],[28.20337,43.41027],[28.20341,43.41029],[28.20341,43.41031],[28.20336,43.41032]]]},"properties":{"osm_type":"way","osm_id":1533013778,"iso_country":"BG","golf":"bunker"}},{"type":"Feature","id":"way/1533013779","geometry":{"type":"Polygon","coordinates":[[[28.20347,43.40998],[28.20344,43.40994],[28.20344,43.4099],[28.20346,43.40988],[28.2035,43.40989],[28.20351,43.4099],[28.20354,43.4099],[28.20354,43.40996],[28.20351,43.40999],[28.20347,43.40998]]]},"properties":{"osm_type":"way","osm_id":1533013779,"iso_country":"BG","golf":"bunker"}},{"type":"Feature","id":"way/1533013780","geometry":{"type":"Polygon","coordinates":[[[28.20383,43.41015],[28.20379,43.41015],[28.20376,43.41015],[28.20374,43.41013],[28.20378,43.41011],[28.20384,43.41011],[28.2039,43.41012],[28.20391,43.41015],[28.2039,43.41019],[28.20386,43.41021],[28.20384,43.41019],[28.20385,43.41016],[28.20383,43.41015]]]},"properties":{"osm_type":"way","osm_id":1533013780,"iso_country":"BG","golf":"bunker"}},{"type":"Feature","id":"way/1533013781","geometry":{"type":"Polygon","coordinates":[[[28.2042,43.41065],[28.20434,43.41067],[28.20449,43.41072],[28.20453,43.41079],[28.20453,43.41089],[28.2045,43.41094],[28.2044,43.41096],[28.20432,43.41096],[28.20426,43.41089],[28.20419,43.4108],[28.20414,43.41072],[28.2042,43.41065]]]},"properties":{"osm_type":"way","osm_id":1533013781,"iso_country":"BG","golf":"green"}},{"type":"Feature","id":"way/1533013782","geometry":{"type":"Polygon","coordinates":[[[28.20519,43.41111],[28.20512,43.41106],[28.20506,43.41099],[28.20506,43.4109],[28.2051,43.41085],[28.20521,43.41084],[28.20532,43.41089],[28.2054,43.41099],[28.2054,43.41107],[28.20538,43.41112],[28.20529,43.41112],[28.20519,43.41111]]]},"properties":{"osm_type":"way","osm_id":1533013782,"iso_country":"BG","golf":"green"}},{"type":"Feature","id":"way/1533013783","geometry":{"type":"Polygon","coordinates":[[[28.205,43.41088],[28.20498,43.41078],[28.20519,43.4108],[28.20504,43.41078],[28.205,43.41088]]]},"properties":{"osm_type":"way","osm_id":1533013783,"iso_country":"BG","golf":"bunker"}},{"type":"Feature","id":"way/1533013784","geometry":{"type":"Polygon","coordinates":[[[28.20549,43.41099],[28.20543,43.41098],[28.20541,43.41094],[28.20541,43.41091],[28.20544,43.41089],[28.20547,43.41089],[28.20552,43.4109],[28.20554,43.41093],[28.20553,43.41097],[28.20549,43.41099]]]},"properties":{"osm_type":"way","osm_id":1533013784,"iso_country":"BG","golf":"bunker"}},{"type":"Feature","id":"way/1533014074","geometry":{"type":"Polygon","coordinates":[[[28.20526,43.41152],[28.20469,43.41257],[28.20469,43.41274],[28.20402,43.41365],[28.20357,43.41366],[28.20287,43.41342],[28.20295,43.41311],[28.20401,43.41126],[28.20429,43.41111],[28.20491,43.41122],[28.20529,43.41139],[28.20526,43.41152]]]},"properties":{"osm_type":"way","osm_id":1533014074,"iso_country":"BG","golf":"driving_range"}},{"type":"Feature","id":"way/1533851276","geometry":{"type":"Polygon","coordinates":[[[28.22858,43.41102],[28.22857,43.41096],[28.22869,43.41096],[28.22869,43.41102],[28.22858,43.41102]]]},"properties":{"osm_type":"way","osm_id":1533851276,"iso_country":"BG","golf":"tee"}},{"type":"Feature","id":"way/1533851277","geometry":{"type":"Polygon","coordinates":[[[28.22813,43.41113],[28.22813,43.41107],[28.22826,43.41106],[28.22826,43.41112],[28.22813,43.41113]]]},"properties":{"osm_type":"way","osm_id":1533851277,"iso_country":"BG","golf":"tee"}},{"type":"Feature","id":"way/1533851278","geometry":{"type":"Polygon","coordinates":[[[28.22775,43.41119],[28.22775,43.41114],[28.22779,43.41114],[28.22785,43.41114],[28.22785,43.41119],[28.22774,43.41119],[28.22775,43.41119]]]},"properties":{"osm_type":"way","osm_id":1533851278,"iso_country":"BG","golf":"tee"}},{"type":"Feature","id":"way/1533851279","geometry":{"type":"Polygon","coordinates":[[[28.22726,43.41128],[28.22726,43.41123],[28.2273,43.41123],[28.22735,43.41122],[28.22735,43.41128],[28.22726,43.41128]]]},"properties":{"osm_type":"way","osm_id":1533851279,"iso_country":"BG","golf":"tee"}},{"type":"Feature","id":"way/1533851280","geometry":{"type":"Polygon","coordinates":[[[28.2266,43.41118],[28.22658,43.41119],[28.22656,43.41119],[28.22656,43.41116],[28.22657,43.41115],[28.22661,43.41115],[28.22664,43.41113],[28.22667,43.41114],[28.22668,43.41117],[28.22668,43.4112],[28.22666,43.41121],[28.22663,43.41121],[28.22662,43.41121],[28.22662,43.41119],[28.22661,43.41118],[28.2266,43.41118]]]},"properties":{"osm_type":"way","osm_id":1533851280,"iso_country":"BG","golf":"bunker"}},{"type":"Feature","id":"way/1533851281","geometry":{"type":"Polygon","coordinates":[[[28.22603,43.41114],[28.22533,43.41107],[28.22589,43.41106],[28.22605,43.41107],[28.22603,43.41114]]]},"properties":{"osm_type":"way","osm_id":1533851281,"iso_country":"BG","golf":"bunker"}},{"type":"Feature","id":"way/1533851282","geometry":{"type":"Polygon","coordinates":[[[28.22522,43.41161],[28.2251,43.41148],[28.22526,43.41153],[28.22522,43.41161]]]},"properties":{"osm_type":"way","osm_id":1533851282,"iso_country":"BG","golf":"bunker"}},{"type":"Feature","id":"way/1533851283","geometry":{"type":"Polygon","coordinates":[[[28.22366,43.41067],[28.22359,43.41065],[28.22363,43.41058],[28.2239,43.41057],[28.22392,43.41077],[28.22366,43.41067]]]},"properties":{"osm_type":"way","osm_id":1533851283,"iso_country":"BG","golf":"bunker"}},{"type":"Feature","id":"way/1533851284","geometry":{"type":"Polygon","coordinates":[[[28.22353,43.41084],[28.22338,43.4108],[28.22335,43.41068],[28.22366,43.41073],[28.22366,43.41083],[28.22353,43.41084]]]},"properties":{"osm_type":"way","osm_id":1533851284,"iso_country":"BG","golf":"green"}},{"type":"Feature","id":"way/1533851285","geometry":{"type":"Polygon","coordinates":[[[28.22343,43.4106],[28.22416,43.411],[28.22483,43.41107],[28.22505,43.4112],[28.22659,43.41124],[28.22668,43.41127],[28.22674,43.4115],[28.22583,43.41139],[28.22554,43.4115],[28.2249,43.41128],[28.22411,43.4112],[28.22359,43.41088],[28.22338,43.41084],[28.22332,43.4107],[28.22343,43.4106]]]},"properties":{"osm_type":"way","osm_id":1533851285,"iso_country":"BG","golf":"fairway"}},{"type":"Feature","id":"way/1533851286","geometry":{"type":"Polygon","coordinates":[[[28.2229,43.41101],[28.22294,43.41097],[28.22304,43.41101],[28.22299,43.41105],[28.2229,43.41101]]]},"properties":{"osm_type":"way","osm_id":1533851286,"iso_country":"BG","golf":"tee"}},{"type":"Feature","id":"way/1533851287","geometry":{"type":"Polygon","coordinates":[[[28.22323,43.41124],[28.22324,43.41118],[28.22335,43.41121],[28.22332,43.41126],[28.22323,43.41124]]]},"properties":{"osm_type":"way","osm_id":1533851287,"iso_country":"BG","golf":"tee"}},{"type":"Feature","id":"way/1533851288","geometry":{"type":"Polygon","coordinates":[[[28.22347,43.41151],[28.22348,43.41148],[28.22358,43.4115],[28.22356,43.41155],[28.22347,43.41151]]]},"properties":{"osm_type":"way","osm_id":1533851288,"iso_country":"BG","golf":"tee"}},{"type":"Feature","id":"way/1533851289","geometry":{"type":"Polygon","coordinates":[[[28.2234,43.41143],[28.22341,43.4114],[28.2235,43.41142],[28.22348,43.41146],[28.2234,43.41143]]]},"properties":{"osm_type":"way","osm_id":1533851289,"iso_country":"BG","golf":"tee"}},{"type":"Feature","id":"way/1533851290","geometry":{"type":"Polygon","coordinates":[[[28.22424,43.41171],[28.22474,43.41168],[28.22483,43.41189],[28.22464,43.41194],[28.22448,43.41178],[28.22427,43.41183],[28.22424,43.41171]]]},"properties":{"osm_type":"way","osm_id":1533851290,"iso_country":"BG","golf":"fairway"}},{"type":"Feature","id":"way/1533851291","geometry":{"type":"Polygon","coordinates":[[[28.22442,43.41187],[28.22451,43.41181],[28.22446,43.41192],[28.22442,43.41187]]]},"properties":{"osm_type":"way","osm_id":1533851291,"iso_country":"BG","golf":"bunker"}},{"type":"Feature","id":"way/1533851292","geometry":{"type":"Polygon","coordinates":[[[28.22453,43.41196],[28.2245,43.41196],[28.2245,43.41193],[28.22451,43.41189],[28.22454,43.41188],[28.22455,43.4119],[28.22457,43.41191],[28.22457,43.41192],[28.22454,43.41193],[28.22454,43.41194],[28.22454,43.41195],[28.22453,43.41196]]]},"properties":{"osm_type":"way","osm_id":1533851292,"iso_country":"BG","golf":"bunker"}},{"type":"Feature","id":"way/1533851293","geometry":{"type":"Polygon","coordinates":[[[28.22482,43.41175],[28.22479,43.41174],[28.22478,43.41172],[28.22479,43.4117],[28.22483,43.41168],[28.22487,43.41169],[28.22487,43.41171],[28.22487,43.41172],[28.22483,43.41173],[28.22482,43.41175]]]},"properties":{"osm_type":"way","osm_id":1533851293,"iso_country":"BG","golf":"bunker"}},{"type":"Feature","id":"way/1533851294","geometry":{"type":"Polygon","coordinates":[[[28.22451,43.41174],[28.22475,43.41174],[28.22479,43.41189],[28.22462,43.4119],[28.22451,43.41174]]]},"properties":{"osm_type":"way","osm_id":1533851294,"iso_country":"BG","golf":"green"}},{"type":"Feature","id":"way/1533851295","geometry":{"type":"Polygon","coordinates":[[[28.22373,43.41217],[28.22377,43.41211],[28.22386,43.41215],[28.22383,43.4122],[28.22373,43.41217]]]},"properties":{"osm_type":"way","osm_id":1533851295,"iso_country":"BG","golf":"tee"}},{"type":"Feature","id":"way/1533851296","geometry":{"type":"Polygon","coordinates":[[[28.22341,43.41189],[28.22344,43.41186],[28.22354,43.41191],[28.22351,43.41195],[28.22341,43.41189]]]},"properties":{"osm_type":"way","osm_id":1533851296,"iso_country":"BG","golf":"tee"}},{"type":"Feature","id":"way/1533851297","geometry":{"type":"Polygon","coordinates":[[[28.22314,43.41167],[28.22317,43.41164],[28.22325,43.41168],[28.22322,43.41171],[28.22314,43.41167]]]},"properties":{"osm_type":"way","osm_id":1533851297,"iso_country":"BG","golf":"tee"}},{"type":"Feature","id":"way/1533851298","geometry":{"type":"Polygon","coordinates":[[[28.22283,43.41139],[28.22286,43.41135],[28.22294,43.41138],[28.22291,43.41142],[28.22283,43.41139]]]},"properties":{"osm_type":"way","osm_id":1533851298,"iso_country":"BG","golf":"tee"}},{"type":"Feature","id":"way/1533851299","geometry":{"type":"Polygon","coordinates":[[[28.22252,43.41121],[28.22256,43.41117],[28.22264,43.41121],[28.22261,43.41125],[28.22252,43.41121]]]},"properties":{"osm_type":"way","osm_id":1533851299,"iso_country":"BG","golf":"tee"}},{"type":"Feature","id":"way/1533851300","geometry":{"type":"Polygon","coordinates":[[[28.22208,43.4108],[28.2222,43.41093],[28.22215,43.41101],[28.22184,43.41098],[28.22066,43.41026],[28.22023,43.41011],[28.22013,43.40984],[28.21935,43.40949],[28.2189,43.40948],[28.21881,43.40931],[28.21902,43.40926],[28.21949,43.40935],[28.22054,43.40974],[28.22134,43.41051],[28.22164,43.41052],[28.22208,43.4108]]]},"properties":{"osm_type":"way","osm_id":1533851300,"iso_country":"BG","golf":"fairway"}},{"type":"Feature","id":"way/1533851301","geometry":{"type":"Polygon","coordinates":[[[28.2213,43.41078],[28.22147,43.41089],[28.22142,43.41095],[28.22124,43.41091],[28.2213,43.41078]]]},"properties":{"osm_type":"way","osm_id":1533851301,"iso_country":"BG","golf":"bunker"}},{"type":"Feature","id":"way/1533851302","geometry":{"type":"Polygon","coordinates":[[[28.22138,43.41037],[28.22135,43.41029],[28.22153,43.41031],[28.22171,43.41042],[28.22138,43.41037]]]},"properties":{"osm_type":"way","osm_id":1533851302,"iso_country":"BG","golf":"bunker"}},{"type":"Feature","id":"way/1533851303","geometry":{"type":"Polygon","coordinates":[[[28.21997,43.40946],[28.22019,43.40942],[28.22027,43.40954],[28.21997,43.40946]]]},"properties":{"osm_type":"way","osm_id":1533851303,"iso_country":"BG","golf":"bunker"}},{"type":"Feature","id":"way/1533851304","geometry":{"type":"Polygon","coordinates":[[[28.21883,43.40953],[28.21904,43.40958],[28.21911,43.40951],[28.21925,43.40961],[28.21947,43.4096],[28.21949,43.40968],[28.21901,43.40966],[28.21883,43.40953]]]},"properties":{"osm_type":"way","osm_id":1533851304,"iso_country":"BG","golf":"bunker"}},{"type":"Feature","id":"way/1533851306","geometry":{"type":"Polygon","coordinates":[[[28.21933,43.40941],[28.21902,43.40951],[28.21885,43.40944],[28.21881,43.40931],[28.21914,43.40927],[28.2193,43.40932],[28.21933,43.40941]]]},"properties":{"osm_type":"way","osm_id":1533851306,"iso_country":"BG","golf":"green"}},{"type":"Feature","id":"way/1533851307","geometry":{"type":"Polygon","coordinates":[[[28.21843,43.41024],[28.21849,43.41024],[28.2185,43.41029],[28.21845,43.4103],[28.21843,43.41024]]]},"properties":{"osm_type":"way","osm_id":1533851307,"iso_country":"BG","golf":"tee"}},{"type":"Feature","id":"way/1533851308","geometry":{"type":"Polygon","coordinates":[[[28.21855,43.41052],[28.21863,43.41052],[28.21864,43.41061],[28.21854,43.41061],[28.21855,43.41052]]]},"properties":{"osm_type":"way","osm_id":1533851308,"iso_country":"BG","golf":"tee"}},{"type":"Feature","id":"way/1533851309","geometry":{"type":"Polygon","coordinates":[[[28.21852,43.41083],[28.21859,43.41083],[28.21864,43.41092],[28.21856,43.41094],[28.21852,43.41083]]]},"properties":{"osm_type":"way","osm_id":1533851309,"iso_country":"BG","golf":"tee"}},{"type":"Feature","id":"way/1533851310","geometry":{"type":"Polygon","coordinates":[[[28.21861,43.41123],[28.2187,43.4112],[28.21876,43.4113],[28.21866,43.41133],[28.21861,43.41123]]]},"properties":{"osm_type":"way","osm_id":1533851310,"iso_country":"BG","golf":"tee"}},{"type":"Feature","id":"way/1533851311","geometry":{"type":"Polygon","coordinates":[[[28.21883,43.41165],[28.21914,43.41163],[28.21915,43.41189],[28.21961,43.41228],[28.2198,43.41229],[28.2204,43.4126],[28.221,43.41262],[28.22115,43.41278],[28.22137,43.41276],[28.22137,43.41286],[28.2211,43.41292],[28.22028,43.41262],[28.2197,43.41262],[28.2195,43.41248],[28.21911,43.41239],[28.21882,43.41194],[28.21883,43.41165]]]},"properties":{"osm_type":"way","osm_id":1533851311,"iso_country":"BG","golf":"fairway"}},{"type":"Feature","id":"way/1533851312","geometry":{"type":"Polygon","coordinates":[[[28.21912,43.41253],[28.2193,43.41255],[28.21932,43.41264],[28.21921,43.41268],[28.21912,43.41253]]]},"properties":{"osm_type":"way","osm_id":1533851312,"iso_country":"BG","golf":"bunker"}},{"type":"Feature","id":"way/1533851313","geometry":{"type":"Polygon","coordinates":[[[28.2194,43.41271],[28.21933,43.41257],[28.2195,43.4126],[28.2194,43.41271]]]},"properties":{"osm_type":"way","osm_id":1533851313,"iso_country":"BG","golf":"bunker"}},{"type":"Feature","id":"way/1533851314","geometry":{"type":"Polygon","coordinates":[[[28.22116,43.41267],[28.22128,43.41274],[28.22112,43.41274],[28.22116,43.41267]]]},"properties":{"osm_type":"way","osm_id":1533851314,"iso_country":"BG","golf":"bunker"}},{"type":"Feature","id":"way/1533851315","geometry":{"type":"Polygon","coordinates":[[[28.22098,43.41286],[28.22106,43.41277],[28.22139,43.41282],[28.22117,43.41292],[28.22098,43.41286]]]},"properties":{"osm_type":"way","osm_id":1533851315,"iso_country":"BG","golf":"green"}},{"type":"Feature","id":"way/1533851316","geometry":{"type":"Polygon","coordinates":[[[28.22215,43.41335],[28.22214,43.41331],[28.2222,43.41331],[28.2222,43.41335],[28.22215,43.41335]]]},"properties":{"osm_type":"way","osm_id":1533851316,"iso_country":"BG","golf":"tee"}},{"type":"Feature","id":"way/1533851317","geometry":{"type":"Polygon","coordinates":[[[28.22159,43.41344],[28.22159,43.41338],[28.22174,43.41338],[28.22174,43.41344],[28.22159,43.41344]]]},"properties":{"osm_type":"way","osm_id":1533851317,"iso_country":"BG","golf":"tee"}},{"type":"Feature","id":"way/1533851318","geometry":{"type":"Polygon","coordinates":[[[28.22127,43.41333],[28.22127,43.41329],[28.22138,43.41329],[28.22138,43.41333],[28.22127,43.41333]]]},"properties":{"osm_type":"way","osm_id":1533851318,"iso_country":"BG","golf":"tee"}},{"type":"Feature","id":"way/1533851319","geometry":{"type":"Polygon","coordinates":[[[28.22067,43.41328],[28.22067,43.41321],[28.22074,43.41321],[28.22074,43.41329],[28.22067,43.41328]]]},"properties":{"osm_type":"way","osm_id":1533851319,"iso_country":"BG","golf":"tee"}},{"type":"Feature","id":"way/1533851320","geometry":{"type":"Polygon","coordinates":[[[28.21952,43.41311],[28.21983,43.41319],[28.21971,43.41348],[28.21927,43.41331],[28.21892,43.41355],[28.21685,43.41367],[28.21638,43.41391],[28.2163,43.41419],[28.21609,43.41421],[28.21602,43.41412],[28.21615,43.4138],[28.2166,43.41367],[28.21676,43.41347],[28.21864,43.41336],[28.21897,43.41318],[28.21952,43.41311]]]},"properties":{"osm_type":"way","osm_id":1533851320,"iso_country":"BG","golf":"fairway"}},{"type":"Feature","id":"way/1533851321","geometry":{"type":"Polygon","coordinates":[[[28.21951,43.41355],[28.21947,43.41355],[28.21945,43.41353],[28.21946,43.41349],[28.21952,43.4135],[28.21956,43.4135],[28.21961,43.41352],[28.21961,43.41354],[28.21961,43.41356],[28.21958,43.41357],[28.21955,43.41355],[28.21954,43.41353],[28.21951,43.41355]]]},"properties":{"osm_type":"way","osm_id":1533851321,"iso_country":"BG","golf":"bunker"}},{"type":"Feature","id":"way/1533851322","geometry":{"type":"Polygon","coordinates":[[[28.21876,43.41327],[28.21872,43.41328],[28.21869,43.41325],[28.21869,43.4132],[28.21872,43.4132],[28.21875,43.4132],[28.21875,43.41318],[28.2188,43.41317],[28.21881,43.41319],[28.21881,43.41321],[28.21878,43.41321],[28.21878,43.41325],[28.21878,43.41326],[28.21876,43.41327]]]},"properties":{"osm_type":"way","osm_id":1533851322,"iso_country":"BG","golf":"bunker"}},{"type":"Feature","id":"way/1533851323","geometry":{"type":"Polygon","coordinates":[[[28.21631,43.41354],[28.21641,43.41348],[28.21646,43.4136],[28.21624,43.41364],[28.21621,43.41356],[28.21631,43.41354]]]},"properties":{"osm_type":"way","osm_id":1533851323,"iso_country":"BG","golf":"bunker"}},{"type":"Feature","id":"way/1533851324","geometry":{"type":"Polygon","coordinates":[[[28.21633,43.414],[28.21638,43.414],[28.21641,43.41398],[28.21644,43.414],[28.21644,43.41404],[28.21641,43.41406],[28.21639,43.4141],[28.21636,43.41409],[28.21635,43.41409],[28.21633,43.41405],[28.21631,43.41403],[28.21633,43.414]]]},"properties":{"osm_type":"way","osm_id":1533851324,"iso_country":"BG","golf":"bunker"}},{"type":"Feature","id":"way/1533851325","geometry":{"type":"Polygon","coordinates":[[[28.21617,43.41428],[28.21613,43.41428],[28.2161,43.41428],[28.21608,43.41427],[28.21609,43.41422],[28.21615,43.41423],[28.21619,43.41423],[28.21621,43.41423],[28.21622,43.41426],[28.2162,43.41428],[28.21617,43.41428]]]},"properties":{"osm_type":"way","osm_id":1533851325,"iso_country":"BG","golf":"bunker"}},{"type":"Feature","id":"way/1533851326","geometry":{"type":"Polygon","coordinates":[[[28.21609,43.414],[28.21614,43.41396],[28.21621,43.41397],[28.21627,43.41399],[28.2163,43.41402],[28.21632,43.41406],[28.21632,43.41414],[28.2163,43.41419],[28.21622,43.41422],[28.21609,43.41421],[28.21604,43.41417],[28.21602,43.41412],[28.21605,43.41406],[28.21609,43.414]]]},"properties":{"osm_type":"way","osm_id":1533851326,"iso_country":"BG","golf":"green"}},{"type":"Feature","id":"way/1533851327","geometry":{"type":"Polygon","coordinates":[[[28.21541,43.41418],[28.21551,43.41418],[28.21549,43.41429],[28.21538,43.41429],[28.21541,43.41418]]]},"properties":{"osm_type":"way","osm_id":1533851327,"iso_country":"BG","golf":"tee"}},{"type":"Feature","id":"way/1533851328","geometry":{"type":"Polygon","coordinates":[[[28.21536,43.41384],[28.21537,43.41376],[28.21547,43.41376],[28.21545,43.41385],[28.21536,43.41384]]]},"properties":{"osm_type":"way","osm_id":1533851328,"iso_country":"BG","golf":"tee"}},{"type":"Feature","id":"way/1533851329","geometry":{"type":"Polygon","coordinates":[[[28.21535,43.41357],[28.21535,43.4135],[28.21545,43.4135],[28.21543,43.41357],[28.21535,43.41357]]]},"properties":{"osm_type":"way","osm_id":1533851329,"iso_country":"BG","golf":"tee"}},{"type":"Feature","id":"way/1533851330","geometry":{"type":"Polygon","coordinates":[[[28.21534,43.4132],[28.21534,43.41312],[28.21543,43.41313],[28.21542,43.41321],[28.21534,43.4132]]]},"properties":{"osm_type":"way","osm_id":1533851330,"iso_country":"BG","golf":"tee"}},{"type":"Feature","id":"way/1533851331","geometry":{"type":"Polygon","coordinates":[[[28.21582,43.41272],[28.21571,43.4125],[28.21602,43.41231],[28.21582,43.41211],[28.21583,43.41201],[28.21609,43.41176],[28.21585,43.41141],[28.21601,43.41105],[28.21595,43.41087],[28.21616,43.41045],[28.21644,43.41047],[28.21655,43.41061],[28.21647,43.41091],[28.21618,43.41123],[28.21632,43.41152],[28.21625,43.41194],[28.21636,43.41215],[28.21605,43.41263],[28.21582,43.41272]]]},"properties":{"osm_type":"way","osm_id":1533851331,"iso_country":"BG","golf":"fairway"}},{"type":"Feature","id":"way/1533851332","geometry":{"type":"Polygon","coordinates":[[[28.21566,43.41246],[28.21555,43.41247],[28.21556,43.4124],[28.21596,43.4123],[28.21566,43.41246]]]},"properties":{"osm_type":"way","osm_id":1533851332,"iso_country":"BG","golf":"bunker"}},{"type":"Feature","id":"way/1533851333","geometry":{"type":"Polygon","coordinates":[[[28.21636,43.41143],[28.21632,43.41143],[28.21628,43.41139],[28.21628,43.41132],[28.21626,43.41129],[28.21626,43.41126],[28.21628,43.41121],[28.21633,43.41122],[28.21633,43.41128],[28.21636,43.41133],[28.21637,43.41137],[28.21634,43.41139],[28.21636,43.41141],[28.21636,43.41143]]]},"properties":{"osm_type":"way","osm_id":1533851333,"iso_country":"BG","golf":"bunker"}},{"type":"Feature","id":"way/1533851334","geometry":{"type":"Polygon","coordinates":[[[28.21648,43.41067],[28.2164,43.41069],[28.21631,43.41065],[28.21619,43.41059],[28.21609,43.41052],[28.21616,43.41045],[28.21625,43.41044],[28.21644,43.41047],[28.21654,43.41052],[28.21655,43.41061],[28.21648,43.41067]]]},"properties":{"osm_type":"way","osm_id":1533851334,"iso_country":"BG","golf":"green"}},{"type":"Feature","id":"way/1533851336","geometry":{"type":"Polygon","coordinates":[[[28.21552,43.41049],[28.21561,43.4105],[28.21553,43.41081],[28.21543,43.4108],[28.21552,43.41049]]]},"properties":{"osm_type":"way","osm_id":1533851336,"iso_country":"BG","golf":"tee"}},{"type":"Feature","id":"way/1533851337","geometry":{"type":"Polygon","coordinates":[[[28.21523,43.41104],[28.21537,43.41106],[28.21539,43.411],[28.21523,43.41098],[28.21523,43.41104]]]},"properties":{"osm_type":"way","osm_id":1533851337,"iso_country":"BG","golf":"tee"}},{"type":"Feature","id":"way/1533851338","geometry":{"type":"Polygon","coordinates":[[[28.21518,43.41117],[28.21532,43.41118],[28.21529,43.41126],[28.21516,43.41124],[28.21518,43.41117]]]},"properties":{"osm_type":"way","osm_id":1533851338,"iso_country":"BG","golf":"tee"}},{"type":"Feature","id":"way/1533851339","geometry":{"type":"Polygon","coordinates":[[[28.21503,43.41189],[28.21508,43.41179],[28.2152,43.41179],[28.21509,43.41199],[28.21518,43.4121],[28.21509,43.41228],[28.21493,43.41225],[28.21488,43.41211],[28.21504,43.41199],[28.21503,43.41189]]]},"properties":{"osm_type":"way","osm_id":1533851339,"iso_country":"BG","golf":"fairway"}},{"type":"Feature","id":"way/1533851340","geometry":{"type":"Polygon","coordinates":[[[28.21501,43.41202],[28.2151,43.41203],[28.21514,43.41205],[28.21518,43.4121],[28.21513,43.4122],[28.21509,43.41228],[28.21498,43.41228],[28.21493,43.41225],[28.21492,43.41218],[28.21489,43.41214],[28.21488,43.41211],[28.21494,43.41206],[28.21501,43.41202]]]},"properties":{"osm_type":"way","osm_id":1533851340,"iso_country":"BG","golf":"green"}},{"type":"Feature","id":"way/1533851341","geometry":{"type":"Polygon","coordinates":[[[28.21488,43.41238],[28.21484,43.41237],[28.21485,43.41234],[28.2149,43.41234],[28.21491,43.41232],[28.21495,43.41232],[28.21494,43.41235],[28.21491,43.41236],[28.21488,43.41238]]]},"properties":{"osm_type":"way","osm_id":1533851341,"iso_country":"BG","golf":"bunker"}},{"type":"Feature","id":"way/1533851342","geometry":{"type":"Polygon","coordinates":[[[28.21489,43.41265],[28.21496,43.41263],[28.215,43.41271],[28.21493,43.41273],[28.21489,43.41265]]]},"properties":{"osm_type":"way","osm_id":1533851342,"iso_country":"BG","golf":"tee"}},{"type":"Feature","id":"way/1533851343","geometry":{"type":"Polygon","coordinates":[[[28.2146,43.41291],[28.21467,43.41297],[28.21453,43.41303],[28.21447,43.41296],[28.2146,43.41291]]]},"properties":{"osm_type":"way","osm_id":1533851343,"iso_country":"BG","golf":"tee"}},{"type":"Feature","id":"way/1533851344","geometry":{"type":"Polygon","coordinates":[[[28.21416,43.41312],[28.21426,43.41306],[28.21434,43.41313],[28.21424,43.41318],[28.21416,43.41312]]]},"properties":{"osm_type":"way","osm_id":1533851344,"iso_country":"BG","golf":"tee"}},{"type":"Feature","id":"way/1533851345","geometry":{"type":"Polygon","coordinates":[[[28.2138,43.41326],[28.21387,43.41333],[28.21376,43.41337],[28.21371,43.4133],[28.2138,43.41326]]]},"properties":{"osm_type":"way","osm_id":1533851345,"iso_country":"BG","golf":"tee"}},{"type":"Feature","id":"way/1533851346","geometry":{"type":"Polygon","coordinates":[[[28.2131,43.41323],[28.21329,43.41324],[28.21335,43.41336],[28.21321,43.41344],[28.21285,43.41344],[28.21227,43.41378],[28.21144,43.41366],[28.21093,43.41343],[28.21087,43.41355],[28.21069,43.41346],[28.21066,43.41334],[28.21073,43.41321],[28.21095,43.41323],[28.21122,43.41343],[28.21225,43.41351],[28.21251,43.41331],[28.2131,43.41323]]]},"properties":{"osm_type":"way","osm_id":1533851346,"iso_country":"BG","golf":"fairway"}},{"type":"Feature","id":"way/1533851347","geometry":{"type":"Polygon","coordinates":[[[28.21217,43.41335],[28.21223,43.41327],[28.21227,43.41344],[28.21198,43.41349],[28.21217,43.41335]]]},"properties":{"osm_type":"way","osm_id":1533851347,"iso_country":"BG","golf":"bunker"}},{"type":"Feature","id":"way/1533851348","geometry":{"type":"Polygon","coordinates":[[[28.21127,43.41334],[28.21122,43.41334],[28.21122,43.41329],[28.21126,43.4133],[28.21133,43.41332],[28.21134,43.41336],[28.21138,43.41339],[28.21136,43.41341],[28.2113,43.41342],[28.21126,43.41341],[28.21126,43.41339],[28.21129,43.41336],[28.21127,43.41334]]]},"properties":{"osm_type":"way","osm_id":1533851348,"iso_country":"BG","golf":"bunker"}},{"type":"Feature","id":"way/1533851349","geometry":{"type":"Polygon","coordinates":[[[28.21094,43.4135],[28.2109,43.41347],[28.21094,43.41345],[28.21099,43.41349],[28.21105,43.4135],[28.21108,43.41352],[28.21107,43.41355],[28.21102,43.41356],[28.21097,43.41356],[28.21093,43.41355],[28.21093,43.41352],[28.21094,43.4135]]]},"properties":{"osm_type":"way","osm_id":1533851349,"iso_country":"BG","golf":"bunker"}},{"type":"Feature","id":"way/1534523679","geometry":{"type":"Polygon","coordinates":[[[28.21103,43.41291],[28.21105,43.41298],[28.2109,43.41299],[28.21089,43.41293],[28.21103,43.41291]]]},"properties":{"osm_type":"way","osm_id":1534523679,"iso_country":"BG","golf":"tee"}},{"type":"Feature","id":"way/1534523680","geometry":{"type":"Polygon","coordinates":[[[28.21137,43.41294],[28.21135,43.41288],[28.21152,43.41287],[28.21154,43.41293],[28.21137,43.41294]]]},"properties":{"osm_type":"way","osm_id":1534523680,"iso_country":"BG","golf":"tee"}},{"type":"Feature","id":"way/1534523681","geometry":{"type":"Polygon","coordinates":[[[28.21193,43.41294],[28.21192,43.41287],[28.21201,43.41286],[28.21203,43.41293],[28.21193,43.41294]]]},"properties":{"osm_type":"way","osm_id":1534523681,"iso_country":"BG","golf":"tee"}},{"type":"Feature","id":"way/1534523682","geometry":{"type":"Polygon","coordinates":[[[28.21237,43.41268],[28.21237,43.41251],[28.2128,43.41238],[28.21318,43.41243],[28.21351,43.41215],[28.21408,43.41203],[28.21428,43.41184],[28.21431,43.41151],[28.21444,43.4115],[28.21441,43.41197],[28.21408,43.41225],[28.21385,43.4123],[28.2138,43.4124],[28.21357,43.41235],[28.21312,43.41268],[28.21237,43.41268]]]},"properties":{"osm_type":"way","osm_id":1534523682,"iso_country":"BG","golf":"fairway"}},{"type":"Feature","id":"way/1534523683","geometry":{"type":"Polygon","coordinates":[[[28.2135,43.41261],[28.21341,43.41264],[28.21347,43.41252],[28.21358,43.41254],[28.2135,43.41261]]]},"properties":{"osm_type":"way","osm_id":1534523683,"iso_country":"BG","golf":"bunker"}},{"type":"Feature","id":"way/1534523684","geometry":{"type":"Polygon","coordinates":[[[28.21421,43.41234],[28.21421,43.41237],[28.21415,43.41237],[28.21413,43.41235],[28.21415,43.41231],[28.2142,43.4123],[28.21422,43.41229],[28.21425,43.4123],[28.21426,43.41232],[28.21424,43.41234],[28.21421,43.41234]]]},"properties":{"osm_type":"way","osm_id":1534523684,"iso_country":"BG","golf":"bunker"}},{"type":"Feature","id":"way/1534523685","geometry":{"type":"Polygon","coordinates":[[[28.21432,43.41227],[28.21427,43.41227],[28.21427,43.41223],[28.21428,43.41221],[28.21433,43.4122],[28.21435,43.41221],[28.21436,43.41222],[28.21434,43.41223],[28.21435,43.41225],[28.21434,43.41226],[28.21432,43.41227]]]},"properties":{"osm_type":"way","osm_id":1534523685,"iso_country":"BG","golf":"bunker"}},{"type":"Feature","id":"way/1534523686","geometry":{"type":"Polygon","coordinates":[[[28.21421,43.41181],[28.21415,43.41184],[28.21415,43.41175],[28.21424,43.41171],[28.21421,43.41181]]]},"properties":{"osm_type":"way","osm_id":1534523686,"iso_country":"BG","golf":"bunker"}},{"type":"Feature","id":"way/1534523687","geometry":{"type":"Polygon","coordinates":[[[28.21419,43.41163],[28.21417,43.41162],[28.21418,43.4116],[28.2142,43.41157],[28.21423,43.41156],[28.21425,43.41158],[28.21425,43.41162],[28.21422,43.41164],[28.21419,43.41163]]]},"properties":{"osm_type":"way","osm_id":1534523687,"iso_country":"BG","golf":"bunker"}},{"type":"Feature","id":"way/1534523688","geometry":{"type":"Polygon","coordinates":[[[28.2144,43.41182],[28.21426,43.41179],[28.21433,43.41149],[28.21445,43.41155],[28.2144,43.41182]]]},"properties":{"osm_type":"way","osm_id":1534523688,"iso_country":"BG","golf":"green"}},{"type":"Feature","id":"way/1534523689","geometry":{"type":"Polygon","coordinates":[[[28.21464,43.41093],[28.21461,43.41088],[28.21472,43.41083],[28.21476,43.41088],[28.21464,43.41093]]]},"properties":{"osm_type":"way","osm_id":1534523689,"iso_country":"BG","golf":"tee"}},{"type":"Feature","id":"way/1534523690","geometry":{"type":"Polygon","coordinates":[[[28.21429,43.41089],[28.21434,43.41095],[28.21421,43.411],[28.21417,43.41095],[28.21429,43.41089]]]},"properties":{"osm_type":"way","osm_id":1534523690,"iso_country":"BG","golf":"tee"}},{"type":"Feature","id":"way/1534523691","geometry":{"type":"Polygon","coordinates":[[[28.21384,43.41103],[28.21389,43.41109],[28.21378,43.41114],[28.21374,43.41108],[28.21384,43.41103]]]},"properties":{"osm_type":"way","osm_id":1534523691,"iso_country":"BG","golf":"tee"}},{"type":"Feature","id":"way/1534523692","geometry":{"type":"Polygon","coordinates":[[[28.21292,43.41144],[28.21314,43.41153],[28.21282,43.41185],[28.21238,43.412],[28.21159,43.41207],[28.21141,43.41221],[28.21145,43.41248],[28.21111,43.4125],[28.21138,43.41201],[28.21202,43.41179],[28.21216,43.41162],[28.21271,43.41137],[28.21292,43.41144]]]},"properties":{"osm_type":"way","osm_id":1534523692,"iso_country":"BG","golf":"fairway"}},{"type":"Feature","id":"way/1534523693","geometry":{"type":"Polygon","coordinates":[[[28.2119,43.41182],[28.21182,43.41178],[28.21199,43.41169],[28.2119,43.41182]]]},"properties":{"osm_type":"way","osm_id":1534523693,"iso_country":"BG","golf":"bunker"}},{"type":"Feature","id":"way/1534523694","geometry":{"type":"Polygon","coordinates":[[[28.21124,43.41229],[28.21139,43.41228],[28.21145,43.41248],[28.21111,43.4125],[28.21124,43.41229]]]},"properties":{"osm_type":"way","osm_id":1534523694,"iso_country":"BG","golf":"green"}},{"type":"Feature","id":"way/1534523695","geometry":{"type":"Polygon","coordinates":[[[28.21043,43.41289],[28.21049,43.41288],[28.21052,43.41295],[28.21045,43.41295],[28.21043,43.41289]]]},"properties":{"osm_type":"way","osm_id":1534523695,"iso_country":"BG","golf":"tee"}},{"type":"Feature","id":"way/1534523696","geometry":{"type":"Polygon","coordinates":[[[28.2104,43.4128],[28.2104,43.41274],[28.21047,43.41274],[28.21047,43.4128],[28.2104,43.4128]]]},"properties":{"osm_type":"way","osm_id":1534523696,"iso_country":"BG","golf":"tee"}},{"type":"Feature","id":"way/1534523697","geometry":{"type":"Polygon","coordinates":[[[28.21046,43.41248],[28.21046,43.41241],[28.21055,43.41242],[28.21055,43.41249],[28.21046,43.41248]]]},"properties":{"osm_type":"way","osm_id":1534523697,"iso_country":"BG","golf":"tee"}},{"type":"Feature","id":"way/1534523698","geometry":{"type":"Polygon","coordinates":[[[28.2104,43.41215],[28.2104,43.41208],[28.21049,43.41207],[28.21049,43.41215],[28.2104,43.41215]]]},"properties":{"osm_type":"way","osm_id":1534523698,"iso_country":"BG","golf":"tee"}},{"type":"Feature","id":"way/1534523699","geometry":{"type":"Polygon","coordinates":[[[28.21045,43.41145],[28.21045,43.41139],[28.21054,43.4114],[28.21053,43.41147],[28.21045,43.41145]]]},"properties":{"osm_type":"way","osm_id":1534523699,"iso_country":"BG","golf":"tee"}},{"type":"Feature","id":"way/1534523703","geometry":{"type":"Polygon","coordinates":[[[28.21076,43.41124],[28.21107,43.41123],[28.21111,43.41091],[28.21137,43.41082],[28.21182,43.40969],[28.21154,43.40974],[28.2113,43.41001],[28.21134,43.41032],[28.21091,43.41075],[28.21076,43.41124]]]},"properties":{"osm_type":"way","osm_id":1534523703,"iso_country":"BG","golf":"fairway"}},{"type":"Feature","id":"way/1534523704","geometry":{"type":"Polygon","coordinates":[[[28.21126,43.41105],[28.21117,43.41104],[28.21122,43.41095],[28.21142,43.41091],[28.21157,43.41075],[28.21155,43.41089],[28.21126,43.41105]]]},"properties":{"osm_type":"way","osm_id":1534523704,"iso_country":"BG","golf":"bunker"}},{"type":"Feature","id":"way/1534523705","geometry":{"type":"Polygon","coordinates":[[[28.21196,43.40984],[28.21193,43.40983],[28.21194,43.4098],[28.21194,43.40977],[28.21198,43.40974],[28.21203,43.40974],[28.21204,43.40975],[28.21204,43.40977],[28.21202,43.40978],[28.21202,43.40981],[28.212,43.40984],[28.21196,43.40984]]]},"properties":{"osm_type":"way","osm_id":1534523705,"iso_country":"BG","golf":"bunker"}},{"type":"Feature","id":"way/1534523706","geometry":{"type":"Polygon","coordinates":[[[28.21202,43.40906],[28.21198,43.40911],[28.21187,43.40902],[28.21202,43.40906]]]},"properties":{"osm_type":"way","osm_id":1534523706,"iso_country":"BG","golf":"bunker"}},{"type":"Feature","id":"way/1534523707","geometry":{"type":"Polygon","coordinates":[[[28.21309,43.40916],[28.21322,43.40901],[28.21332,43.40905],[28.21321,43.40918],[28.21309,43.40916]]]},"properties":{"osm_type":"way","osm_id":1534523707,"iso_country":"BG","golf":"bunker"}},{"type":"Feature","id":"way/1534523708","geometry":{"type":"Polygon","coordinates":[[[28.21158,43.40969],[28.21164,43.40951],[28.21186,43.40939],[28.21185,43.4093],[28.2124,43.40897],[28.21277,43.40898],[28.21308,43.40882],[28.21325,43.40888],[28.21299,43.40913],[28.21222,43.40929],[28.21205,43.40947],[28.21201,43.40964],[28.21158,43.40969]]]},"properties":{"osm_type":"way","osm_id":1534523708,"iso_country":"BG","golf":"fairway"}},{"type":"Feature","id":"way/1534523709","geometry":{"type":"Polygon","coordinates":[[[28.21289,43.40913],[28.21285,43.40896],[28.21299,43.40883],[28.21325,43.40888],[28.21319,43.40901],[28.21289,43.40913]]]},"properties":{"osm_type":"way","osm_id":1534523709,"iso_country":"BG","golf":"green"}},{"type":"Feature","id":"way/1534523712","geometry":{"type":"Polygon","coordinates":[[[28.21406,43.40901],[28.21409,43.40885],[28.21419,43.40886],[28.21417,43.40902],[28.21406,43.40901]]]},"properties":{"osm_type":"way","osm_id":1534523712,"iso_country":"BG","golf":"tee"}},{"type":"Feature","id":"way/1534523713","geometry":{"type":"Polygon","coordinates":[[[28.21414,43.40914],[28.21415,43.40905],[28.21422,43.40905],[28.21421,43.40915],[28.21414,43.40914]]]},"properties":{"osm_type":"way","osm_id":1534523713,"iso_country":"BG","golf":"tee"}},{"type":"Feature","id":"way/1534523714","geometry":{"type":"Polygon","coordinates":[[[28.21423,43.40897],[28.21423,43.40889],[28.21431,43.40889],[28.2143,43.40898],[28.21423,43.40897]]]},"properties":{"osm_type":"way","osm_id":1534523714,"iso_country":"BG","golf":"tee"}},{"type":"Feature","id":"way/1534523715","geometry":{"type":"Polygon","coordinates":[[[28.21436,43.40907],[28.21438,43.40889],[28.21446,43.40889],[28.21444,43.40907],[28.21436,43.40907]]]},"properties":{"osm_type":"way","osm_id":1534523715,"iso_country":"BG","golf":"tee"}},{"type":"Feature","id":"way/1534523716","geometry":{"type":"Polygon","coordinates":[[[28.2145,43.40932],[28.2145,43.40928],[28.21461,43.40928],[28.21461,43.40932],[28.2145,43.40932]]]},"properties":{"osm_type":"way","osm_id":1534523716,"iso_country":"BG","golf":"tee"}},{"type":"Feature","id":"way/1534523717","geometry":{"type":"Polygon","coordinates":[[[28.21464,43.4094],[28.21464,43.40936],[28.21472,43.40936],[28.21471,43.4094],[28.21464,43.4094]]]},"properties":{"osm_type":"way","osm_id":1534523717,"iso_country":"BG","golf":"tee"}},{"type":"Feature","id":"way/1534523718","geometry":{"type":"Polygon","coordinates":[[[28.2155,43.40952],[28.2155,43.40946],[28.21565,43.40945],[28.21565,43.40952],[28.2155,43.40952]]]},"properties":{"osm_type":"way","osm_id":1534523718,"iso_country":"BG","golf":"tee"}},{"type":"Feature","id":"way/1534523719","geometry":{"type":"Polygon","coordinates":[[[28.21636,43.40949],[28.21621,43.40942],[28.21662,43.4092],[28.21687,43.40913],[28.217,43.40921],[28.21693,43.40933],[28.21636,43.40949]]]},"properties":{"osm_type":"way","osm_id":1534523719,"iso_country":"BG","golf":"green"}},{"type":"Feature","id":"way/1534523720","geometry":{"type":"Polygon","coordinates":[[[28.21669,43.40935],[28.21661,43.40934],[28.21657,43.40931],[28.21655,43.40926],[28.21662,43.4092],[28.21668,43.40917],[28.21675,43.40915],[28.21687,43.40913],[28.21696,43.40914],[28.217,43.40921],[28.21701,43.40928],[28.21693,43.40933],[28.21681,43.40934],[28.21669,43.40935]]]},"properties":{"osm_type":"way","osm_id":1534523720,"iso_country":"BG","golf":"green"}},{"type":"Feature","id":"way/1534523721","geometry":{"type":"Polygon","coordinates":[[[28.21639,43.40921],[28.21632,43.40921],[28.21634,43.40913],[28.21674,43.4091],[28.21639,43.40921]]]},"properties":{"osm_type":"way","osm_id":1534523721,"iso_country":"BG","golf":"bunker"}},{"type":"Feature","id":"way/1534533272","geometry":{"type":"LineString","coordinates":[[28.219,43.40989],[28.2199,43.41085],[28.2205,43.41112],[28.22137,43.41155],[28.22236,43.41211],[28.22326,43.41271]]},"properties":{"osm_type":"way","osm_id":1534533272,"iso_country":"BG","golf":"hole"}},{"type":"Feature","id":"way/1534533273","geometry":{"type":"LineString","coordinates":[[28.22292,43.41299],[28.22484,43.41344],[28.22551,43.41346],[28.22633,43.41343],[28.22766,43.41327]]},"properties":{"osm_type":"way","osm_id":1534533273,"iso_country":"BG","golf":"hole"}},{"type":"Feature","id":"way/1534533274","geometry":{"type":"LineString","coordinates":[[28.22794,43.41362],[28.22932,43.41305],[28.22974,43.41246],[28.2305,43.41189],[28.23079,43.41136]]},"properties":{"osm_type":"way","osm_id":1534533274,"iso_country":"BG","golf":"hole"}},{"type":"Feature","id":"way/1534533275","geometry":{"type":"LineString","coordinates":[[28.23031,43.41111],[28.22992,43.41163],[28.22939,43.41198],[28.2284,43.41245],[28.22808,43.4126],[28.22772,43.41268],[28.2271,43.41272],[28.2264,43.41268],[28.22571,43.41254]]},"properties":{"osm_type":"way","osm_id":1534533275,"iso_country":"BG","golf":"hole"}},{"type":"Feature","id":"way/1534533276","geometry":{"type":"LineString","coordinates":[[28.22599,43.41312],[28.22559,43.41296],[28.22534,43.41299],[28.22516,43.41288],[28.22455,43.41255],[28.22453,43.41234]]},"properties":{"osm_type":"way","osm_id":1534533276,"iso_country":"BG","golf":"hole"}},{"type":"Feature","id":"way/1534533277","geometry":{"type":"LineString","coordinates":[[28.22491,43.41219],[28.22543,43.41203],[28.22575,43.41194],[28.22629,43.41185],[28.22717,43.4119],[28.2278,43.41181],[28.22823,43.41173],[28.22858,43.4115],[28.22925,43.41122]]},"properties":{"osm_type":"way","osm_id":1534533277,"iso_country":"BG","golf":"hole"}},{"type":"Feature","id":"way/1534533278","geometry":{"type":"LineString","coordinates":[[28.22869,43.41096],[28.22818,43.4111],[28.22779,43.41114],[28.2273,43.41123],[28.22653,43.41136],[28.226,43.41134],[28.22545,43.41132],[28.2249,43.41122],[28.22438,43.41112],[28.2239,43.41096],[28.22351,43.41075]]},"properties":{"osm_type":"way","osm_id":1534533278,"iso_country":"BG","golf":"hole"}},{"type":"Feature","id":"way/1534533279","geometry":{"type":"LineString","coordinates":[[28.2229,43.41101],[28.22364,43.41156],[28.2243,43.41177],[28.22466,43.41181]]},"properties":{"osm_type":"way","osm_id":1534533279,"iso_country":"BG","golf":"hole"}},{"type":"Feature","id":"way/1534533280","geometry":{"type":"LineString","coordinates":[[28.22383,43.4122],[28.22246,43.41113],[28.22196,43.41089],[28.22119,43.41049],[28.22074,43.41016],[28.22022,43.40981],[28.21976,43.40957],[28.21947,43.40946],[28.21906,43.40939]]},"properties":{"osm_type":"way","osm_id":1534533280,"iso_country":"BG","golf":"hole"}},{"type":"Feature","id":"way/1534533281","geometry":{"type":"LineString","coordinates":[[28.21849,43.41024],[28.21876,43.41141],[28.219,43.41188],[28.21933,43.4123],[28.21988,43.41252],[28.22065,43.4127],[28.22119,43.41286]]},"properties":{"osm_type":"way","osm_id":1534533281,"iso_country":"BG","golf":"hole"}},{"type":"Feature","id":"way/1534533282","geometry":{"type":"LineString","coordinates":[[28.2222,43.41335],[28.22117,43.41331],[28.22027,43.41323],[28.21944,43.41324],[28.21869,43.41341],[28.21805,43.41351],[28.21713,43.41355],[28.21668,43.4137],[28.21629,43.41386],[28.21618,43.41409]]},"properties":{"osm_type":"way","osm_id":1534533282,"iso_country":"BG","golf":"hole"}},{"type":"Feature","id":"way/1534533283","geometry":{"type":"LineString","coordinates":[[28.21549,43.41429],[28.21542,43.41321],[28.21587,43.41261],[28.21612,43.41216],[28.21615,43.41177],[28.21608,43.41143],[28.21611,43.41109],[28.21621,43.41083],[28.21632,43.41058]]},"properties":{"osm_type":"way","osm_id":1534533283,"iso_country":"BG","golf":"hole"}},{"type":"Feature","id":"way/1534533284","geometry":{"type":"LineString","coordinates":[[28.21539,43.411],[28.21512,43.41183],[28.21503,43.41217]]},"properties":{"osm_type":"way","osm_id":1534533284,"iso_country":"BG","golf":"hole"}},{"type":"Feature","id":"way/1534533285","geometry":{"type":"LineString","coordinates":[[28.215,43.41271],[28.2141,43.41319],[28.21314,43.41335],[28.21229,43.4136],[28.21155,43.41355],[28.21106,43.41342],[28.21081,43.41335]]},"properties":{"osm_type":"way","osm_id":1534533285,"iso_country":"BG","golf":"hole"}},{"type":"Feature","id":"way/1534533286","geometry":{"type":"LineString","coordinates":[[28.2109,43.41299],[28.21208,43.41288],[28.21275,43.41259],[28.21341,43.41236],[28.21405,43.41213],[28.21437,43.41172]]},"properties":{"osm_type":"way","osm_id":1534533286,"iso_country":"BG","golf":"hole"}},{"type":"Feature","id":"way/1534533287","geometry":{"type":"LineString","coordinates":[[28.21476,43.41088],[28.21426,43.41095],[28.21382,43.41109],[28.21273,43.41164],[28.2119,43.41194],[28.21144,43.41207],[28.21129,43.4124]]},"properties":{"osm_type":"way","osm_id":1534533287,"iso_country":"BG","golf":"hole"}},{"type":"Feature","id":"way/1534533288","geometry":{"type":"LineString","coordinates":[[28.21052,43.41295],[28.21044,43.41202],[28.21053,43.41147],[28.2109,43.41114],[28.21119,43.41066],[28.2115,43.41007],[28.21185,43.4095],[28.21216,43.40923],[28.2125,43.4091],[28.21299,43.409]]},"properties":{"osm_type":"way","osm_id":1534533288,"iso_country":"BG","golf":"hole"}},{"type":"Feature","id":"way/1534533289","geometry":{"type":"LineString","coordinates":[[28.21421,43.40915],[28.21477,43.40939],[28.21572,43.40949],[28.21636,43.40943],[28.21676,43.40924]]},"properties":{"osm_type":"way","osm_id":1534533289,"iso_country":"BG","golf":"hole"}},{"type":"Feature","id":"way/1534816437","geometry":{"type":"LineString","coordinates":[[28.2038,43.41076],[28.2033,43.41134],[28.20267,43.41197],[28.20231,43.41259],[28.20172,43.41357]]},"properties":{"osm_type":"way","osm_id":1534816437,"iso_country":"BG","golf":"hole"}},{"type":"Feature","id":"way/1534816438","geometry":{"type":"LineString","coordinates":[[28.20098,43.41414],[28.20122,43.41425],[28.20195,43.41426],[28.2033,43.41428],[28.20451,43.41435],[28.20501,43.41419],[28.2054,43.4144]]},"properties":{"osm_type":"way","osm_id":1534816438,"iso_country":"BG","golf":"hole"}},{"type":"Feature","id":"way/1534816439","geometry":{"type":"LineString","coordinates":[[28.2068,43.41509],[28.20557,43.41485],[28.20452,43.41491],[28.20321,43.41486],[28.20205,43.41479],[28.20153,43.41489],[28.20095,43.41477]]},"properties":{"osm_type":"way","osm_id":1534816439,"iso_country":"BG","golf":"hole"}},{"type":"Feature","id":"way/1534816440","geometry":{"type":"LineString","coordinates":[[28.2011,43.41548],[28.20015,43.4153],[28.19928,43.41492],[28.19861,43.41463],[28.19847,43.4143],[28.19831,43.41404],[28.19798,43.41387]]},"properties":{"osm_type":"way","osm_id":1534816440,"iso_country":"BG","golf":"hole"}},{"type":"Feature","id":"way/1534816441","geometry":{"type":"LineString","coordinates":[[28.19667,43.41443],[28.19676,43.41401],[28.19679,43.41378],[28.19715,43.41371],[28.19745,43.41251],[28.19757,43.41141],[28.19763,43.41088],[28.19797,43.41045],[28.19826,43.4102]]},"properties":{"osm_type":"way","osm_id":1534816441,"iso_country":"BG","golf":"hole"}},{"type":"Feature","id":"way/1534816442","geometry":{"type":"LineString","coordinates":[[28.1968,43.41075],[28.19716,43.41017],[28.19743,43.40989],[28.1975,43.40909]]},"properties":{"osm_type":"way","osm_id":1534816442,"iso_country":"BG","golf":"hole"}},{"type":"Feature","id":"way/1534816443","geometry":{"type":"LineString","coordinates":[[28.19729,43.40869],[28.19841,43.40866],[28.19888,43.40819],[28.19933,43.40738],[28.19999,43.40657],[28.20021,43.40637],[28.20067,43.4064]]},"properties":{"osm_type":"way","osm_id":1534816443,"iso_country":"BG","golf":"hole"}},{"type":"Feature","id":"way/1534816444","geometry":{"type":"LineString","coordinates":[[28.20087,43.40696],[28.20126,43.40688],[28.20148,43.40673],[28.20251,43.40664]]},"properties":{"osm_type":"way","osm_id":1534816444,"iso_country":"BG","golf":"hole"}},{"type":"Feature","id":"way/1534816445","geometry":{"type":"LineString","coordinates":[[28.20381,43.40714],[28.20447,43.40795],[28.20514,43.40875],[28.20588,43.40979],[28.20612,43.41022]]},"properties":{"osm_type":"way","osm_id":1534816445,"iso_country":"BG","golf":"hole"}},{"type":"Feature","id":"way/1534816446","geometry":{"type":"LineString","coordinates":[[28.20607,43.41088],[28.20601,43.41145],[28.20572,43.41246],[28.20546,43.41295],[28.20589,43.41335],[28.20624,43.41367],[28.20617,43.41426]]},"properties":{"osm_type":"way","osm_id":1534816446,"iso_country":"BG","golf":"hole"}},{"type":"Feature","id":"way/1534816447","geometry":{"type":"LineString","coordinates":[[28.20634,43.41473],[28.20719,43.41466],[28.20874,43.41456]]},"properties":{"osm_type":"way","osm_id":1534816447,"iso_country":"BG","golf":"hole"}},{"type":"Feature","id":"way/1534816448","geometry":{"type":"LineString","coordinates":[[28.2098,43.41494],[28.20918,43.41324],[28.20893,43.41241],[28.20901,43.41173],[28.20911,43.41126],[28.20844,43.41067]]},"properties":{"osm_type":"way","osm_id":1534816448,"iso_country":"BG","golf":"hole"}},{"type":"Feature","id":"way/1534816449","geometry":{"type":"LineString","coordinates":[[28.20726,43.41051],[28.20692,43.40988],[28.20632,43.40922],[28.20595,43.40862],[28.20594,43.40798]]},"properties":{"osm_type":"way","osm_id":1534816449,"iso_country":"BG","golf":"hole"}},{"type":"Feature","id":"way/1534816450","geometry":{"type":"LineString","coordinates":[[28.20692,43.40764],[28.20611,43.40732],[28.20471,43.40719]]},"properties":{"osm_type":"way","osm_id":1534816450,"iso_country":"BG","golf":"hole"}},{"type":"Feature","id":"way/1534816451","geometry":{"type":"LineString","coordinates":[[28.20372,43.40699],[28.20296,43.40751],[28.2017,43.40831],[28.20115,43.40886],[28.20064,43.40951]]},"properties":{"osm_type":"way","osm_id":1534816451,"iso_country":"BG","golf":"hole"}},{"type":"Feature","id":"way/1534816452","geometry":{"type":"LineString","coordinates":[[28.20003,43.4099],[28.19922,43.41069],[28.19873,43.41143],[28.1986,43.41241],[28.19874,43.41335],[28.19938,43.41381]]},"properties":{"osm_type":"way","osm_id":1534816452,"iso_country":"BG","golf":"hole"}},{"type":"Feature","id":"way/1534816453","geometry":{"type":"LineString","coordinates":[[28.20026,43.41434],[28.20031,43.41398],[28.20042,43.41337],[28.20015,43.41302]]},"properties":{"osm_type":"way","osm_id":1534816453,"iso_country":"BG","golf":"hole"}},{"type":"Feature","id":"way/1534816454","geometry":{"type":"LineString","coordinates":[[28.20088,43.41313],[28.20138,43.41218],[28.20209,43.41146],[28.20248,43.41092],[28.20347,43.41042],[28.2037,43.40997]]},"properties":{"osm_type":"way","osm_id":1534816454,"iso_country":"BG","golf":"hole"}},{"type":"Feature","id":"way/1534816455","geometry":{"type":"Polygon","coordinates":[[[28.20379,43.41004],[28.20362,43.41006],[28.20357,43.40998],[28.20381,43.40989],[28.20391,43.40999],[28.20379,43.41004]]]},"properties":{"osm_type":"way","osm_id":1534816455,"iso_country":"BG","golf":"green"}},{"type":"Feature","id":"way/1535172835","geometry":{"type":"Polygon","coordinates":[[[28.21694,43.41026],[28.21783,43.41021],[28.21784,43.41048],[28.2181,43.41063],[28.2181,43.41132],[28.21823,43.41201],[28.21807,43.41247],[28.21801,43.41305],[28.21695,43.41304],[28.21699,43.41293],[28.21659,43.41269],[28.21686,43.41236],[28.21691,43.41207],[28.21685,43.41168],[28.21701,43.41102],[28.21694,43.41026]]]},"properties":{"osm_type":"way","osm_id":1535172835,"iso_country":"BG","golf":"driving_range"}},{"type":"Feature","id":"way/1535172836","geometry":{"type":"Polygon","coordinates":[[[28.21805,43.41049],[28.21797,43.41028],[28.21812,43.41023],[28.21821,43.41044],[28.21805,43.41049]]]},"properties":{"osm_type":"way","osm_id":1535172836,"iso_country":"BG","golf":"green"}}]}